index,sub
11,6
12,5
13,10
21,6
22,5
23,10
31,8
32,9
33,11
41,8
42,9
43,11
421,41
422,42
423,43
431,41
432,42
433,43
571,85
572,519
573,84
1031,255
1032,505
1033,254
1081,259
1082,486
1083,258
1101,270
1102,512
1103,269
1231,304
1232,303
1233,302
1291,308
1292,499
1293,307
1471,194
1472,485
1473,446
1541,92
1542,475
1543,91
1701,249
1702,497
1703,248
2251,542
2252,434
2253,433
2391,361
2392,440
2393,360
2401,152
2402,563
2403,465
2431,334
2432,335
2433,333
2441,239
2442,470
2443,238
2491,62
2492,472
2493,531
2501,62
2502,472
2503,531
2531,120
2532,568
2533,322
2541,120
2542,568
2543,322
2551,136
2552,473
2553,474
2561,93
2562,94
2563,95
2571,93
2572,94
2573,95
2581,148
2582,554
2583,521
2591,148
2592,554
2593,521
2601,311
2602,309
2603,310
2651,478
2652,479
2653,480
2681,201
2682,199
2683,200
2761,378
2762,376
2763,377
2771,378
2772,376
2773,377
2781,268
2782,266
2783,267
2791,268
2792,266
2793,267
2811,75
2812,502
2813,74
2851,131
2852,130
2853,129
2861,273
2862,271
2863,272
2871,330
2872,506
2873,329
2881,506
2882,508
2883,329
2901,159
2902,157
2903,158
2911,214
2912,212
2913,213
2921,214
2922,212
2923,213
2931,135
2932,55
2933,134
2941,135
2942,55
2943,134
2951,192
2952,49
2953,193
2961,513
2962,516
2963,515
3001,315
3002,313
3003,314
3011,315
3012,313
3013,314
3021,180
3022,181
3023,182
3031,180
3032,181
3033,182
3041,57
3042,189
3043,190
3051,57
3052,189
3053,190
3061,399
3062,397
3063,398
3071,399
3072,397
3073,398
3091,510
3092,553
3093,518
3101,56
3102,230
3103,231
3111,56
3112,230
3113,231
3121,403
3122,402
3123,404
3131,403
3132,402
3133,404
3141,176
3142,174
3143,175
3151,176
3152,174
3153,175
3161,403
3162,402
3163,404
3171,127
3172,125
3173,126
3181,127
3182,125
3183,126
3191,144
3192,142
3193,143
3201,144
3202,142
3203,143
3211,88
3212,53
3213,87
3221,88
3222,53
3223,87
3241,460
3242,458
3243,459
3251,211
3252,209
3253,210
3261,211
3262,209
3263,210
3271,217
3272,218
3273,219
3281,113
3282,509
3283,112
3291,407
3292,405
3293,406
3301,407
3302,405
3303,406
3311,407
3312,405
3313,406
3331,276
3332,277
3333,275
3341,229
3342,503
3343,228
3351,441
3352,564
3353,522
3361,369
3362,367
3363,368
3371,369
3372,367
3373,368
3381,273
3382,271
3383,272
3391,426
3392,424
3393,425
3401,426
3402,424
3403,425
3411,428
3412,429
3413,430
3421,428
3422,429
3423,430
3431,428
3432,429
3433,430
3441,417
3442,418
3443,419
3451,417
3452,418
3453,419
3461,417
3462,418
3463,419
3531,536
3532,534
3533,535
3551,217
3552,218
3553,219
3561,192
3562,49
3563,193
3621,550
3622,548
3623,549
3631,550
3632,548
3633,549
3641,550
3642,548
3643,549
3651,214
3652,212
3653,213
3711,559
3712,560
3713,561
3721,559
3722,560
3723,561
3791,133
3792,572
3793,132
3801,191
3802,590
3803,591
3811,250
3812,582
3813,583
3821,250
3822,582
3823,583
3831,47
3832,576
3833,577
3841,47
3842,576
3843,577
3851,121
3852,581
3853,585
3861,105
3862,580
3863,586
3871,105
3872,580
3873,586
3881,108
3882,592
3883,596
3891,108
3892,592
3893,596
3901,60
3902,594
3903,593
3911,285
3912,584
3913,589
3921,285
3922,584
3923,589
3931,388
3932,597
3933,598
3941,388
3942,597
3943,598
3951,301
3952,601
3953,602
3961,301
3962,601
3963,602
3971,295
3972,587
3973,588
3981,295
3982,587
3983,588
3991,281
3992,605
3993,606
4001,281
4002,605
4003,606
4011,216
4012,603
4013,607
4021,216
4022,603
4023,607
4031,61
4032,604
4033,869
4041,61
4042,604
4043,869
4051,149
4052,608
4053,609
4061,149
4062,608
4063,609
4071,224
4072,612
4073,613
4081,86
4082,610
4083,611
4091,86
4092,610
4093,611
4101,390
4102,616
4103,617
4111,390
4112,616
4113,617
4121,225
4122,618
4123,619
4131,225
4132,618
4133,619
4141,290
4142,625
4143,623
4151,461
4152,620
4153,621
4161,461
4162,620
4163,621
4171,46
4172,622
4173,624
4181,46
4182,622
4183,624
4191,391
4192,627
4193,626
4201,391
4202,627
4203,626
4211,156
4212,628
4213,629
4221,156
4222,628
4223,629
4231,305
4232,632
4233,633
4241,305
4242,632
4243,633
4251,170
4252,630
4253,631
4261,170
4262,630
4263,631
4271,451
4272,636
4273,637
4281,451
4282,636
4283,637
4291,155
4292,595
4293,638
4301,389
4302,640
4303,639
4311,389
4312,640
4313,639
4321,52
4322,634
4323,635
4331,52
4332,634
4333,635
4341,106
4342,642
4343,641
4351,106
4352,642
4353,641
4361,166
4362,643
4363,644
4371,166
4372,643
4373,644
4381,154
4382,579
4383,578
4391,154
4392,579
4393,578
4401,372
4402,645
4403,647
4411,372
4412,645
4413,647
4421,537
4422,646
4423,648
4431,537
4432,646
4433,648
4441,293
4442,649
4443,650
4451,293
4452,649
4453,650
4461,235
4462,652
4463,651
4471,235
4472,652
4473,651
4481,445
4482,656
4483,658
4491,445
4492,656
4493,658
4501,179
4502,655
4503,657
4511,179
4512,655
4513,657
4521,226
4522,653
4523,654
4531,226
4532,653
4533,654
4541,167
4542,660
4543,659
4551,167
4552,660
4553,659
4561,177
4562,661
4563,663
4571,177
4572,661
4573,663
4581,83
4582,662
4583,664
4591,83
4592,662
4593,664
4601,203
4602,665
4603,666
4611,203
4612,665
4613,666
4621,385
4622,667
4623,668
4631,385
4632,667
4633,668
4641,251
4642,670
4643,669
4651,251
4652,670
4653,669
4661,251
4662,670
4663,669
4671,178
4672,614
4673,615
4681,178
4682,614
4683,615
4691,462
4692,671
4693,2206
4701,462
4702,671
4703,2206
4711,286
4712,674
4713,673
4721,286
4722,674
4723,673
4731,287
4732,675
4733,678
4741,287
4742,675
4743,678
4751,262
4752,676
4753,677
4761,262
4762,676
4763,677
4771,128
4772,680
4773,679
4781,240
4782,683
4783,684
4791,240
4792,683
4793,684
4801,241
4802,685
4803,686
4811,462
4812,671
4813,2206
4821,48
4822,691
4823,692
4831,48
4832,691
4833,692
4841,454
4842,689
4843,690
4851,454
4852,689
4853,690
4921,222
4922,694
4923,695
4931,222
4932,694
4933,695
4941,58
4942,696
4943,697
4951,58
4952,696
4953,697
4961,455
4962,698
4963,2357
4971,296
4972,701
4973,700
4981,296
4982,701
4983,700
4991,375
4992,702
4993,703
5001,375
5002,702
5003,703
5031,186
5032,704
5033,705
5041,186
5042,704
5043,705
5051,383
5052,707
5053,708
5061,383
5062,707
5063,708
5091,67
5092,711
5093,710
5101,202
5102,715
5103,714
5111,202
5112,715
5113,714
5121,64
5122,713
5123,712
5131,64
5132,713
5133,712
5141,169
5142,717
5143,716
5151,169
5152,717
5153,716
5161,386
5162,719
5163,718
5171,386
5172,719
5173,718
5181,77
5182,720
5183,721
5191,77
5192,720
5193,721
5221,380
5222,725
5223,726
5231,215
5232,727
5233,728
5241,463
5242,730
5243,729
5251,463
5252,730
5253,729
5261,379
5262,731
5263,732
5271,379
5272,731
5273,732
5281,394
5282,733
5283,734
5291,101
5292,736
5293,735
5301,101
5302,736
5303,735
5311,140
5312,723
5313,724
5321,140
5322,723
5323,724
5331,147
5332,737
5333,738
5341,147
5342,737
5343,738
5351,197
5352,739
5353,740
5361,197
5362,739
5363,740
5371,45
5372,741
5373,742
5381,45
5382,741
5383,742
5391,261
5392,1495
5393,743
5401,261
5402,1495
5403,743
5411,261
5412,1495
5413,743
5421,261
5422,1495
5423,743
5491,73
5492,681
5493,682
5501,54
5502,687
5503,688
5511,89
5512,747
5513,748
5521,89
5522,747
5523,748
5531,89
5532,747
5533,748
5541,447
5542,749
5543,750
5551,447
5552,749
5553,750
5561,204
5562,745
5563,746
5571,204
5572,745
5573,746
5591,260
5592,753
5593,754
5601,260
5602,753
5603,754
5611,82
5612,755
5613,756
5621,82
5622,755
5623,756
5631,298
5632,752
5633,757
5641,298
5642,752
5643,757
5651,265
5652,758
5653,759
5661,265
5662,758
5663,759
5671,443
5672,575
5673,574
5681,443
5682,575
5683,574
5691,119
5692,760
5693,761
5701,119
5702,760
5703,761
5711,184
5712,763
5713,764
5721,184
5722,763
5723,764
5731,392
5732,765
5733,766
5741,392
5742,765
5743,766
5751,137
5752,770
5753,771
5761,185
5762,772
5763,773
5771,97
5772,776
5773,777
5781,44
5782,778
5783,779
5791,44
5792,778
5793,779
5801,79
5802,780
5803,781
5811,79
5812,780
5813,781
5821,297
5822,782
5823,783
5831,297
5832,782
5833,783
5841,299
5842,784
5843,785
5851,253
5852,786
5853,787
5861,173
5862,788
5863,789
5871,173
5872,788
5873,789
5881,252
5882,790
5883,791
5891,252
5892,790
5893,791
5901,384
5902,774
5903,775
5911,384
5912,774
5913,775
5921,198
5922,792
5923,793
5931,198
5932,792
5933,793
5941,76
5942,794
5943,797
5951,76
5952,794
5953,797
5961,247
5962,795
5963,796
5971,247
5972,795
5973,796
5981,263
5982,798
5983,799
5991,263
5992,798
5993,799
6001,232
6002,1494
6003,802
6011,232
6012,1494
6013,802
6021,294
6022,800
6023,801
6031,294
6032,800
6033,801
6041,141
6042,803
6043,804
6051,221
6052,889
6053,806
6061,221
6062,889
6063,806
6071,365
6072,807
6073,808
6081,365
6082,807
6083,808
6121,111
6122,812
6123,811
6131,365
6132,807
6133,808
6141,511
6142,768
6143,813
6151,511
6152,768
6153,813
6161,511
6162,768
6163,813
6171,511
6172,768
6173,813
6181,59
6182,814
6183,815
6191,274
6192,767
6193,816
6201,274
6202,767
6203,816
6231,63
6232,818
6233,819
6241,63
6242,818
6243,819
6271,207
6272,820
6273,821
6281,208
6282,823
6283,824
6291,208
6292,823
6293,824
6301,393
6302,825
6303,826
6311,393
6312,825
6313,826
6341,280
6342,762
6343,828
6351,396
6352,830
6353,829
6361,396
6362,830
6363,829
6371,395
6372,599
6373,600
6381,395
6382,599
6383,600
6391,400
6392,831
6393,832
6401,400
6402,831
6403,832
6411,68
6412,833
6413,834
6471,370
6472,835
6473,836
6481,370
6482,835
6483,836
6491,370
6492,835
6493,836
6501,423
6502,837
6503,838
6511,423
6512,837
6513,838
6521,366
6522,839
6523,840
6531,366
6532,839
6533,840
6541,371
6542,841
6543,842
6551,371
6552,841
6553,842
6561,371
6562,841
6563,842
6571,241
6572,685
6573,686
6581,427
6582,845
6583,846
6591,427
6592,845
6593,2359
6601,432
6602,849
6603,850
6611,432
6612,849
6613,850
6621,414
6622,847
6623,848
6631,414
6632,847
6633,848
6641,60
6642,594
6643,593
6651,415
6652,851
6653,852
6661,415
6662,851
6663,852
6671,421
6672,843
6673,844
6681,421
6682,843
6683,844
6691,422
6692,853
6693,854
6701,412
6702,856
6703,855
6711,412
6712,856
6713,855
6721,412
6722,856
6723,855
6741,422
6742,853
6743,854
6751,411
6752,857
6753,858
6761,97
6762,776
6763,777
6771,215
6772,727
6773,728
6781,413
6782,859
6783,860
6791,413
6792,859
6793,860
6801,525
6802,861
6803,862
6811,525
6812,861
6813,862
6821,290
6822,625
6823,623
6831,427
6832,845
6833,2359
6841,73
6842,681
6843,682
6851,416
6852,863
6853,864
6861,416
6862,863
6863,864
6871,410
6872,865
6873,866
6881,410
6882,865
6883,866
6891,410
6892,865
6893,866
6901,68
6902,833
6903,834
6911,420
6912,867
6913,868
6921,420
6922,867
6923,868
6931,111
6932,812
6933,811
6941,284
6942,769
6943,870
6951,284
6952,769
6953,870
6961,253
6962,786
6963,787
6971,128
6972,680
6973,679
6981,77
6982,720
6983,721
6991,532
6992,871
6993,872
7001,532
7002,871
7003,872
7011,533
7012,873
7013,874
7021,533
7022,873
7023,874
7031,280
7032,762
7033,828
7041,538
7042,875
7043,876
7051,538
7052,875
7053,876
7061,539
7062,878
7063,877
7071,539
7072,878
7073,877
7081,540
7082,879
7083,880
7091,540
7092,879
7093,880
7101,546
7102,882
7103,881
7111,546
7112,882
7113,881
7121,541
7122,883
7123,884
7131,541
7132,883
7133,884
7141,552
7142,885
7143,886
7151,552
7152,885
7153,886
7161,547
7162,887
7163,888
7171,547
7172,887
7173,888
7181,890
7182,891
7183,892
7191,890
7192,891
7193,892
7201,893
7202,894
7203,895
7211,532
7212,871
7213,872
7231,897
7232,898
7233,1339
7241,897
7242,898
7243,1339
7251,897
7252,898
7253,1339
7261,897
7262,898
7263,1339
7271,899
7272,900
7273,901
7281,229
7282,503
7283,228
7291,904
7292,902
7293,903
7301,904
7302,902
7303,903
7311,904
7312,902
7313,903
7341,899
7342,900
7343,901
7351,899
7352,900
7353,901
7361,906
7362,908
7363,907
7371,906
7372,908
7373,907
7381,909
7382,910
7383,911
7391,909
7392,910
7393,911
7401,912
7402,913
7403,914
7411,912
7412,913
7413,914
7431,917
7432,918
7433,919
7441,917
7442,918
7443,919
7451,920
7452,921
7453,922
7461,920
7462,921
7463,922
7491,926
7492,925
7493,927
7501,926
7502,925
7503,927
7511,926
7512,925
7513,927
7521,224
7522,612
7523,613
7531,54
7532,687
7533,688
7541,78
7542,929
7543,928
7551,78
7552,929
7553,928
7561,299
7562,784
7563,785
7591,121
7592,581
7593,585
7601,932
7602,933
7603,934
7611,932
7612,933
7613,934
7621,935
7622,936
7623,937
7631,935
7632,936
7633,937
7671,943
7672,944
7673,945
7681,943
7682,944
7683,945
7691,946
7692,947
7693,948
7701,946
7702,947
7703,948
7711,949
7712,954
7713,950
7721,949
7722,954
7723,950
7731,951
7732,952
7733,953
7741,951
7742,952
7743,953
7751,191
7752,590
7753,591
7781,958
7782,959
7783,960
7791,958
7792,959
7793,960
7801,961
7802,962
7803,963
7811,961
7812,962
7813,963
7821,964
7822,965
7823,966
7831,964
7832,965
7833,966
7921,969
7922,975
7923,976
7931,980
7932,979
7933,978
7941,980
7942,979
7943,978
8011,59
8012,814
8013,815
8021,985
8022,986
8023,987
8031,985
8032,986
8033,987
8041,988
8042,989
8043,990
8051,988
8052,989
8053,990
8061,983
8062,991
8063,992
8071,983
8072,991
8073,992
8081,994
8082,995
8083,996
8091,994
8092,995
8093,996
8101,999
8102,998
8103,997
8111,1005
8112,1004
8113,1003
8121,1000
8122,1001
8123,1002
8131,1006
8132,1007
8133,1008
8161,1013
8162,1014
8163,1015
8171,1013
8172,1014
8173,1015
8181,993
8182,1011
8183,1012
8191,993
8192,1011
8193,1012
8201,1018
8202,1017
8203,1016
8211,1018
8212,1017
8213,1016
8221,1020
8222,1021
8223,1023
8331,1091
8332,1093
8333,1092
8391,1026
8392,1096
8393,1027
8471,1111
8472,1112
8473,1110
8611,1129
8612,1130
8613,1131
8701,1149
8702,1148
8703,1147
8711,1149
8712,1148
8713,1147
8821,1031
8822,1029
8823,1030
9051,1191
9052,1189
9053,1188
9161,1207
9162,1211
9163,1208
9221,1227
9222,1228
9223,1229
9281,1239
9282,1240
9283,1241
9371,1242
9372,1243
9373,1244
9461,284
9462,769
9463,1250
9471,1216
9472,1253
9473,1254
9491,1257
9492,1258
9493,1259
9501,1257
9502,1260
9503,1259
9621,1272
9622,1273
9623,1271
9761,1218
9762,1289
9763,1288
9821,514
9822,1297
9823,1296
9831,514
9832,1297
9833,1296
10061,551
10062,1330
10063,1331
10071,551
10072,1330
10073,1331
10151,893
10152,894
10153,895
10161,893
10162,894
10163,895
10291,1363
10292,1368
10293,1362
10301,1363
10302,1368
10303,1362
10381,1377
10382,1378
10383,1379
10391,1377
10392,1378
10393,1379
10401,51
10402,1162
10403,1162
10431,1384
10432,1385
10433,1383
10501,1395
10502,1396
10503,1397
10511,1395
10512,1396
10513,1397
10541,1403
10542,1400
10543,1401
10551,1403
10552,1400
10553,1401
10561,201
10562,199
10563,200
10571,1404
10572,1405
10573,1406
10581,1404
10582,1405
10583,1406
10631,1412
10632,1413
10633,1414
10641,1412
10642,1413
10643,1414
10651,64
10652,713
10653,712
10661,1425
10662,1427
10663,1428
10671,1425
10672,1427
10673,1428
10681,1458
10682,1457
10683,1456
10691,1458
10692,1457
10693,1456
10701,67
10702,711
10703,710
10731,984
10732,1471
10733,1470
10741,984
10742,1471
10743,1470
10751,1480
10752,1481
10753,1482
10761,1480
10762,1481
10763,1482
10821,208
10822,823
10823,824
10841,1491
10842,1492
10843,1493
10851,1491
10852,1492
10853,1493
10871,1486
10872,1499
10873,1498
10881,1486
10882,1499
10883,1498
10891,1501
10892,1502
10893,1503
10901,1501
10902,1502
10903,1503
10911,1504
10912,1505
10913,1506
10921,1504
10922,1505
10923,1506
10931,1507
10932,1508
10933,1509
10981,1514
10982,1515
10983,1516
10991,1514
10992,1515
10993,1516
11141,1527
11142,1528
11143,1529
11151,1527
11152,1528
11153,1529
11701,1543
11702,1323
11703,1542
12441,1578
12442,1576
12443,1577
12451,1578
12452,1576
12453,1577
12461,1581
12462,1583
12463,1582
12471,1581
12472,1583
12473,1582
12481,235
12482,652
12483,651
12501,1584
12502,1585
12503,1586
12511,1584
12512,1585
12513,1586
12531,1589
12532,1590
12533,1591
12631,1595
12632,1596
12633,1597
12641,1595
12642,1596
12643,1597
12651,148
12652,554
12653,521
12781,1604
12782,1601
12783,1602
12901,1616
12902,1617
12903,1618
13151,1630
13152,1631
13153,1632
13161,1630
13162,1631
13163,1632
13171,1633
13172,1634
13173,1635
13181,1633
13182,1634
13183,1635
13221,141
13222,803
13223,804
13331,1650
13332,1651
13333,1652
13341,1653
13342,1654
13343,1655
13351,1653
13352,1654
13353,1655
13741,1662
13742,1663
13743,1664
13751,1662
13752,1663
13753,1664
13761,1665
13762,1666
13763,1667
13821,1668
13822,1670
13823,1669
13851,1642
13852,1803
13853,1803
13861,1642
13862,1803
13863,1803
13871,1642
13872,1803
13873,1803
13881,1642
13882,1803
13883,1803
13891,1642
13892,1803
13893,1803
13901,1642
13902,1803
13903,1803
13911,1642
13912,1803
13913,1803
13921,1642
13922,1803
13923,1803
13931,1642
13932,1803
13933,1803
13941,1642
13942,1803
13943,1803
13951,1642
13952,1803
13953,1803
13961,1642
13962,1803
13963,1803
13971,1642
13972,1803
13973,1803
13981,1642
13982,1803
13983,1803
13991,1642
13992,1803
13993,1803
14001,1642
14002,1803
14003,1803
14011,1642
14012,1803
14013,1803
14021,1642
14022,1803
14023,1803
14031,1642
14032,1803
14033,1803
14041,1642
14042,1803
14043,1803
14051,1642
14052,1803
14053,1803
14061,1642
14062,1803
14063,1803
14071,1642
14072,1803
14073,1803
14081,1642
14082,1803
14083,1803
14091,1642
14092,1803
14093,1803
14101,1642
14102,1803
14103,1803
14111,1642
14112,1803
14113,1803
14121,1642
14122,1803
14123,1803
14131,1642
14132,1803
14133,1803
14141,1642
14142,1803
14143,1803
14151,1672
14152,1673
14153,1674
14171,1676
14172,1678
14173,1677
14181,1679
14182,1680
14183,1682
14191,1679
14192,1680
14193,1682
14211,380
14212,725
14213,726
14281,1696
14282,1698
14283,1697
14291,1696
14292,1698
14293,1697
14651,1710
14652,1711
14653,1712
14661,1710
14662,1711
14663,1712
14691,1713
14692,1718
14693,1716
14701,1713
14702,1718
14703,1716
14721,1699
14722,1700
14723,1701
15141,1724
15142,1725
15143,1727
15151,1724
15152,1725
15153,1727
15161,1762
15162,1764
15163,1765
15171,1762
15172,1764
15173,1765
15181,1763
15182,1766
15183,1767
15191,1763
15192,1766
15193,1767
15201,1672
15202,1673
15203,1674
15241,455
15242,698
15243,2357
15251,183
15252,1088
15253,1743
15261,183
15262,1088
15263,1743
15271,1735
15272,1744
15273,1745
15281,1735
15282,1744
15283,1745
15291,1735
15292,1744
15293,1745
15321,1749
15322,1750
15323,1751
15331,1749
15332,1750
15333,1751
15351,1752
15352,1755
15353,2211
15361,1752
15362,1755
15363,2211
15381,1757
15382,1758
15383,1759
15391,1757
15392,1758
15393,1759
15741,1768
15742,1770
15743,1769
15751,1768
15752,1770
15753,1769
15761,1771
15762,1772
15763,1774
15771,1771
15772,1772
15773,1774
15841,1778
15842,1782
15843,1788
15921,2452
15922,1790
15923,1789
15931,2452
15932,1790
15933,1789
15941,1795
15942,1796
15943,1797
15951,1795
15952,1796
15953,1797
15961,1799
15962,1800
15963,1801
15971,1799
15972,1800
15973,1801
15981,1792
15982,1805
15983,1804
15991,1794
15992,1809
15993,1808
16001,1794
16002,1809
16003,1808
16101,1793
16102,1821
16103,1822
16111,1616
16112,1617
16113,1618
16131,1824
16132,1825
16133,1826
16141,1824
16142,1825
16143,1826
16181,1831
16182,1834
16183,1832
16231,1848
16232,1849
16233,1850
16241,1851
16242,1852
16243,2335
16251,1851
16252,1852
16253,2335
16271,1856
16272,1857
16273,1858
16281,1856
16282,1857
16283,1858
16301,1863
16302,1867
16303,1865
16311,1859
16312,1860
16313,1861
17151,1877
17152,1878
17153,1879
17161,1642
17162,1803
17163,1803
17171,1642
17172,1803
17173,1803
17181,1642
17182,1803
17183,1803
17191,1642
17192,1803
17193,1803
17201,1642
17202,1803
17203,1803
17211,1642
17212,1803
17213,1803
17221,1642
17222,1803
17223,1803
17231,1642
17232,1803
17233,1803
17241,1642
17242,1803
17243,1803
17251,1642
17252,1803
17253,1803
17261,1642
17262,1803
17263,1803
17271,1642
17272,1803
17273,1803
17281,1642
17282,1803
17283,1803
17291,1642
17292,1803
17293,1803
17301,1642
17302,1803
17303,1803
17311,1642
17312,1803
17313,1803
17321,1642
17322,1803
17323,1803
17331,1642
17332,1803
17333,1803
17341,1642
17342,1803
17343,1803
17351,1642
17352,1803
17353,1803
17371,1880
17372,1882
17373,1883
17381,1880
17382,1882
17383,1883
17401,1886
17402,1887
17403,1888
17411,1886
17412,1887
17413,1888
17421,263
17422,798
17423,799
17431,1890
17432,1891
17433,1892
17441,1890
17442,1891
17443,1892
17461,1877
17462,1878
17463,1879
17531,1906
17532,1907
17533,1908
17541,1906
17542,1907
17543,1908
17571,1909
17572,1911
17573,1912
17631,1901
17632,1903
17633,1903
17641,1901
17642,1903
17643,1903
17651,1901
17652,1903
17653,1903
17661,1901
17662,1903
17663,1903
17671,1901
17672,1903
17673,1903
17681,1901
17682,1903
17683,1903
17691,1901
17692,1903
17693,1903
17701,1901
17702,1903
17703,1903
17711,1901
17712,1903
17713,1903
17751,1889
17752,1920
17753,1921
17761,1889
17762,1920
17763,1921
17861,1935
17862,1936
17863,1937
17911,1944
17912,1947
17913,1945
17941,88
17942,53
17943,87
18011,1953
18012,1955
18013,1954
18361,1974
18362,1976
18363,1975
18371,1974
18372,1976
18373,1975
18381,1974
18382,1976
18383,1975
18391,1006
18392,1007
18393,1008
18401,1006
18402,1007
18403,1008
18411,394
18412,733
18413,734
18421,1978
18422,1979
18423,1983
18501,1992
18502,1994
18503,1993
18511,1992
18512,1994
18513,1993
18521,1948
18522,1995
18523,1996
18531,1995
18532,1998
18533,1997
18541,1995
18542,1998
18543,1997
18581,2001
18582,2003
18583,2004
18911,1835
18912,1836
18913,1837
18921,999
18922,998
18923,997
19321,2015
19322,2016
19323,2017
19331,2015
19332,2016
19333,2017
19341,2018
19342,2020
19343,2019
19351,2018
19352,2020
19353,2019
19441,2031
19442,2034
19443,2033
19451,2036
19452,2039
19453,2038
19461,2036
19462,2039
19463,2038
19541,2043
19542,2044
19543,2046
19601,2057
19602,2058
19603,2059
19611,2057
19612,2058
19613,2059
19621,2055
19622,2056
19623,2060
19631,2055
19632,2056
19633,2060
19661,2065
19662,2068
19663,2067
19671,2065
19672,2068
19673,2067
19681,2066
19682,2069
19683,2070
19691,2066
19692,2069
19693,2070
19781,2091
19782,2093
19783,2092
19831,2095
19832,2096
19833,2102
19841,2095
19842,2096
19843,2102
19991,1000
19992,1001
19993,1002
20001,2134
20002,2135
20003,2136
20011,2134
20012,2135
20013,2136
20091,2139
20092,2356
20093,2140
20151,2448
20152,2449
20153,2450
20271,2162
20272,2164
20273,2163
20321,2172
20322,2173
20323,2174
20331,2172
20332,2173
20333,2174
20341,2175
20342,2177
20343,2176
20351,2175
20352,2177
20353,2176
20381,2184
20382,2185
20383,2358
20491,1005
20492,1004
20493,1003
20581,2229
20582,2231
20583,2230
20591,2229
20592,2231
20593,2230
20651,2247
20652,2248
20653,2249
20661,2247
20662,2248
20663,2249
20671,2244
20672,2250
20673,2251
20681,2244
20682,2250
20683,2251
20711,2252
20712,2253
20713,2254
20721,2252
20722,2253
20723,2254
20741,155
20742,595
20743,638
20841,2269
20842,2270
20843,2271
20851,2269
20852,2270
20853,2271
20881,1792
20882,1805
20883,1804
20901,2279
20902,2281
20903,2280
20911,2279
20912,2281
20913,2280
20921,2282
20922,2283
20923,2284
21001,137
21002,770
21003,771
21011,2293
21012,2294
21013,2295
21021,2293
21022,2294
21023,2295
21171,2320
21172,2321
21173,2322
21181,2320
21182,2321
21183,2322
21261,2285
21262,2286
21263,2334
21271,2285
21272,2286
21273,2334
21351,2341
21352,2345
21353,2344
21361,2341
21362,2345
21363,2344
21371,2341
21372,2345
21373,2344
21381,2341
21382,2345
21383,2344
21411,2349
21412,2350
21413,2351
21421,2021
21422,2021
21423,2021
21441,2021
21442,2021
21443,2021
21661,1483
21662,2365
21663,2364
21681,2368
21682,2369
21683,2370
21691,2368
21692,2369
21693,2370
21701,994
21702,995
21703,996
21801,1474
21802,1474
21803,1474
21811,1474
21812,1474
21813,1474
22041,2388
22042,2389
22043,2390
22071,2391
22072,2391
22073,2391
22081,2391
22082,2391
22083,2391
22241,1546
22242,1546
22243,1546
22251,1546
22252,1546
22253,1546
22431,957
22432,2392
22433,1369
22441,957
22442,2392
22443,1369
22581,1550
22582,1550
22583,1550
22591,1550
22592,1550
22593,1550
22751,2336
22752,2336
22753,2336
22761,2336
22762,2336
22763,2336
22921,1548
22922,1548
22923,1548
22931,1548
22932,1548
22933,1548
23061,159
23062,157
23063,158
23101,1530
23102,1530
23103,1530
23111,1530
23112,1530
23113,1530
23271,2117
23272,2118
23273,2118
23281,2117
23282,2118
23283,2118
23291,2117
23292,2118
23293,2118
23301,2117
23302,2118
23303,2118
23311,2117
23312,2118
23313,2118
23321,2117
23322,2118
23323,2118
23331,2117
23332,2118
23333,2118
23341,2117
23342,2118
23343,2118
23351,2117
23352,2118
23353,2118
23361,2117
23362,2118
23363,2118
23371,2117
23372,2118
23373,2118
23381,2117
23382,2118
23383,2118
23391,2117
23392,2118
23393,2118
23401,2117
23402,2118
23403,2118
23411,2117
23412,2118
23413,2118
23421,2117
23422,2118
23423,2118
23431,2117
23432,2118
23433,2118
23441,2117
23442,2118
23443,2118
23451,2117
23452,2118
23453,2118
23461,2117
23462,2118
23463,2118
23471,2117
23472,2118
23473,2118
23481,2117
23482,2118
23483,2118
23491,2117
23492,2118
23493,2118
23501,2117
23502,2118
23503,2118
23511,2117
23512,2118
23513,2118
23521,2117
23522,2118
23523,2118
23531,2117
23532,2118
23533,2118
23541,2117
23542,2118
23543,2118
23551,2117
23552,2118
23553,2118
23561,2117
23562,2118
23563,2118
23571,2117
23572,2118
23573,2118
23581,2117
23582,2118
23583,2118
23591,2117
23592,2118
23593,2118
23601,2117
23602,2118
23603,2118
23611,2117
23612,2118
23613,2118
23621,2117
23622,2118
23623,2118
23631,2117
23632,2118
23633,2118
23641,2117
23642,2118
23643,2118
23651,2117
23652,2118
23653,2118
23661,2117
23662,2118
23663,2118
23671,2117
23672,2118
23673,2118
23681,2117
23682,2118
23683,2118
23691,2117
23692,2118
23693,2118
23701,2117
23702,2118
23703,2118
23711,2117
23712,2118
23713,2118
23721,2117
23722,2118
23723,2118
23731,2117
23732,2118
23733,2118
23741,2117
23742,2118
23743,2118
23751,2117
23752,2118
23753,2118
23761,2117
23762,2118
23763,2118
24151,2152
24152,2154
24153,2154
24161,2152
24162,2154
24163,2154
24171,2152
24172,2154
24173,2154
24181,2152
24182,2154
24183,2154
24191,2152
24192,2154
24193,2154
24201,2152
24202,2154
24203,2154
24211,2152
24212,2154
24213,2154
24221,2152
24222,2154
24223,2154
24231,2152
24232,2154
24233,2154
24241,2152
24242,2154
24243,2154
24251,2152
24252,2154
24253,2154
24261,2152
24262,2154
24263,2154
24271,2152
24272,2154
24273,2154
24281,2152
24282,2154
24283,2154
24291,2152
24292,2154
24293,2154
24301,2152
24302,2154
24303,2154
24311,2152
24312,2154
24313,2154
24321,2152
24322,2154
24323,2154
24331,2152
24332,2154
24333,2154
24721,2257
24722,2258
24723,2258
24731,2257
24732,2258
24733,2258
24741,2257
24742,2258
24743,2258
24751,2257
24752,2258
24753,2258
24761,2257
24762,2258
24763,2258
24771,2257
24772,2258
24773,2258
24781,2257
24782,2258
24783,2258
24791,2257
24792,2258
24793,2258
24801,2257
24802,2258
24803,2258
24811,2257
24812,2258
24813,2258
24821,2257
24822,2258
24823,2258
24831,2257
24832,2258
24833,2258
24841,2257
24842,2258
24843,2258
24851,2257
24852,2258
24853,2258
24861,2257
24862,2258
24863,2258
24871,2257
24872,2258
24873,2258
24881,2257
24882,2258
24883,2258
24891,2257
24892,2258
24893,2258
24901,2257
24902,2258
24903,2258
24911,2257
24912,2258
24913,2258
27691,1941
27692,1942
27693,1942
27701,1941
27702,1942
27703,1942
27711,1941
27712,1942
27713,1942
27721,1941
27722,1942
27723,1942
27731,1941
27732,1942
27733,1942
27741,1941
27742,1942
27743,1942
27751,1941
27752,1942
27753,1942
27761,1941
27762,1942
27763,1942
27771,1941
27772,1942
27773,1942
27781,1941
27782,1942
27783,1942
27791,1941
27792,1942
27793,1942
27801,1941
27802,1942
27803,1942
27811,1941
27812,1942
27813,1942
27821,1941
27822,1942
27823,1942
27831,1941
27832,1942
27833,1942
27841,1941
27842,1942
27843,1942
27851,1941
27852,1942
27853,1942
27861,1941
27862,1942
27863,1942
27871,1941
27872,1942
27873,1942
27881,1941
27882,1942
27883,1942
27891,1941
27892,1942
27893,1942
27901,1901
27902,1903
27903,1903
27911,1901
27912,1903
27913,1903
27921,1901
27922,1903
27923,1903
27931,1901
27932,1903
27933,1903
27941,1901
27942,1903
27943,1903
27951,1901
27952,1903
27953,1903
27961,1901
27962,1903
27963,1903
27971,1901
27972,1903
27973,1903
27981,1901
27982,1903
27983,1903
27991,1901
27992,1903
27993,1903
28001,1901
28002,1903
28003,1903
28011,1901
28012,1903
28013,1903
28021,1901
28022,1903
28023,1903
28031,1901
28032,1903
28033,1903
28041,1901
28042,1903
28043,1903
28051,1901
28052,1903
28053,1903
28061,1901
28062,1903
28063,1903
28071,1901
28072,1903
28073,1903
28081,1901
28082,1903
28083,1903
28091,1901
28092,1903
28093,1903
28101,1901
28102,1903
28103,1903
31381,1896
31382,1902
31383,1902
31391,1896
31392,1902
31393,1902
31401,1896
31402,1902
31403,1902
31411,1896
31412,1902
31413,1902
31421,1896
31422,1902
31423,1902
31431,1896
31432,1902
31433,1902
31441,1896
31442,1902
31443,1902
31451,1896
31452,1902
31453,1902
31461,1896
31462,1902
31463,1902
31471,1896
31472,1902
31473,1902
31481,1896
31482,1902
31483,1902
31491,1896
31492,1902
31493,1902
31501,1896
31502,1902
31503,1902
31511,1896
31512,1902
31513,1902
31521,1896
31522,1902
31523,1902
31531,1896
31532,1902
31533,1902
31541,1896
31542,1902
31543,1902
31551,1896
31552,1902
31553,1902
31561,1896
31562,1902
31563,1902
31571,1896
31572,1902
31573,1902
31581,1896
31582,1902
31583,1902
31591,1896
31592,1902
31593,1902
31601,1896
31602,1902
31603,1902
31611,1896
31612,1902
31613,1902
31621,1896
31622,1902
31623,1902
31631,1896
31632,1902
31633,1902
31641,1896
31642,1902
31643,1902
31651,1896
31652,1902
31653,1902
31661,1896
31662,1902
31663,1902
31671,1896
31672,1902
31673,1902
31681,1896
31682,1902
31683,1902
31691,1896
31692,1902
31693,1902
31701,1896
31702,1902
31703,1902
31711,1896
31712,1902
31713,1902
31721,1896
31722,1902
31723,1902
31731,1896
31732,1902
31733,1902
31741,1896
31742,1902
31743,1902
31751,1896
31752,1902
31753,1902
31761,1896
31762,1902
31763,1902
31771,1896
31772,1902
31773,1902
31781,1896
31782,1902
31783,1902
31791,1896
31792,1902
31793,1902
31801,1896
31802,1902
31803,1902
31811,1896
31812,1902
31813,1902
31821,1896
31822,1902
31823,1902
31831,1896
31832,1902
31833,1902
31841,1896
31842,1902
31843,1902
32451,2062
32452,2064
32453,2064
32461,2062
32462,2064
32463,2064
32471,2062
32472,2064
32473,2064
32481,2062
32482,2064
32483,2064
32491,2062
32492,2064
32493,2064
32501,2062
32502,2064
32503,2064
32511,2062
32512,2064
32513,2064
32521,2062
32522,2064
32523,2064
32531,2062
32532,2064
32533,2064
32541,2062
32542,2064
32543,2064
32551,2062
32552,2064
32553,2064
32561,2062
32562,2064
32563,2064
32571,2062
32572,2064
32573,2064
32581,2062
32582,2064
32583,2064
32591,2062
32592,2064
32593,2064
32601,2062
32602,2064
32603,2064
32611,2062
32612,2064
32613,2064
32621,2062
32622,2064
32623,2064
32631,2062
32632,2064
32633,2064
32641,2062
32642,2064
32643,2064
32651,2062
32652,2064
32653,2064
32661,2062
32662,2064
32663,2064
32671,2062
32672,2064
32673,2064
32681,2062
32682,2064
32683,2064
32691,2062
32692,2064
32693,2064
32701,2062
32702,2064
32703,2064
32711,2062
32712,2064
32713,2064
32721,2062
32722,2064
32723,2064
32731,2062
32732,2064
32733,2064
32741,2062
32742,2064
32743,2064
32751,2062
32752,2064
32753,2064
32761,2062
32762,2064
32763,2064
32771,2062
32772,2064
32773,2064
32781,2062
32782,2064
32783,2064
32791,2062
32792,2064
32793,2064
32801,2062
32802,2064
32803,2064
32811,2062
32812,2064
32813,2064
32821,2062
32822,2064
32823,2064
32831,2062
32832,2064
32833,2064
32841,2062
32842,2064
32843,2064
32851,2100
32852,2101
32853,2101
32861,2100
32862,2101
32863,2101
32871,2100
32872,2101
32873,2101
32881,2100
32882,2101
32883,2101
32891,2100
32892,2101
32893,2101
32901,2100
32902,2101
32903,2101
32911,2100
32912,2101
32913,2101
32921,2100
32922,2101
32923,2101
32931,2100
32932,2101
32933,2101
32941,2100
32942,2101
32943,2101
32951,2100
32952,2101
32953,2101
32961,2100
32962,2101
32963,2101
32971,2100
32972,2101
32973,2101
32981,2100
32982,2101
32983,2101
32991,2100
32992,2101
32993,2101
33001,2100
33002,2101
33003,2101
33011,2100
33012,2101
33013,2101
33021,2100
33022,2101
33023,2101
33031,2100
33032,2101
33033,2101
33041,2100
33042,2101
33043,2101
33051,2100
33052,2101
33053,2101
33061,2100
33062,2101
33063,2101
33071,2100
33072,2101
33073,2101
33081,2100
33082,2101
33083,2101
33091,2100
33092,2101
33093,2101
33101,2100
33102,2101
33103,2101
33111,2100
33112,2101
33113,2101
33121,2100
33122,2101
33123,2101
33131,2100
33132,2101
33133,2101
33141,2100
33142,2101
33143,2101
38381,1959
38382,1960
38383,1960
38391,1959
38392,1960
38393,1960
38401,1959
38402,1960
38403,1960
38411,1959
38412,1960
38413,1960
38421,1959
38422,1960
38423,1960
38431,1959
38432,1960
38433,1960
38441,1959
38442,1960
38443,1960
38451,1959
38452,1960
38453,1960
38461,1959
38462,1960
38463,1960
38471,1959
38472,1960
38473,1960
38481,1959
38482,1960
38483,1960
38491,1959
38492,1960
38493,1960
38501,1959
38502,1960
38503,1960
38511,1959
38512,1960
38513,1960
38521,1959
38522,1960
38523,1960
38531,1959
38532,1960
38533,1960
38541,1959
38542,1960
38543,1960
38551,1959
38552,1960
38553,1960
38561,1959
38562,1960
38563,1960
38571,1959
38572,1960
38573,1960
38581,1959
38582,1960
38583,1960
38591,1959
38592,1960
38593,1960
38601,1959
38602,1960
38603,1960
38611,1959
38612,1960
38613,1960
38621,1959
38622,1960
38623,1960
38631,1959
38632,1960
38633,1960
38641,1959
38642,1960
38643,1960
38651,1959
38652,1960
38653,1960
38661,1959
38662,1960
38663,1960
38671,1959
38672,1960
38673,1960
38681,1959
38682,1960
38683,1960
38691,1959
38692,1960
38693,1960
38701,1959
38702,1960
38703,1960
38711,1959
38712,1960
38713,1960
38721,1959
38722,1960
38723,1960
38731,1959
38732,1960
38733,1960
38741,1959
38742,1960
38743,1960
38751,1959
38752,1960
38753,1960
38761,1959
38762,1960
38763,1960
38771,1959
38772,1960
38773,1960
38781,1959
38782,1960
38783,1960
38791,1959
38792,1960
38793,1960
38801,1959
38802,1960
38803,1960
38811,1959
38812,1960
38813,1960
38821,1959
38822,1960
38823,1960
38831,1959
38832,1960
38833,1960
38841,1959
38842,1960
38843,1960
38851,1959
38852,1960
38853,1960
38861,1959
38862,1960
38863,1960
38871,1959
38872,1960
38873,1960
39331,2079
39332,2081
39333,2081
39341,2079
39342,2081
39343,2081
39351,2079
39352,2081
39353,2081
39361,2079
39362,2081
39363,2081
39371,2079
39372,2081
39373,2081
39381,2079
39382,2081
39383,2081
39391,2079
39392,2081
39393,2081
39401,2079
39402,2081
39403,2081
39411,2079
39412,2081
39413,2081
39421,2079
39422,2081
39423,2081
39431,2079
39432,2081
39433,2081
39441,2079
39442,2081
39443,2081
39451,2079
39452,2081
39453,2081
39461,2079
39462,2081
39463,2081
39471,2079
39472,2081
39473,2081
39481,2079
39482,2081
39483,2081
39491,2079
39492,2081
39493,2081
39501,2079
39502,2081
39503,2081
39511,2079
39512,2081
39513,2081
39521,2079
39522,2081
39523,2081
39531,2079
39532,2081
39533,2081
39541,2079
39542,2081
39543,2081
39551,2079
39552,2081
39553,2081
39561,2079
39562,2081
39563,2081
39571,2079
39572,2081
39573,2081
39581,2079
39582,2081
39583,2081
39591,2079
39592,2081
39593,2081
39601,2079
39602,2081
39603,2081
39611,2079
39612,2081
39613,2081
39621,2079
39622,2081
39623,2081
39951,2393
39952,2394
39953,2394
39961,2393
39962,2394
39963,2394
39971,2393
39972,2394
39973,2394
39981,2393
39982,2394
39983,2394
39991,2393
39992,2394
39993,2394
40001,2393
40002,2394
40003,2394
40011,2393
40012,2394
40013,2394
40021,2393
40022,2394
40023,2394
40031,2393
40032,2394
40033,2394
40041,2393
40042,2394
40043,2394
40051,2393
40052,2394
40053,2394
40061,2393
40062,2394
40063,2394
40071,2393
40072,2394
40073,2394
40081,2393
40082,2394
40083,2394
40091,2393
40092,2394
40093,2394
40101,2393
40102,2394
40103,2394
40521,2113
40522,2115
40523,2115
40531,2113
40532,2115
40533,2115
40541,2113
40542,2115
40543,2115
40551,2113
40552,2115
40553,2115
40561,2113
40562,2115
40563,2115
40571,2113
40572,2115
40573,2115
40581,2113
40582,2115
40583,2115
40591,2113
40592,2115
40593,2115
40601,2113
40602,2115
40603,2115
40611,2113
40612,2115
40613,2115
40621,2113
40622,2115
40623,2115
40631,2113
40632,2115
40633,2115
40641,2113
40642,2115
40643,2115
40651,2113
40652,2115
40653,2115
40661,2113
40662,2115
40663,2115
40671,2113
40672,2115
40673,2115
40681,2113
40682,2115
40683,2115
40691,2113
40692,2115
40693,2115
40701,2113
40702,2115
40703,2115
40711,2113
40712,2115
40713,2115
40721,2113
40722,2115
40723,2115
40731,2113
40732,2115
40733,2115
40741,2113
40742,2115
40743,2115
40751,2113
40752,2115
40753,2115
40761,2113
40762,2115
40763,2115
40771,2113
40772,2115
40773,2115
40781,2113
40782,2115
40783,2115
40791,2113
40792,2115
40793,2115
40801,2113
40802,2115
40803,2115
40811,2113
40812,2115
40813,2115
40951,2149
40952,2151
40953,2151
40961,2149
40962,2151
40963,2151
40971,2149
40972,2151
40973,2151
40981,2149
40982,2151
40983,2151
40991,2149
40992,2151
40993,2151
41001,2149
41002,2151
41003,2151
41011,2149
41012,2151
41013,2151
41021,2149
41022,2151
41023,2151
41031,2149
41032,2151
41033,2151
41041,2149
41042,2151
41043,2151
41051,2149
41052,2151
41053,2151
41061,2149
41062,2151
41063,2151
41071,2149
41072,2151
41073,2151
41081,2149
41082,2151
41083,2151
41091,2149
41092,2151
41093,2151
41101,2149
41102,2151
41103,2151
41111,2149
41112,2151
41113,2151
41121,2149
41122,2151
41123,2151
41131,2149
41132,2151
41133,2151
41141,2149
41142,2151
41143,2151
41151,2149
41152,2151
41153,2151
41161,2149
41162,2151
41163,2151
41171,2149
41172,2151
41173,2151
41181,2149
41182,2151
41183,2151
41191,2149
41192,2151
41193,2151
41201,2149
41202,2151
41203,2151
41211,2149
41212,2151
41213,2151
41221,2149
41222,2151
41223,2151
41231,2149
41232,2151
41233,2151
41241,2149
41242,2151
41243,2151
41251,2149
41252,2151
41253,2151
41261,2149
41262,2151
41263,2151
41271,2149
41272,2151
41273,2151
41281,2149
41282,2151
41283,2151
41291,2149
41292,2151
41293,2151
41301,2149
41302,2151
41303,2151
41311,2149
41312,2151
41313,2151
41321,2149
41322,2151
41323,2151
41331,2149
41332,2151
41333,2151
41341,2149
41342,2151
41343,2151
41351,2149
41352,2151
41353,2151
41361,2149
41362,2151
41363,2151
41371,2149
41372,2151
41373,2151
41381,2149
41382,2151
41383,2151
42941,2427
42942,2427
42943,2427
42951,2427
42952,2427
42953,2427
43111,2458
43112,2458
43113,2458
43121,2458
43122,2458
43123,2458
43281,2040
43282,2040
43283,2040
43291,2040
43292,2040
43293,2040
43451,1649
43452,1649
43453,1649
43461,1649
43462,1649
43463,1649
43621,1570
43622,1570
43623,1570
43631,1570
43632,1570
43633,1570
43791,1475
43792,1475
43793,1475
43801,1475
43802,1475
43803,1475
44021,1568
44022,1568
44023,1568
44031,1568
44032,1568
44033,1568
44191,2433
44192,2433
44193,2433
44201,2433
44202,2433
44203,2433
44361,1461
44362,1461
44363,1461
44371,1461
44372,1461
44373,1461
44531,2455
44532,1793
44533,1820
44541,2455
44542,1793
44543,1820
44551,2418
44552,2452
44553,2457
