Par_Group,Name_Ctrl,Type_Ctrl,Value_Ctrl,Gen_Model,Gen_Par,AVR_Model,AVR_Par,GOV_Model,GOV_Par,PSS_Model,PSS_Par,Rate_MVA,Rate_MW,Xdp,Xdpp,X2,Tj
0,,0,0,3,220,11,377,4,34,4,173,1166,1050,0.2,0.1,0.1,7.922
0,,0,0,3,220,11,378,4,35,0,0,1166,1050,0.2,0.1,0.1,7.922
0,,0,0,3,1694,12,62,8,185,4,29,888.9,1000,0.2,0.1,0.1,7.704
0,,0,0,3,1694,12,62,8,185,4,29,888.9,1000,0.2,0.1,0.1,7.704
0,,0,0,3,1694,12,62,8,185,4,29,888.9,1000,0.2,0.1,0.1,7.704
0,,0,0,3,1694,12,62,8,185,4,29,888.9,1000,0.2,0.1,0.1,7.704
0,,0,0,3,1694,12,62,8,185,4,29,888.9,1000,0.2,0.1,0.1,7.704
0,,0,0,3,1694,12,62,8,185,4,29,888.9,1000,0.2,0.1,0.1,7.704
0,,0,0,3,1694,12,62,8,185,4,29,888.9,1000,0.2,0.1,0.1,7.704
0,,0,0,3,1694,12,62,8,185,4,29,888.9,1000,0.2,0.1,0.1,7.704
0,,0,0,3,1694,12,62,8,185,4,29,888.9,1000,0.2,0.1,0.1,7.704
0,,0,0,3,1694,12,62,8,185,4,29,888.9,1000,0.2,0.1,0.1,7.704
0,,0,0,3,1694,12,62,8,185,4,29,888.9,1000,0.2,0.1,0.1,7.704
0,,0,0,3,1694,12,62,8,185,4,29,888.9,1000,0.2,0.1,0.1,7.704
0,,0,0,3,1694,12,62,8,185,4,29,888.9,1000,0.2,0.1,0.1,7.704
0,,0,0,3,1694,12,62,8,185,4,29,888.9,1000,0.2,0.1,0.1,7.704
0,,0,0,3,1694,12,62,8,185,4,29,888.9,1000,0.2,0.1,0.1,7.704
0,,0,0,3,1694,12,62,8,185,4,29,888.9,1000,0.2,0.1,0.1,7.704
0,,0,0,3,220,12,42,4,7,4,21,1166,1000,0.2,0.1,0.1,7.922
0,,0,0,3,220,12,42,4,7,4,21,1166,1000,0.2,0.1,0.1,7.922
0,,0,0,0,0,0,0,0,0,0,0,1100,1000,0.0001,0.0001,0.0001,999999.875
0,,0,0,0,0,0,0,0,0,0,0,1100,1000,0.0001,0.0001,0.0001,999999.875
0,,0,0,0,0,0,0,0,0,0,0,1100,1000,0.0001,0.0001,0.0001,999999.875
0,,0,0,0,0,0,0,0,0,0,0,1100,1000,0.0001,0.0001,0.0001,999999.875
0,,0,0,0,0,0,0,0,0,0,0,1100,1000,0.0001,0.0001,0.0001,999999.875
0,,0,0,0,0,0,0,0,0,0,0,1100,1000,0.0001,0.0001,0.0001,999999.875
0,,0,0,0,0,0,0,0,0,0,0,1100,1000,0.0001,0.0001,0.0001,999999.875
0,,0,0,0,0,0,0,0,0,0,0,1100,1000,0.0001,0.0001,0.0001,999999.875
0,,0,0,0,0,0,0,0,0,0,0,1100,1000,0.0001,0.0001,0.0001,999999.875
0,,0,0,0,0,0,0,0,0,0,0,1100,1000,0.0001,0.0001,0.0001,999999.875
0,,0,0,0,0,0,0,0,0,0,0,1100,1000,0.0001,0.0001,0.0001,999999.875
0,,0,0,0,0,0,0,0,0,0,0,1100,1000,0.0001,0.0001,0.0001,999999.875
0,,0,0,0,0,0,0,0,0,0,0,1100,1000,0.0001,0.0001,0.0001,999999.875
0,,0,0,3,40,12,62,8,25,4,29,888.9,800,0.2,0.1,0.1,7.704
0,,0,0,3,40,12,63,8,26,4,29,888.9,800,0.2,0.1,0.1,7.704
0,,0,0,3,40,12,64,8,27,4,30,888.9,800,0.2,0.1,0.1,7.704
0,,0,0,3,40,12,65,8,28,4,29,888.9,800,0.2,0.1,0.1,7.704
0,,0,0,3,41,12,66,8,29,4,31,888.9,800,0.2,0.1,0.1,8.501
0,,0,0,3,41,12,67,8,30,4,31,888.9,800,0.2,0.1,0.1,8.501
0,,0,0,3,41,12,68,8,31,4,31,888.9,800,0.2,0.1,0.1,8.501
0,,0,0,3,41,12,69,8,30,4,31,888.9,800,0.2,0.1,0.1,8.501
0,,0,0,3,37,12,51,8,19,4,27,855.6,770,0.2,0.1,0.1,9
0,,0,0,3,37,12,52,8,20,4,27,855.6,770,0.2,0.1,0.1,9
0,,0,0,3,37,12,53,8,20,4,27,855.6,770,0.2,0.1,0.1,9
0,,0,0,3,37,12,54,8,20,4,27,855.6,770,0.2,0.1,0.1,9
0,,0,0,3,37,12,55,8,21,4,27,855.6,770,0.2,0.1,0.1,9
0,,0,0,3,37,12,56,8,20,4,27,855.6,770,0.2,0.1,0.1,9
0,,0,0,3,38,12,57,8,22,4,27,855.6,770,0.2,0.1,0.1,9.09
0,,0,0,3,38,12,58,8,23,4,27,855.6,770,0.2,0.1,0.1,9.09
0,,0,0,3,38,12,59,8,24,4,27,855.6,770,0.2,0.1,0.1,9.09
0,,0,0,3,1252,0,0,0,0,0,0,660,660,0.2,0.1,0.1,10.083
0,,0,0,3,1252,0,0,0,0,0,0,660,660,0.2,0.1,0.1,10.083
0,,0,0,3,193,12,329,3,1,4,144,100,660,0.2,0.1,0.1,83.9752
0,,0,0,3,194,12,330,3,1,4,144,100,660,0.2,0.1,0.1,59.79
0,,0,0,3,226,12,388,1,7,4,179,100,660,0.2,0.1,0.1,55.389
0,,0,0,3,227,12,389,1,7,4,179,100,660,0.2,0.1,0.1,55.389
0,,0,0,3,223,12,383,4,38,4,177,100,660,0.2,0.1,0.1,55.6349
0,,0,0,3,224,12,384,4,38,4,178,100,660,0.2,0.1,0.1,55.6349
0,,0,0,3,231,12,395,8,124,4,184,722.3,650,0.2,0.1,0.1,10.3
0,,0,0,3,239,12,403,8,124,4,184,722.3,650,0.2,0.1,0.1,10.3
0,,0,0,3,239,12,405,8,124,4,188,722.3,650,0.2,0.1,0.1,10.3
0,,0,0,3,239,12,408,8,124,4,184,722.3,650,0.2,0.1,0.1,10.3
0,,0,0,3,156,12,260,8,102,4,109,722.2,650,0.2,0.1,0.1,10.4
0,,0,0,3,156,12,261,8,103,4,109,722.2,650,0.2,0.1,0.1,10.4
0,,0,0,3,156,12,262,8,104,4,109,722.2,650,0.2,0.1,0.1,10.4
0,,0,0,3,156,12,263,8,105,4,109,722.2,650,0.2,0.1,0.1,10.4
0,,0,0,3,4,12,6,8,4,4,3,667,600,0.2,0.1,0.1,9.331
0,,0,0,3,4,12,7,8,5,4,3,667,600,0.2,0.1,0.1,9.331
0,,0,0,3,4,12,8,8,6,4,4,667,600,0.2,0.1,0.1,9.331
0,,0,0,3,4,12,9,8,7,4,4,667,600,0.2,0.1,0.1,9.331
0,,0,0,3,32,12,46,8,16,4,24,667,600,0.2,0.1,0.1,7.71
0,,0,0,3,32,12,76,8,32,4,24,667,600,0.2,0.1,0.1,7.71
0,,0,0,3,32,12,77,8,33,4,24,667,600,0.2,0.1,0.1,7.71
0,,0,0,3,32,12,78,8,33,4,24,667,600,0.2,0.1,0.1,7.71
0,,0,0,3,32,12,79,8,34,4,24,667,600,0.2,0.1,0.1,7.71
0,,0,0,3,32,12,80,8,35,4,24,667,600,0.2,0.1,0.1,7.71
0,,0,0,3,32,12,82,8,34,4,35,667,600,0.2,0.1,0.1,7.71
0,,0,0,3,32,12,81,8,36,4,35,666.7,600,0.2,0.1,0.1,7.71
0,,0,0,3,81,12,138,8,59,4,63,666.7,600,0.2,0.1,0.1,9
0,,0,0,3,81,12,139,8,60,4,63,666.7,600,0.2,0.1,0.1,9
0,,0,0,3,81,12,140,8,61,4,64,666.7,600,0.2,0.1,0.1,9
0,,0,0,3,81,12,141,8,62,4,64,666.7,600,0.2,0.1,0.1,9
0,,0,0,3,81,12,142,8,63,4,64,666.7,600,0.2,0.1,0.1,9
0,,0,0,3,81,12,143,8,64,4,64,666.7,600,0.2,0.1,0.1,9
0,,0,0,3,85,12,147,4,11,4,67,666.7,600,0.2,0.1,0.1,8.38
0,,0,0,3,85,12,148,4,12,4,67,666.7,600,0.2,0.1,0.1,8.38
0,,0,0,3,190,12,325,4,22,4,143,666.7,600,0.2,0.1,0.1,7.718
0,,0,0,3,165,12,279,4,17,4,114,666.67,600,0.2,0.1,0.1,8
0,,0,0,3,166,12,280,4,18,4,114,666.67,600,0.2,0.1,0.1,8
0,,0,0,3,7,12,12,4,3,4,6,666.67,600,0.2,0.1,0.1,6.4
0,,0,0,3,7,12,13,4,4,4,7,666.67,600,0.2,0.1,0.1,6.4
0,,0,0,3,27,12,42,4,7,4,21,666.67,600,0.2,0.1,0.1,10.5
0,,0,0,3,28,12,43,4,8,4,22,666.67,600,0.2,0.1,0.1,10.5
0,,0,0,3,175,12,301,4,19,4,128,666,600,0.2,0.1,0.1,10.762
0,,0,0,3,176,12,302,4,20,4,128,666,600,0.2,0.1,0.1,10.762
0,,0,0,3,46,12,83,8,37,4,36,649,600,0.2,0.1,0.1,10.297
0,,0,0,3,46,12,84,8,37,4,37,649,600,0.2,0.1,0.1,10.297
0,,0,0,3,46,12,85,8,38,4,36,649,600,0.2,0.1,0.1,10.297
0,,0,0,3,46,12,86,8,39,4,36,649,600,0.2,0.1,0.1,10.297
0,,0,0,3,46,12,87,8,40,4,36,649,600,0.2,0.1,0.1,10.297
0,,0,0,3,46,12,88,8,41,4,36,649,600,0.2,0.1,0.1,10.297
0,,0,0,3,209,12,360,4,26,4,162,100,600,0.2,0.1,0.1,59.0607
0,,0,0,3,210,12,361,4,26,4,162,100,600,0.2,0.1,0.1,59.0607
0,,0,0,3,210,12,368,4,32,4,170,100,600,0.2,0.1,0.1,59.0607
0,,0,0,3,210,12,369,4,33,4,170,100,600,0.2,0.1,0.1,59.0607
0,,0,0,3,164,12,277,8,106,4,112,100,550,0.2,0.1,0.1,53.61313
0,,0,0,3,164,12,278,8,107,4,113,100,550,0.2,0.1,0.1,53.61313
0,,0,0,3,164,12,277,8,108,4,112,100,550,0.2,0.1,0.1,53.61313
0,,0,0,3,164,12,277,8,109,4,112,100,550,0.2,0.1,0.1,53.61313
0,,0,0,3,164,12,277,8,110,4,112,100,550,0.2,0.1,0.1,53.61313
0,,0,0,3,164,12,277,8,111,4,112,100,550,0.2,0.1,0.1,53.61313
0,,0,0,3,156,12,260,7,80,4,109,722.2,500,0.2,0.1,0.1,10.4
0,,0,0,3,156,12,260,8,102,4,109,722.2,500,0.2,0.1,0.1,10.4
0,,0,0,3,156,12,260,8,102,4,109,722.2,500,0.2,0.1,0.1,10.4
0,,0,0,3,156,12,260,8,102,4,109,722.2,500,0.2,0.1,0.1,10.4
0,,0,0,3,214,12,365,4,27,4,166,100,467,0.2,0.1,0.1,28.02658
0,,0,0,3,214,12,366,4,27,4,167,100,467,0.2,0.1,0.1,28.02658
0,,0,0,3,232,12,398,8,123,4,182,472.2,425,0.2,0.1,0.1,10.577
0,,0,0,3,232,12,397,8,123,4,182,472.2,425,0.2,0.1,0.1,10.577
0,,0,0,3,229,12,396,8,123,4,182,472.2,425,0.2,0.1,0.1,10.577
0,,0,0,3,229,12,393,8,123,4,182,472.2,425,0.2,0.1,0.1,10.577
0,,0,0,3,1470,12,398,7,77,4,182,472.2,375,0.2,0.1,0.1,6.4
0,,0,0,3,1469,12,397,7,77,4,182,472.2,375,0.2,0.1,0.1,6.4
0,,0,0,3,229,12,396,7,77,4,182,472.2,375,0.2,0.1,0.1,10.577
0,,0,0,3,229,12,393,7,77,4,182,472.2,375,0.2,0.1,0.1,10.577
0,,0,0,3,63,12,106,8,50,4,49,399.9,360,0.1,0.05,0.05,15.66
0,,0,0,3,216,9,6,4,28,2,61,100,360,0.2,0.1,0.1,31.40468
0,,0,0,3,216,9,7,4,29,4,169,100,360,0.2,0.1,0.1,31.40468
0,,0,0,3,216,9,8,4,30,4,169,100,360,0.2,0.1,0.1,31.40468
0,,0,0,3,216,9,9,4,31,4,169,100,360,0.2,0.1,0.1,31.40468
0,,0,0,3,155,12,258,4,15,4,108,388.2,350,0.2,0.1,0.1,12.55
0,,0,0,3,155,12,259,9,3,4,108,388.2,350,0.2,0.1,0.1,12.55
0,,0,0,3,217,12,370,8,122,4,171,100,350,0.2,0.1,0.1,30.17778
0,,0,0,3,217,12,371,8,122,4,171,100,350,0.2,0.1,0.1,30.17778
0,,0,0,3,217,12,372,8,122,4,171,100,350,0.2,0.1,0.1,30.17778
0,,0,0,3,217,12,373,8,122,4,171,100,350,0.2,0.1,0.1,30.17778
0,,0,0,3,217,12,374,8,122,4,171,100,350,0.2,0.1,0.1,30.17778
0,,0,0,3,221,12,379,9,5,4,174,100,350,0.2,0.1,0.1,32.518
0,,0,0,3,221,12,380,4,36,4,175,100,350,0.2,0.1,0.1,32.518
0,,0,0,3,221,12,379,9,5,4,174,100,350,0.2,0.1,0.1,32.518
0,,0,0,3,22,9,4,4,5,4,17,388.2,330,0.2,0.1,0.1,7.62
0,,0,0,3,22,9,5,4,6,4,18,388.2,330,0.2,0.1,0.1,7.62
0,,0,0,3,1698,12,159,8,69,4,71,366.68,330,0.1,0.05,0.05,16.74
0,,0,0,3,66,12,159,8,69,4,71,366.68,330,0.1,0.05,0.05,16.74
0,,0,0,3,196,12,332,1,5,4,146,100,330,0.2,0.1,0.1,29.352
0,,0,0,3,196,12,333,1,5,4,147,100,330,0.2,0.1,0.1,29.352
0,,0,0,3,215,12,367,9,4,4,168,388.235,300,0.2,0.1,0.1,5.272
0,,0,0,3,76,12,272,1,2,2,51,353,300,0.2,0.1,0.1,7.4
0,,0,0,3,76,12,273,4,16,2,52,353,300,0.2,0.1,0.1,7.4
0,,0,0,3,5,7,1,9,1,2,2,353,300,0.2,0.1,0.1,6.4
0,,0,0,3,5,7,2,9,2,4,5,353,300,0.2,0.1,0.1,6.4
0,,0,0,3,6,12,10,4,1,2,3,353,300,0.2,0.1,0.1,7.36
0,,0,0,3,6,12,11,4,2,2,4,353,300,0.2,0.1,0.1,7.36
0,,0,0,3,57,12,97,4,9,2,23,353,300,0.2,0.1,0.1,7.36
0,,0,0,3,57,12,97,4,10,2,23,353,300,0.2,0.1,0.1,7.36
0,,0,0,3,76,12,129,1,2,4,58,353,300,0.2,0.1,0.1,7.4
0,,0,0,3,189,12,324,4,21,4,142,353,300,0.2,0.1,0.1,7.4
0,,0,0,3,99,12,172,4,13,2,36,352.9,300,0.2,0.1,0.1,7.4
0,,0,0,3,99,12,172,4,14,2,37,352.9,300,0.2,0.1,0.1,7.4
0,,0,0,3,1733,12,110,7,75,4,51,255.556,300,0.2,0.1,0.1,8.62
0,,0,0,3,1733,12,110,7,75,4,51,255.556,300,0.2,0.1,0.1,8.62
0,,0,0,3,1733,12,110,7,75,4,51,255.556,300,0.2,0.1,0.1,8.62
0,,0,0,3,1733,12,110,7,75,4,51,255.556,300,0.2,0.1,0.1,8.62
0,,0,0,3,195,12,331,4,23,4,145,100,300,0.2,0.1,0.1,25.981
0,,0,0,3,195,12,331,4,23,4,145,100,300,0.2,0.1,0.1,25.981
0,,0,0,3,207,12,358,4,24,4,160,100,300,0.2,0.1,0.1,25.976
0,,0,0,3,208,12,359,4,25,4,161,100,300,0.2,0.1,0.1,25.976
0,,0,0,3,222,12,381,4,37,4,176,100,300,0.2,0.1,0.1,26.1509
0,,0,0,3,222,12,382,4,37,4,176,100,300,0.2,0.1,0.1,26.1509
0,,0,0,3,106,12,179,8,74,4,78,300,275,0.2,0.1,0.1,8.47
0,,0,0,3,106,12,180,8,75,4,78,300,275,0.2,0.1,0.1,8.47
0,,0,0,3,106,12,181,8,76,4,79,300,275,0.2,0.1,0.1,8.47
0,,0,0,3,106,12,182,8,77,4,78,300,275,0.2,0.1,0.1,8.47
0,,0,0,3,1733,12,110,7,75,4,51,255.556,250,0.2,0.1,0.1,8.62
0,,0,0,3,1733,12,110,7,75,4,51,255.556,250,0.2,0.1,0.1,8.62
0,,0,0,3,1733,12,110,7,75,4,51,255.556,250,0.2,0.1,0.1,8.62
0,,0,0,3,90,12,163,8,72,4,73,274,240,0.1,0.05,0.05,13
0,,0,0,3,90,12,163,8,72,4,73,274,240,0.1,0.05,0.05,13
0,,0,0,3,64,12,110,7,75,4,51,255.556,240,0.2,0.1,0.1,8.62
0,,0,0,3,64,12,111,7,75,4,51,255.556,240,0.2,0.1,0.1,8.62
0,,0,0,3,64,12,112,7,76,4,52,255.556,240,0.2,0.1,0.1,8.62
0,,0,0,3,64,12,110,8,54,4,51,255.556,230,0.2,0.1,0.1,8.62
0,,0,0,3,64,12,111,8,55,4,51,255.556,230,0.2,0.1,0.1,8.62
0,,0,0,3,64,12,112,8,56,4,52,255.556,230,0.2,0.1,0.1,8.62
0,,0,0,3,64,12,113,8,57,4,52,255.556,230,0.2,0.1,0.1,8.62
0,,0,0,11,1,0,0,0,0,0,0,227.5,227.5,0.1,0.05,0.05,20
0,,0,0,3,172,12,295,8,115,4,125,258.82,220,0.1,0.05,0.05,14.0014
0,,0,0,3,173,12,295,8,1,4,125,247.06,220,0.1,0.05,0.05,14.6676
0,,0,0,3,16,12,24,8,9,4,12,222.22,200,0.2,0.1,0.1,8.78
0,,0,0,3,16,12,25,8,10,4,13,222.22,200,0.2,0.1,0.1,8.78
0,,0,0,3,16,12,25,8,11,4,13,222.22,200,0.2,0.1,0.1,8.78
0,,0,0,3,16,12,26,8,12,4,13,222.22,200,0.2,0.1,0.1,8.78
0,,0,0,10,1,0,0,0,0,0,0,196,196,0.2,0.1,0.1,10
0,,0,0,3,146,12,242,8,95,2,41,217.14,190,0.2,0.1,0.1,7.17
0,,0,0,3,146,12,242,8,96,2,41,217.14,190,0.2,0.1,0.1,7.17
0,,0,0,3,146,12,242,8,97,2,41,217.14,190,0.2,0.1,0.1,7.17
0,,0,0,3,146,12,242,8,98,2,41,217.14,190,0.2,0.1,0.1,7.17
0,,0,0,3,203,12,347,8,119,4,153,217.14,190,0.2,0.1,0.1,8.7
0,,0,0,3,203,12,348,8,119,4,154,217.14,190,0.2,0.1,0.1,8.7
0,,0,0,3,203,12,348,8,119,4,154,217.14,190,0.2,0.1,0.1,8.7
0,,0,0,3,203,12,348,8,119,4,154,217.14,190,0.2,0.1,0.1,8.7
0,,0,0,3,199,12,340,8,117,4,150,200,180,0.2,0.1,0.1,7.7
0,,0,0,3,63,12,107,8,51,4,50,199.95,180,0.2,0.1,0.1,7.83
0,,0,0,3,63,12,108,8,52,4,50,199.95,180,0.2,0.1,0.1,7.83
0,,0,0,3,199,12,341,8,117,4,151,198,180,0.2,0.1,0.1,7.7
0,,0,0,3,199,12,342,8,117,4,151,198,180,0.2,0.1,0.1,7.7
0,,0,0,3,199,12,343,8,118,4,151,198,180,0.2,0.1,0.1,7.7
0,,0,0,3,107,12,183,8,78,4,80,205.9,175,0.2,0.1,0.1,6.22
0,,0,0,3,107,12,184,8,78,4,81,205.9,175,0.2,0.1,0.1,6.22
0,,0,0,3,107,12,185,8,79,4,82,205.9,175,0.2,0.1,0.1,6.22
0,,0,0,3,107,12,186,8,80,4,83,205.9,175,0.2,0.1,0.1,6.22
0,,0,0,3,153,12,252,8,101,4,105,200,175,0.2,0.1,0.1,7.65
0,,0,0,3,153,12,253,8,101,4,106,200,175,0.2,0.1,0.1,7.65
0,,0,0,3,153,12,254,8,101,4,107,200,175,0.2,0.1,0.1,7.65
0,,0,0,3,153,12,255,8,101,4,106,200,175,0.2,0.1,0.1,7.65
0,,0,0,3,1698,12,160,8,70,4,72,183.34,165,0.2,0.1,0.1,8.37
0,,0,0,3,1698,12,161,8,71,4,71,183.34,165,0.2,0.1,0.1,8.37
0,,0,0,3,66,12,160,8,70,4,72,183.34,165,0.2,0.1,0.1,8.37
0,,0,0,3,66,12,161,8,71,4,71,183.34,165,0.2,0.1,0.1,8.37
0,,0,0,11,1,0,0,0,0,0,0,165,165,0.2,0.1,0.1,10
0,,0,0,11,1,0,0,0,0,0,0,162.5,162.5,0.1,0.05,0.05,20
0,,0,0,3,86,12,149,8,65,4,68,176.47,150,0.2,0.1,0.1,5.88
0,,0,0,3,86,12,150,8,66,4,68,176.47,150,0.2,0.1,0.1,5.88
0,,0,0,3,86,12,151,8,67,4,68,176.47,150,0.2,0.1,0.1,5.88
0,,0,0,3,86,12,152,8,68,4,68,176.47,150,0.2,0.1,0.1,5.88
0,,0,0,3,205,12,387,8,120,4,157,176.47,150,0.2,0.1,0.1,7.1867
0,,0,0,11,1,0,0,0,0,0,0,150,150,0.2,0.1,0.1,10
0,,0,0,10,2,0,0,0,0,0,0,150,150,0.2,0.1,0.1,10
0,,0,0,3,192,12,327,1,4,0,0,100,150,0.2,0.1,0.1,16.9858
0,,0,0,3,192,12,328,1,4,0,0,100,150,0.2,0.1,0.1,16.9858
0,,0,0,3,205,12,353,8,120,4,157,100,150,0.2,0.1,0.1,7.1867
0,,0,0,3,65,12,114,1,1,2,25,155.56,140,0.2,0.1,0.1,8.1
0,,0,0,3,65,12,114,1,1,2,25,155.56,140,0.2,0.1,0.1,8.1
0,,0,0,3,65,12,114,1,1,2,25,155.56,140,0.2,0.1,0.1,8.1
0,,0,0,3,65,12,114,1,1,2,25,155.56,140,0.2,0.1,0.1,8.1
0,,0,0,3,29,12,44,8,8,4,23,155.56,140,0.2,0.1,0.1,8.2
0,,0,0,3,65,12,114,8,58,2,25,155.56,140,0.2,0.1,0.1,8.1
0,,0,0,3,65,12,114,8,58,2,25,155.56,140,0.2,0.1,0.1,8.1
0,,0,0,3,77,12,130,1,3,2,30,158.8,135,0.2,0.1,0.1,8
0,,0,0,3,77,12,131,1,3,4,59,158.8,135,0.2,0.1,0.1,8
0,,0,0,3,225,12,385,1,4,2,62,100,135,0.2,0.1,0.1,14.08556
0,,0,0,3,225,12,386,1,4,2,63,100,135,0.2,0.1,0.1,14.08556
0,,0,0,3,225,1,3,1,4,0,0,100,135,0.2,0.1,0.1,14.08556
0,,0,0,3,225,1,3,1,4,0,0,100,135,0.2,0.1,0.1,14.08556
0,,0,0,3,225,1,3,1,4,0,0,100,135,0.2,0.1,0.1,14.08556
0,,0,0,3,225,1,3,1,4,0,0,100,135,0.2,0.1,0.1,14.08556
0,,0,0,10,1,0,0,0,0,0,0,132,132,0.1,0.05,0.05,20
0,,0,0,10,1,0,0,0,0,0,0,132,132,0.2,0.1,0.1,10
0,,0,0,10,1,0,0,0,0,0,0,132,132,0.2,0.1,0.1,10
0,,0,0,10,1,0,0,0,0,0,0,132,132,0.2,0.1,0.1,10
0,,0,0,10,1,0,0,0,0,0,0,132,132,0.2,0.1,0.1,10
0,,0,0,10,1,0,0,0,0,0,0,132,132,0.2,0.1,0.1,10
0,,0,0,10,1,0,0,0,0,0,0,132,132,0.2,0.1,0.1,10
0,,0,0,3,65,12,114,1,1,2,25,155.56,130,0.2,0.1,0.1,8.1
0,,0,0,3,65,12,114,1,1,2,25,155.56,130,0.2,0.1,0.1,8.1
0,,0,0,3,65,12,114,1,1,2,25,155.56,130,0.2,0.1,0.1,8.1
0,,0,0,3,206,12,354,1,6,4,158,147,125,0.2,0.1,0.1,5.972
0,,0,0,3,206,12,355,1,6,0,0,147,125,0.2,0.1,0.1,5.972
0,,0,0,3,197,12,334,8,116,4,148,100,125,0.2,0.1,0.1,15.33
0,,0,0,3,197,12,337,8,116,4,148,100,125,0.2,0.1,0.1,15.33
0,,0,0,3,234,12,146,7,2,4,66,136.67,123,0.2,0.1,0.1,7
0,,0,0,3,234,12,146,7,2,4,66,136.67,123,0.2,0.1,0.1,7
0,,0,0,3,30,12,44,8,8,4,23,155.5,120,0.2,0.1,0.1,8.2
0,,0,0,3,109,12,187,7,5,4,84,152.94,120,0.2,0.1,0.1,6.97
0,,0,0,3,109,12,187,7,5,4,84,152.94,120,0.2,0.1,0.1,6.97
0,,0,0,3,78,12,132,8,8,4,60,141.18,120,0.1,0.05,0.05,12
0,,0,0,3,179,12,306,8,8,4,131,141.18,120,0.1,0.05,0.05,12
0,,0,0,3,90,12,163,8,72,4,73,137,120,0.2,0.1,0.1,6.5
0,,0,0,3,90,12,163,7,78,4,73,137,120,0.2,0.1,0.1,6.5
0,,0,0,3,90,12,163,8,72,4,73,137,120,0.2,0.1,0.1,6.5
0,,0,0,3,90,12,163,8,72,4,73,137,120,0.2,0.1,0.1,6.5
0,,0,0,3,84,12,146,8,8,4,66,133.33,120,0.2,0.1,0.1,8.4
0,,0,0,3,84,12,146,8,8,4,66,133.33,120,0.2,0.1,0.1,8.4
0,,0,0,3,104,12,177,8,8,4,76,133.33,120,0.2,0.1,0.1,7.953
0,,0,0,3,104,12,177,8,8,4,76,133.33,120,0.2,0.1,0.1,7.953
0,,0,0,3,181,12,309,8,8,4,132,133.33,120,0.2,0.1,0.1,5.5
0,,0,0,3,181,12,309,8,8,4,132,133.33,120,0.2,0.1,0.1,5.5
0,,0,0,3,18,12,29,8,14,4,15,133.3,120,0.2,0.1,0.1,7.95
0,,0,0,3,18,12,30,8,15,4,15,133.3,120,0.2,0.1,0.1,7.95
0,,0,0,3,21,12,35,7,6,4,16,122.2,120,0.2,0.1,0.1,6.13
0,,0,0,3,21,12,36,7,7,4,16,122.2,120,0.2,0.1,0.1,6.13
0,,0,0,3,233,12,145,7,3,2,22,125.4,116,0.1,0.05,0.05,6.6
0,,0,0,3,233,12,145,7,3,2,22,125.4,116,0.1,0.05,0.05,6.6
0,,0,0,10,1,0,0,0,0,0,0,116,116,0.1,0.05,0.05,20
0,,0,0,3,53,12,75,8,48,2,22,127.78,115,0.2,0.1,0.1,9.57
0,,0,0,3,53,12,75,8,48,2,22,127.78,115,0.2,0.1,0.1,9.57
0,,0,0,3,53,12,75,8,49,2,22,127.78,115,0.2,0.1,0.1,9.57
0,,0,0,9,1,0,0,0,0,0,0,114,114,0.2,0.1,0.1,10
0,,0,0,3,172,12,296,8,1,4,126,129.41,110,0.2,0.1,0.1,7.0007
0,,0,0,3,172,12,297,8,115,4,126,129.41,110,0.2,0.1,0.1,7.0007
0,,0,0,3,1183,12,90,8,178,2,18,122.22,110,0.2,0.1,0.1,7.11
0,,0,0,3,1183,12,90,8,179,2,18,122.22,110,0.2,0.1,0.1,7.11
0,,0,0,3,21,12,37,7,8,4,16,122.2,110,0.2,0.1,0.1,6.13
0,,0,0,3,48,12,90,8,42,2,18,122.2,110,0.2,0.1,0.1,8.1
0,,0,0,3,48,12,90,8,45,2,18,122.2,110,0.2,0.1,0.1,8.1
0,,0,0,3,1,12,299,8,1,4,127,117.65,110,0.2,0.1,0.1,7.6669
0,,0,0,3,1,12,1,8,1,4,1,117.65,110,0.2,0.1,0.1,7.6669
0,,0,0,3,101,12,174,7,4,4,38,127.06,108,0.1,0.05,0.05,13.34
0,,0,0,11,1,0,0,0,0,0,0,107.5,107.5,0.2,0.1,0.1,10
0,,0,0,10,1,0,0,0,0,0,0,102,102,0.2,0.1,0.1,10
0,,0,0,9,1,0,0,0,0,0,0,100.4,100.4,0.2,0.1,0.1,10
0,,0,0,9,1,0,0,0,0,0,0,100.4,100.4,0.2,0.1,0.1,10
0,,0,0,9,1,0,0,0,0,0,0,100.4,100.4,0.2,0.1,0.1,10
0,,0,0,9,1,0,0,0,0,0,0,100.4,100.4,0.2,0.1,0.1,10
0,,0,0,9,1,0,0,0,0,0,0,100,100,0.2,0.1,0.1,10
0,,0,0,11,1,0,0,0,0,0,0,100,100,0.2,0.1,0.1,10
0,,0,0,11,1,0,0,0,0,0,0,100,100,0.2,0.1,0.1,10
0,,0,0,11,1,0,0,0,0,0,0,100,100,0.2,0.1,0.1,10
0,,0,0,10,1,0,0,0,0,0,0,100,100,0.2,0.1,0.1,10
0,,0,0,3,211,12,362,8,121,4,163,100,100,0.2,0.1,0.1,11.96613
0,,0,0,3,212,12,363,8,121,4,164,100,100,0.2,0.1,0.1,11.966
0,,0,0,3,213,12,364,8,121,4,165,100,100,0.2,0.1,0.1,11.966
0,,0,0,3,211,12,399,8,121,4,185,100,100,0.2,0.1,0.1,11.96613
0,,0,0,10,2,0,0,0,0,0,0,99,99,0.2,0.1,0.1,10
0,,0,0,10,1,0,0,0,0,0,0,96,96,0.2,0.1,0.1,10
0,,0,0,9,1,0,0,0,0,0,0,96,96,0.2,0.1,0.1,10
0,,0,0,11,1,0,0,0,0,0,0,92.5,92.5,0.2,0.1,0.1,10
0,,0,0,3,170,12,287,8,112,4,119,105.88,90,0.2,0.1,0.1,8.48
0,,0,0,3,170,12,288,8,113,4,120,105.88,90,0.2,0.1,0.1,8.48
0,,0,0,3,170,12,289,8,112,4,121,105.88,90,0.2,0.1,0.1,8.48
0,,0,0,3,170,12,290,8,114,4,122,105.88,90,0.2,0.1,0.1,8.48
0,,0,0,3,2,12,2,7,1,2,1,100,90,0.1,0.05,0.05,13.8
0,,0,0,3,134,12,220,7,27,4,96,94.4,85,0.2,0.1,0.1,6.37479
0,,0,0,3,134,12,221,7,28,4,96,94.4,85,0.2,0.1,0.1,6.37479
0,,0,0,3,134,12,222,7,29,4,96,94.4,85,0.2,0.1,0.1,6.37479
0,,0,0,3,134,12,223,7,30,4,96,94.4,85,0.2,0.1,0.1,6.37479
0,,0,0,3,134,12,224,7,31,4,96,94.4,85,0.2,0.1,0.1,6.37479
0,,0,0,3,134,12,225,7,32,4,96,94.4,85,0.2,0.1,0.1,6.37479
0,,0,0,3,36,12,41,1,1,2,11,92.2,84,0.2,0.1,0.1,5.8
0,,0,0,3,36,12,41,1,1,2,11,92.2,84,0.2,0.1,0.1,5.8
0,,0,0,3,36,12,50,1,1,4,26,92.2,83,0.2,0.1,0.1,5.8
0,,0,0,3,36,12,50,1,1,4,26,92.2,83,0.2,0.1,0.1,5.8
0,,0,0,3,36,12,50,1,1,4,26,92.2,83,0.2,0.1,0.1,5.8
0,,0,0,3,82,12,144,1,1,4,65,88.89,82,0.2,0.1,0.1,7.2
0,,0,0,3,82,12,144,1,1,4,65,88.89,82,0.2,0.1,0.1,7.2
0,,0,0,3,82,12,144,1,1,4,65,88.89,82,0.2,0.1,0.1,7.2
0,,0,0,3,150,12,249,7,4,2,43,94.12,80,0.1,0.05,0.05,10.88
0,,0,0,3,171,12,291,7,1,4,123,94.12,80,0.1,0.05,0.05,12.38
0,,0,0,3,43,12,71,7,1,4,32,94.12,80,0.1,0.05,0.05,11.62
0,,0,0,3,60,12,101,7,5,4,47,94.116,80,0.1,0.05,0.05,12.2
0,,0,0,3,121,12,200,7,19,4,90,94,80,0.1,0.05,0.05,8.25532
0,,0,0,3,121,12,202,7,19,4,90,94,80,0.1,0.05,0.05,8.25532
0,,0,0,3,89,12,144,7,4,4,65,91.43,80,0.2,0.1,0.1,7.2
0,,0,0,3,89,12,144,7,4,4,65,91.43,80,0.2,0.1,0.1,7.2
0,,0,0,3,3,12,3,8,2,4,2,90.9,80,0.2,0.1,0.1,6.93
0,,0,0,3,3,12,4,8,3,4,2,90.9,80,0.2,0.1,0.1,6.93
0,,0,0,3,3,12,5,8,2,4,2,90.9,80,0.2,0.1,0.1,6.93
0,,0,0,3,45,12,49,8,8,2,17,90.9,80,0.1,0.05,0.05,12.82
0,,0,0,3,44,12,75,7,1,4,34,88.89,80,0.2,0.1,0.1,6
0,,0,0,3,44,12,75,7,1,4,34,88.89,80,0.2,0.1,0.1,6
0,,0,0,3,44,12,75,7,1,4,34,88.89,80,0.2,0.1,0.1,6
0,,0,0,3,82,12,144,7,5,4,65,88.89,80,0.2,0.1,0.1,7.2
0,,0,0,3,82,12,144,7,5,4,65,88.89,80,0.2,0.1,0.1,7.2
0,,0,0,3,82,12,144,7,5,4,65,88.89,80,0.2,0.1,0.1,7.2
0,,0,0,3,186,12,315,7,1,4,136,88,80,0.1,0.05,0.05,12.38
0,,0,0,3,79,12,134,7,5,4,61,89.411,76,0.2,0.1,0.1,6
0,,0,0,3,79,12,134,7,5,4,61,89.411,76,0.2,0.1,0.1,6
0,,0,0,3,79,12,134,7,5,4,61,89.411,76,0.2,0.1,0.1,6
0,,0,0,3,25,12,40,7,4,4,20,83.33,75,0.2,0.1,0.1,6.9243
0,,0,0,3,25,12,40,7,4,4,20,83.33,75,0.2,0.1,0.1,6.9243
0,,0,0,3,110,12,188,7,3,4,85,83.32,75,0.1,0.05,0.05,4.6
0,,0,0,11,1,0,0,0,0,0,0,75,75,0.2,0.1,0.1,10
0,,0,0,11,1,0,0,0,0,0,0,75,75,0.2,0.1,0.1,10
0,,0,0,3,154,12,257,7,1,2,47,82.25,72,0.2,0.1,0.1,5.7
0,,0,0,3,154,12,257,7,1,2,47,82.25,72,0.2,0.1,0.1,5.7
0,,0,0,3,154,12,257,7,1,2,47,82.25,72,0.2,0.1,0.1,5.7
0,,0,0,3,154,12,257,7,1,2,47,82.25,72,0.2,0.1,0.1,5.7
0,,0,0,3,154,12,257,8,46,2,47,82.25,71,0.2,0.1,0.1,5.7
0,,0,0,3,154,12,257,1,1,2,47,82.25,71,0.2,0.1,0.1,5.7
0,,0,0,3,87,12,153,8,46,4,69,80,70,0.2,0.1,0.1,6.79
0,,0,0,3,87,12,154,1,1,4,69,80,70,0.2,0.1,0.1,6.79
0,,0,0,3,87,12,155,1,1,4,69,80,70,0.2,0.1,0.1,6.79
0,,0,0,3,87,12,153,7,1,4,69,80,70,0.2,0.1,0.1,6.79
0,,0,0,3,87,12,154,7,1,4,69,80,70,0.2,0.1,0.1,6.79
0,,0,0,3,87,12,155,7,1,4,69,80,70,0.2,0.1,0.1,6.79
0,,0,0,10,1,0,0,0,0,0,0,70,70,0.2,0.1,0.1,10
0,,0,0,3,218,12,375,7,38,4,172,100,70,0.2,0.1,0.1,5.328
0,,0,0,3,19,12,31,7,2,2,9,80,68,0.1,0.05,0.05,16
0,,0,0,3,67,12,116,7,4,2,26,80,68,0.1,0.05,0.05,13.4
0,,0,0,3,230,12,394,7,1,4,183,75.556,68,0.1,0.05,0.05,11.86
0,,0,0,3,198,12,390,7,2,4,149,72.22,67.5,0.2,0.1,0.1,6.4
0,,0,0,3,198,12,391,7,2,4,180,72.22,67.5,0.2,0.1,0.1,6.4
0,,0,0,3,26,12,41,1,1,2,11,70.59,67,0.2,0.1,0.1,4.9126
0,,0,0,3,26,12,41,1,1,2,11,70.59,67,0.2,0.1,0.1,4.9126
0,,0,0,3,26,12,41,1,1,2,11,70.59,67,0.2,0.1,0.1,4.9126
0,,0,0,3,26,12,41,1,1,2,11,70.59,67,0.2,0.1,0.1,4.9126
0,,0,0,3,26,12,41,1,1,2,11,70.59,67,0.2,0.1,0.1,4.9126
0,,0,0,3,26,12,41,1,1,2,11,70.59,67,0.2,0.1,0.1,4.9126
0,,0,0,10,1,0,0,0,0,0,0,66,66,0.2,0.1,0.1,10
0,,0,0,10,1,0,0,0,0,0,0,66,66,0.2,0.1,0.1,10
0,,0,0,10,1,0,0,0,0,0,0,66,66,0.2,0.1,0.1,10
0,,0,0,10,1,0,0,0,0,0,0,66,66,0.2,0.1,0.1,10
0,,0,0,3,100,12,173,7,1,4,75,76.47,65,0.2,0.1,0.1,5.6
0,,0,0,3,100,12,173,7,1,4,75,76.47,65,0.2,0.1,0.1,5.6
0,,0,0,3,100,12,173,7,1,4,75,76.47,65,0.2,0.1,0.1,5.6
0,,0,0,3,100,12,173,7,1,4,75,76.47,65,0.2,0.1,0.1,5.6
0,,0,0,3,91,12,164,7,5,4,74,74.29,65,0.2,0.1,0.1,5.98
0,,0,0,3,91,12,164,7,5,4,74,74.29,65,0.2,0.1,0.1,5.98
0,,0,0,3,91,12,164,7,5,4,74,74.29,65,0.2,0.1,0.1,5.98
0,,0,0,3,204,12,349,8,8,4,155,74.29,65,0.2,0.1,0.1,5.58
0,,0,0,3,204,12,349,8,8,4,155,74.29,65,0.2,0.1,0.1,5.58
0,,0,0,3,55,12,95,7,2,4,42,73.33,65,0.2,0.1,0.1,5.4
0,,0,0,3,55,12,95,7,2,4,42,73.33,65,0.2,0.1,0.1,5.4
0,,0,0,3,56,12,96,7,1,4,43,72.222,65,0.2,0.1,0.1,5.85
0,,0,0,3,151,12,250,7,1,2,44,72.22,65,0.2,0.1,0.1,5.79
0,,0,0,3,151,12,250,7,1,2,44,72.22,65,0.2,0.1,0.1,5.79
0,,0,0,3,151,12,250,7,1,2,44,72.22,65,0.2,0.1,0.1,5.79
0,,0,0,3,56,12,96,7,1,4,43,72.22,65,0.2,0.1,0.1,5.85
0,,0,0,3,198,12,338,7,36,4,149,72.22,65,0.2,0.1,0.1,6.4
0,,0,0,3,198,12,339,7,37,4,149,72.22,65,0.2,0.1,0.1,6.4
0,,0,0,3,23,12,38,7,5,4,19,75.294,64,0.1,0.05,0.05,13.6
0,,0,0,3,200,12,344,7,2,2,60,70,63,0.2,0.1,0.1,7.5
0,,0,0,3,200,12,344,7,2,2,60,70,63,0.2,0.1,0.1,7.5
0,,0,0,3,200,12,344,8,46,2,60,70,62,0.2,0.1,0.1,7.5
0,,0,0,3,200,12,344,8,46,2,60,70,62,0.2,0.1,0.1,7.5
0,,0,0,3,200,12,344,8,46,2,60,70,62,0.2,0.1,0.1,7.5
0,,0,0,3,26,12,41,7,2,2,11,70.59,60,0.2,0.1,0.1,4.9126
0,,0,0,3,26,12,41,7,2,2,11,70.59,60,0.2,0.1,0.1,4.9126
0,,0,0,3,26,12,41,7,2,2,11,70.59,60,0.2,0.1,0.1,4.9126
0,,0,0,3,78,12,133,8,8,2,31,70.59,60,0.2,0.1,0.1,6
0,,0,0,3,103,12,176,7,2,2,39,70.59,60,0.2,0.1,0.1,4.9126
0,,0,0,3,103,12,176,7,2,2,39,70.59,60,0.2,0.1,0.1,4.9126
0,,0,0,3,103,12,176,7,2,2,39,70.59,60,0.2,0.1,0.1,4.9126
0,,0,0,3,179,12,307,8,8,4,131,70.59,60,0.2,0.1,0.1,6
0,,0,0,3,59,12,100,7,1,4,46,68.57,60,0.2,0.1,0.1,5.5
0,,0,0,3,59,12,100,7,1,4,46,68.57,60,0.2,0.1,0.1,5.5
0,,0,0,3,59,12,100,7,1,4,46,68.57,60,0.2,0.1,0.1,5.5
0,,0,0,3,80,12,135,7,1,4,62,68.57,60,0.2,0.1,0.1,5.49
0,,0,0,3,80,12,137,7,1,4,62,68.57,60,0.2,0.1,0.1,5.49
0,,0,0,3,83,12,145,7,5,2,22,68.57,60,0.2,0.1,0.1,6
0,,0,0,3,83,12,145,7,5,2,22,68.57,60,0.2,0.1,0.1,6
0,,0,0,3,83,12,145,7,5,2,22,68.57,60,0.2,0.1,0.1,6
0,,0,0,3,102,12,175,7,2,2,38,68.2,60,0.2,0.1,0.1,5.6
0,,0,0,3,102,12,175,7,2,2,38,68.2,60,0.2,0.1,0.1,5.6
0,,0,0,3,52,12,94,7,5,2,21,66.67,60,0.2,0.1,0.1,5.14
0,,0,0,3,52,12,94,7,5,2,21,66.67,60,0.2,0.1,0.1,5.14
0,,0,0,3,52,12,94,7,5,2,21,66.67,60,0.2,0.1,0.1,5.14
0,,0,0,3,42,12,70,8,8,2,15,66.66,60,0.1,0.05,0.05,10.98
0,,0,0,3,95,12,168,8,73,4,26,65.823,60,0.2,0.1,0.1,6.456
0,,0,0,3,95,12,407,8,73,4,26,65.823,60,0.2,0.1,0.1,6.456
0,,0,0,11,1,0,0,0,0,0,0,60,60,0.2,0.1,0.1,10
0,,0,0,3,233,12,145,7,3,2,22,62.7,58,0.2,0.1,0.1,3.3
0,,0,0,3,233,12,145,7,3,2,22,62.7,58,0.2,0.1,0.1,3.3
0,,0,0,11,1,0,0,0,0,0,0,57.5,57.5,0.2,0.1,0.1,10
0,,0,0,3,1250,12,103,8,46,4,48,61.11,56,0.2,0.1,0.1,9.677
0,,0,0,3,1253,12,104,8,46,4,48,61.11,56,0.2,0.1,0.1,9.677
0,,0,0,3,1254,12,105,8,46,4,1302,61.11,56,0.2,0.1,0.1,9.677
0,,0,0,3,169,12,284,7,3,4,116,58.96,56,0.1,0.05,0.05,4.94
0,,0,0,3,169,12,284,1,1,4,116,58.96,56,0.1,0.05,0.05,4.94
0,,0,0,3,1250,12,103,8,46,4,48,61.11,55.6,0.2,0.1,0.1,9.677
0,,0,0,3,1250,12,103,1,1,4,48,61.11,55.6,0.2,0.1,0.1,9.677
0,,0,0,3,1254,12,105,1,1,4,1302,61.11,55.6,0.2,0.1,0.1,9.677
0,,0,0,3,1250,12,103,1,1,4,48,61.11,55.6,0.2,0.1,0.1,9.677
0,,0,0,3,1250,12,103,1,1,4,48,61.11,55.6,0.2,0.1,0.1,9.677
0,,0,0,3,1250,12,103,1,1,4,48,61.11,55.6,0.2,0.1,0.1,9.677
0,,0,0,3,1250,12,103,1,1,4,48,61.11,55.6,0.2,0.1,0.1,9.677
0,,0,0,3,1250,12,103,1,1,4,48,61.11,55.6,0.2,0.1,0.1,9.677
0,,0,0,3,1250,12,103,1,1,4,48,61.11,55.6,0.2,0.1,0.1,9.677
0,,0,0,3,236,12,401,8,126,4,186,64.71,55,0.2,0.1,0.1,7.55
0,,0,0,3,236,12,400,8,125,4,186,64.71,55,0.2,0.1,0.1,7.55
0,,0,0,3,47,12,89,7,5,4,38,61.111,55,0.2,0.1,0.1,5.5
0,,0,0,3,47,12,89,7,5,4,38,61.111,55,0.2,0.1,0.1,5.5
0,,0,0,3,62,12,103,7,1,4,48,61.11,55,0.2,0.1,0.1,7.473
0,,0,0,3,62,12,104,7,1,4,48,61.11,55,0.2,0.1,0.1,7.473
0,,0,0,3,62,12,105,7,1,4,48,61.11,55,0.2,0.1,0.1,7.473
0,,0,0,3,101,12,174,7,4,4,38,63.53,54,0.2,0.1,0.1,6.67
0,,0,0,3,228,12,392,7,5,4,181,63.529,54,0.2,0.1,0.1,5.546
0,,0,0,3,228,12,392,7,5,4,181,63.529,54,0.2,0.1,0.1,5.546
0,,0,0,3,188,12,321,7,1,4,141,61.4,54,0.1,0.05,0.05,3.5574
0,,0,0,3,71,12,120,7,1,4,54,60,54,0.1,0.05,0.05,13.152
0,,0,0,3,160,12,269,1,1,4,110,62.5,50,0.066667,0.033333,0.033333,15.678
0,,0,0,3,93,1,2,1,3,0,0,60,50,0.2,0.1,0.1,3.73
0,,0,0,3,93,1,2,1,3,0,0,60,50,0.2,0.1,0.1,3.73
0,,0,0,3,93,1,2,1,3,0,0,60,50,0.2,0.1,0.1,3.73
0,,0,0,3,93,1,2,1,3,0,0,60,50,0.2,0.1,0.1,3.73
0,,0,0,3,70,12,119,8,8,4,53,58.824,50,0.2,0.1,0.1,5.8
0,,0,0,3,70,12,119,8,8,4,53,58.824,50,0.2,0.1,0.1,5.8
0,,0,0,3,34,12,48,8,17,2,14,58.824,50,0.2,0.1,0.1,7.27
0,,0,0,3,34,12,48,8,18,2,14,58.824,50,0.2,0.1,0.1,7.27
0,,0,0,3,178,12,305,7,5,4,130,58.824,50,0.2,0.1,0.1,7.2
0,,0,0,3,178,12,305,7,5,4,130,58.824,50,0.2,0.1,0.1,7.2
0,,0,0,3,95,12,256,8,8,2,46,58.823,50,0.2,0.1,0.1,6.456
0,,0,0,3,95,12,256,8,8,2,46,58.823,50,0.2,0.1,0.1,6.456
0,,0,0,3,161,12,50,7,9,4,111,58.823,50,0.2,0.1,0.1,8.45
0,,0,0,3,161,12,274,7,9,4,111,58.823,50,0.2,0.1,0.1,8.45
0,,0,0,3,161,12,50,7,9,4,111,58.823,50,0.2,0.1,0.1,8.45
0,,0,0,3,167,12,281,7,4,2,55,58.82,50,0.2,0.1,0.1,7.05
0,,0,0,3,167,12,281,7,4,2,55,58.82,50,0.2,0.1,0.1,7.05
0,,0,0,3,61,12,102,8,8,2,24,58.82,50,0.2,0.1,0.1,8.76
0,,0,0,3,61,12,102,8,8,2,24,58.82,50,0.2,0.1,0.1,8.76
0,,0,0,3,182,12,310,8,8,4,133,58.82,50,0.2,0.1,0.1,6
0,,0,0,3,182,12,310,8,8,4,133,58.82,50,0.2,0.1,0.1,6
0,,0,0,3,130,12,216,8,85,4,95,58.8,50,0.1,0.05,0.05,11.19728
0,,0,0,3,130,12,217,8,86,4,95,58.8,50,0.1,0.05,0.05,11.19728
0,,0,0,3,238,12,402,7,1,4,187,55.6,50,0.2,0.1,0.1,7.63
0,,0,0,3,159,12,268,7,1,2,50,55.56,50,0.2,0.1,0.1,8.5
0,,0,0,3,159,12,268,7,1,2,50,55.56,50,0.2,0.1,0.1,8.5
0,,0,0,14,1,0,0,0,0,0,0,50,50,0.2,0.1,0.1,10
0,,0,0,14,1,0,0,0,0,0,0,50,50,0.2,0.1,0.1,10
0,,0,0,10,1,0,0,0,0,0,0,50,50,0.2,0.1,0.1,10
0,,0,0,10,1,0,0,0,0,0,0,50,50,0.2,0.1,0.1,10
0,,0,0,9,1,0,0,0,0,0,0,50,50,0.2,0.1,0.1,10
0,,0,0,9,1,0,0,0,0,0,0,49.6,49.6,0.2,0.1,0.1,10
0,,0,0,3,24,12,39,7,5,2,10,60,48,0.1,0.05,0.05,12.34
0,,0,0,3,148,12,244,8,8,4,104,56.47,48,0.2,0.1,0.1,7.3
0,,0,0,3,148,12,245,8,8,4,104,56.47,48,0.2,0.1,0.1,7.3
0,,0,0,3,9,12,16,7,3,2,5,53.334,48,0.1,0.05,0.05,4.32
0,,0,0,3,51,12,93,8,46,2,20,53.33,48,0.2,0.1,0.1,6.61
0,,0,0,3,51,12,93,8,47,2,20,53.33,48,0.2,0.1,0.1,6.61
0,,0,0,10,1,0,0,0,0,0,0,48,48,0.2,0.1,0.1,10
0,,0,0,10,1,0,0,0,0,0,0,48,48,0.2,0.1,0.1,10
0,,0,0,11,1,0,0,0,0,0,0,47.5,47.5,0.2,0.1,0.1,10
0,,0,0,3,1184,12,2,7,1,2,1,54.12,46,0.2,0.1,0.1,7.5
0,,0,0,3,1184,12,2,7,1,2,1,54.12,46,0.2,0.1,0.1,7.5
0,,0,0,3,1184,12,2,7,1,2,1,54.12,46,0.2,0.1,0.1,7.5
0,,0,0,3,152,12,251,7,2,2,45,54.118,46,0.2,0.1,0.1,7.3
0,,0,0,3,152,12,251,7,2,2,45,54,46,0.2,0.1,0.1,7.3
0,,0,0,3,2,12,2,7,1,2,1,50,45,0.2,0.1,0.1,6.9
0,,0,0,3,183,12,311,7,1,4,134,50,45,0.2,0.1,0.1,6.42
0,,0,0,3,183,12,312,7,1,4,135,50,45,0.2,0.1,0.1,6.42
0,,0,0,3,162,12,275,7,1,2,53,51.76,44,0.2,0.1,0.1,5.96
0,,0,0,3,35,12,49,7,5,4,25,50,44,0.2,0.1,0.1,6.2
0,,0,0,3,35,12,49,7,5,4,25,50,44,0.2,0.1,0.1,6.2
0,,0,0,3,180,12,308,7,1,2,57,50,44,0.2,0.1,0.1,6.2
0,,0,0,3,180,12,308,7,1,2,57,50,44,0.2,0.1,0.1,6.2
0,,0,0,3,35,12,350,7,1,4,156,50,44,0.2,0.1,0.1,6.2
0,,0,0,3,35,12,356,7,1,4,159,50,44,0.2,0.1,0.1,6.2
0,,0,0,3,35,12,357,7,1,4,156,50,44,0.2,0.1,0.1,6.2
0,,0,0,3,157,12,264,7,3,2,48,50.59,43,0.2,0.1,0.1,6.8
0,,0,0,3,11,12,18,7,1,2,6,50.588,43,0.2,0.1,0.1,4.97
0,,0,0,3,108,12,49,7,1,4,38,47.647,40.5,0.2,0.1,0.1,6.37
0,,0,0,3,108,12,49,7,1,4,38,47.647,40.5,0.2,0.1,0.1,6.37
0,,0,0,3,111,12,246,8,99,4,86,47.06,40,0.2,0.1,0.1,7.5
0,,0,0,3,111,12,247,8,100,4,86,47.06,40,0.2,0.1,0.1,7.5
0,,0,0,3,111,12,189,8,81,4,86,47.06,40,0.2,0.1,0.1,7.5
0,,0,0,3,111,12,190,8,81,4,86,47.06,40,0.2,0.1,0.1,7.5
0,,0,0,3,150,12,249,7,4,2,43,47.06,40,0.2,0.1,0.1,5.44
0,,0,0,3,150,12,249,7,4,2,43,47.06,40,0.2,0.1,0.1,5.44
0,,0,0,3,171,12,292,7,1,4,123,47.06,40,0.2,0.1,0.1,6.19
0,,0,0,3,13,3,3,7,3,4,10,47.06,40,0.2,0.1,0.1,10.4
0,,0,0,3,96,12,169,7,1,2,33,47.06,40,0.2,0.1,0.1,4.9
0,,0,0,3,96,12,169,7,1,2,33,47.06,40,0.2,0.1,0.1,4.9
0,,0,0,3,96,12,169,7,1,2,33,47.06,40,0.2,0.1,0.1,4.9
0,,0,0,3,43,12,72,7,1,4,32,47.06,40,0.2,0.1,0.1,5.81
0,,0,0,3,43,12,73,7,1,4,33,47.06,40,0.2,0.1,0.1,5.81
0,,0,0,3,60,12,101,7,5,4,47,47.058,40,0.2,0.1,0.1,6.1
0,,0,0,3,60,12,101,7,5,4,47,47.058,40,0.2,0.1,0.1,6.1
0,,0,0,3,105,12,178,8,8,4,77,47.058,40,0.2,0.1,0.1,4.6
0,,0,0,3,121,12,201,7,19,4,90,47,40,0.2,0.1,0.1,4.12766
0,,0,0,3,121,12,203,7,19,4,90,47,40,0.2,0.1,0.1,4.12766
0,,0,0,3,72,12,123,7,2,2,28,47,40,0.2,0.1,0.1,5.7
0,,0,0,3,72,12,123,7,2,2,28,47,40,0.2,0.1,0.1,5.7
0,,0,0,3,201,12,345,7,1,4,152,47,40,0.2,0.1,0.1,5.11
0,,0,0,3,202,12,346,7,1,4,152,47,40,0.2,0.1,0.1,5.11
0,,0,0,3,98,12,171,7,1,2,35,45.45,40,0.2,0.1,0.1,6.2
0,,0,0,3,98,12,171,7,1,2,35,45.45,40,0.2,0.1,0.1,6.2
0,,0,0,3,45,12,49,8,8,2,17,45.45,40,0.2,0.1,0.1,6.41
0,,0,0,3,45,12,49,8,8,2,17,45.45,40,0.2,0.1,0.1,6.41
0,,0,0,3,174,12,300,7,5,2,56,45.45,40,0.2,0.1,0.1,7.4
0,,0,0,3,174,12,300,7,5,2,56,45.45,40,0.2,0.1,0.1,7.4
0,,0,0,3,186,12,315,1,1,4,136,44,40,0.2,0.1,0.1,6.19
0,,0,0,3,186,12,316,7,1,4,137,44,40,0.2,0.1,0.1,6.19
0,,0,0,3,186,12,318,7,1,4,139,44,40,0.2,0.1,0.1,6.19
0,,0,0,3,31,12,45,7,3,2,12,43.48,40,0.2,0.1,0.1,2.4
0,,0,0,3,31,12,45,7,3,2,12,43.48,40,0.2,0.1,0.1,2.4
0,,0,0,3,31,12,45,7,3,2,12,43.48,40,0.2,0.1,0.1,2.4
0,,0,0,14,1,0,0,0,0,0,0,40,40,0.2,0.1,0.1,10
0,,0,0,14,1,0,0,0,0,0,0,40,40,0.2,0.1,0.1,10
0,,0,0,9,1,0,0,0,0,0,0,40,40,0.2,0.1,0.1,10
0,,0,0,3,58,12,98,7,5,4,44,44.71,38,0.2,0.1,0.1,6.19
0,,0,0,3,75,12,128,7,1,2,29,43.43,38,0.2,0.1,0.1,5.8
0,,0,0,3,75,12,128,7,1,2,29,43.43,38,0.2,0.1,0.1,5.8
0,,0,0,3,110,12,188,7,3,4,85,41.66,37.5,0.2,0.1,0.1,2.3
0,,0,0,3,110,12,188,7,3,4,85,40,37.5,0.2,0.1,0.1,2.3
0,,0,0,3,150,12,188,1,1,4,85,43.5,37,0.2,0.1,0.1,5.44
0,,0,0,3,150,12,188,1,1,4,85,43.5,37,0.2,0.1,0.1,5.44
0,,0,0,3,150,12,188,8,46,4,85,41,37,0.2,0.1,0.1,5.44
0,,0,0,3,150,12,188,8,46,4,85,41,37,0.2,0.1,0.1,5.44
0,,0,0,3,150,12,188,8,46,4,85,41,37,0.2,0.1,0.1,5.44
0,,0,0,3,20,12,34,7,2,2,7,42.36,36,0.1,0.05,0.05,10.9
0,,0,0,3,15,12,23,8,8,2,8,42.353,36,0.2,0.1,0.1,4.7
0,,0,0,3,35,12,1872,1,1,4,1258,50,35,0.2,0.1,0.1,6.2
0,,0,0,3,35,12,1869,1,1,4,1256,50,35,0.2,0.1,0.1,6.2
0,,0,0,3,235,12,167,7,1,2,32,41.2,35,0.2,0.1,0.1,8.0552
0,,0,0,3,235,12,167,7,1,2,32,41.2,35,0.2,0.1,0.1,8.0552
0,,0,0,3,235,12,167,7,1,2,32,41.2,35,0.2,0.1,0.1,8.0552
0,,0,0,3,94,12,167,1,1,2,32,40,35,0.2,0.1,0.1,6.4
0,,0,0,3,94,12,167,1,1,2,32,40,35,0.2,0.1,0.1,6.4
0,,0,0,3,94,12,167,8,8,2,32,40,35,0.2,0.1,0.1,6.4
0,,0,0,3,94,12,167,8,8,2,32,40,35,0.2,0.1,0.1,6.4
0,,0,0,3,23,12,38,7,5,4,19,37.647,35,0.2,0.1,0.1,6.8
0,,0,0,3,112,12,191,7,13,4,87,40,34,0.2,0.1,0.1,6.6
0,,0,0,3,113,12,192,7,13,4,88,40,34,0.2,0.1,0.1,6.6
0,,0,0,3,113,12,193,7,13,4,88,40,34,0.2,0.1,0.1,6.6
0,,0,0,3,67,12,116,7,4,2,26,40,34,0.2,0.1,0.1,6.7
0,,0,0,3,67,12,116,7,4,2,26,40,34,0.2,0.1,0.1,6.7
0,,0,0,3,230,12,394,7,1,4,183,37.778,34,0.2,0.1,0.1,5.93
0,,0,0,3,230,12,394,7,1,4,183,37.778,34,0.2,0.1,0.1,5.93
0,,0,0,3,187,12,320,8,8,4,140,38.82,33,0.2,0.1,0.1,5.999
0,,0,0,3,187,12,320,8,8,4,140,38.82,33,0.2,0.1,0.1,5.999
0,,0,0,3,20,12,34,1,1,2,7,42.36,32,0.1,0.05,0.05,10.9
0,,0,0,3,23,12,38,7,5,4,19,37.647,32,0.2,0.1,0.1,6.8
0,,0,0,3,74,12,125,7,9,4,57,36.47,31,0.2,0.1,0.1,5.81
0,,0,0,3,74,12,126,7,9,4,57,36.47,31,0.2,0.1,0.1,5.81
0,,0,0,3,144,12,236,8,89,4,101,42.5,30,0.2,0.1,0.1,6.6
0,,0,0,3,145,12,237,8,90,4,101,42.5,30,0.2,0.1,0.1,6.6
0,,0,0,3,144,12,238,8,91,4,102,42.5,30,0.2,0.1,0.1,6.6
0,,0,0,3,144,12,239,8,92,4,101,42.5,30,0.2,0.1,0.1,6.6
0,,0,0,3,94,12,167,1,1,2,32,40,30,0.2,0.1,0.1,6.4
0,,0,0,3,94,12,167,1,1,2,32,40,30,0.2,0.1,0.1,6.4
0,,0,0,3,69,12,117,7,1,2,27,37.5,30,0.1,0.05,0.05,9.8
0,,0,0,3,39,12,60,8,8,4,28,37.5,30,0.1,0.05,0.05,12.5
0,,0,0,3,10,12,17,8,8,4,9,35.29,30,0.2,0.1,0.1,6.7
0,,0,0,3,10,12,17,8,8,4,9,35.29,30,0.2,0.1,0.1,6.7
0,,0,0,3,12,12,19,7,2,4,9,35.29,30,0.2,0.1,0.1,4.9893
0,,0,0,3,12,12,20,7,2,4,9,35.29,30,0.2,0.1,0.1,4.9893
0,,0,0,3,49,12,91,7,1,2,19,35.29,30,0.2,0.1,0.1,4.47
0,,0,0,3,42,12,70,8,8,2,16,33.33,30,0.2,0.1,0.1,5.49
0,,0,0,14,1,0,0,0,0,0,0,30,30,0.2,0.1,0.1,10
0,,0,0,14,1,0,0,0,0,0,0,30,30,0.2,0.1,0.1,10
0,,0,0,14,1,0,0,0,0,0,0,30,30,0.2,0.1,0.1,10
0,,0,0,14,1,0,0,0,0,0,0,30,30,0.2,0.1,0.1,10
0,,0,0,14,1,0,0,0,0,0,0,30,30,0.2,0.1,0.1,10
0,,0,0,14,1,0,0,0,0,0,0,30,30,0.2,0.1,0.1,10
0,,0,0,14,1,0,0,0,0,0,0,30,30,0.2,0.1,0.1,10
0,,0,0,14,1,0,0,0,0,0,0,30,30,0.2,0.1,0.1,10
0,,0,0,14,1,0,0,0,0,0,0,30,30,0.2,0.1,0.1,10
0,,0,0,14,1,0,0,0,0,0,0,30,30,0.2,0.1,0.1,10
0,,0,0,9,1,0,0,0,0,0,0,30,30,0.2,0.1,0.1,10
0,,0,0,9,1,0,0,0,0,0,0,30,30,0.2,0.1,0.1,10
0,,0,0,9,1,0,0,0,0,0,0,30,30,0.2,0.1,0.1,10
0,,0,0,3,88,12,156,7,10,4,70,32.2,29,0.2,0.1,0.1,2.54
0,,0,0,3,88,12,157,7,11,4,70,32.2,29,0.2,0.1,0.1,2.54
0,,0,0,3,88,12,1895,1,1,4,70,32.2,28.5,0.2,0.1,0.1,2.54
0,,0,0,3,88,12,1896,1,1,4,70,32.2,28.5,0.2,0.1,0.1,2.54
0,,0,0,3,169,12,285,7,3,4,117,29.48,28,0.2,0.1,0.1,2.47
0,,0,0,3,169,12,286,7,3,4,118,29.48,28,0.2,0.1,0.1,2.47
0,,0,0,3,169,12,285,1,1,4,117,29.48,28,0.2,0.1,0.1,2.47
0,,0,0,3,169,12,286,1,1,4,118,29.48,28,0.2,0.1,0.1,2.47
0,,0,0,3,163,12,276,7,5,2,54,31.35,27.5,0.2,0.1,0.1,4.9
0,,0,0,3,188,12,322,7,1,4,141,30.7,27,0.2,0.1,0.1,1.7787
0,,0,0,3,188,12,323,7,1,4,141,30.7,27,0.2,0.1,0.1,1.7787
0,,0,0,3,71,12,121,7,1,4,54,30,27,0.2,0.1,0.1,6.576
0,,0,0,3,71,12,122,7,1,4,55,30,27,0.2,0.1,0.1,6.576
0,,0,0,3,97,12,170,1,1,2,34,30.59,26,0.2,0.1,0.1,3.8
0,,0,0,3,97,12,170,8,8,2,34,30.59,26,0.2,0.1,0.1,3.8
0,,0,0,3,177,12,303,7,1,4,129,31.25,25,0.2,0.1,0.1,4.829
0,,0,0,3,177,12,304,7,1,4,129,31.25,25,0.2,0.1,0.1,4.829
0,,0,0,3,71,12,271,8,46,4,54,30,25,0.2,0.1,0.1,6.576
0,,0,0,3,71,12,271,8,46,4,54,30,25,0.2,0.1,0.1,6.576
0,,0,0,3,71,12,271,8,46,4,54,30,25,0.2,0.1,0.1,6.576
0,,0,0,3,191,12,326,7,3,2,49,29.41,25,0.2,0.1,0.1,5.5
0,,0,0,3,191,12,326,7,3,2,49,29.41,25,0.2,0.1,0.1,5.5
0,,0,0,3,158,12,265,7,34,2,49,29.41,25,0.2,0.1,0.1,4.0248
0,,0,0,3,17,12,27,8,13,4,14,29.41,25,0.2,0.1,0.1,4.39
0,,0,0,3,17,12,28,8,13,4,14,29.41,25,0.2,0.1,0.1,4.39
0,,0,0,3,130,12,218,8,87,4,95,29.4,25,0.2,0.1,0.1,5.59864
0,,0,0,14,1,0,0,0,0,0,0,25,25,0.2,0.1,0.1,10
0,,0,0,14,1,0,0,0,0,0,0,25,25,0.2,0.1,0.1,10
0,,0,0,11,1,0,0,0,0,0,0,25,25,0.2,0.1,0.1,10
0,,0,0,3,168,12,282,7,1,4,115,28.824,24.5,0.2,0.1,0.1,4.86
0,,0,0,3,168,12,283,7,1,4,115,28.824,24.5,0.2,0.1,0.1,4.86
0,,0,0,3,8,12,14,7,2,4,8,30,24,0.2,0.1,0.1,5.91
0,,0,0,3,24,12,39,7,5,2,10,30,24,0.2,0.1,0.1,6.17
0,,0,0,3,24,12,39,7,5,2,10,30,24,0.2,0.1,0.1,6.17
0,,0,0,3,33,12,47,7,9,2,13,28.24,24,0.2,0.1,0.1,5.15
0,,0,0,3,33,12,47,7,9,2,13,28.24,24,0.2,0.1,0.1,5.15
0,,0,0,3,33,12,47,7,9,2,13,28.24,24,0.2,0.1,0.1,5.15
0,,0,0,3,9,12,16,7,3,2,5,26.667,24,0.2,0.1,0.1,2.16
0,,0,0,3,9,12,16,7,3,2,5,26.667,24,0.2,0.1,0.1,2.16
0,,0,0,3,24,12,39,1,1,2,10,30,23,0.2,0.1,0.1,6.17
0,,0,0,3,24,12,39,1,1,2,10,30,23,0.2,0.1,0.1,6.17
0,,0,0,-3,129,14,1,0,0,5,1,25,22.5,0.2,0.1,0.1,3
0,,0,0,-3,129,14,1,0,0,5,1,25,22.5,0.2,0.1,0.1,3
0,,0,0,-3,129,14,2,0,0,5,1,25,22.5,0.2,0.1,0.1,3
0,,0,0,-3,129,14,3,0,0,5,1,25,22.5,0.2,0.1,0.1,3
0,,0,0,-3,129,12,215,0,0,4,94,25,22.5,0.2,0.1,0.1,3
0,,0,0,3,130,12,1701,7,69,4,1124,25,22,0.2,0.1,0.1,5.59864
0,,0,0,3,130,12,1701,7,70,4,1124,25,22,0.2,0.1,0.1,5.59864
0,,0,0,3,130,12,1701,8,177,4,1124,25,22,0.2,0.1,0.1,5.59864
0,,0,0,3,160,12,270,1,1,4,110,26.25,21,0.2,0.1,0.1,5.114
0,,0,0,3,160,12,269,7,1,4,110,26.25,21,0.2,0.1,0.1,5.114
0,,0,0,3,182,12,319,7,4,2,59,25,20,0.2,0.1,0.1,6
0,,0,0,3,184,12,16,1,1,2,5,23.53,20,0.2,0.1,0.1,9.41
0,,0,0,3,184,12,16,1,1,2,5,23.53,20,0.2,0.1,0.1,9.41
0,,0,0,3,20,12,34,7,1,2,7,23.53,20,0.1,0.05,0.05,10.9
0,,0,0,3,184,12,16,7,1,2,5,23.53,20,0.2,0.1,0.1,9.41
0,,0,0,3,184,12,16,7,1,2,5,23.53,20,0.2,0.1,0.1,9.41
0,,0,0,3,237,12,271,1,1,4,54,23.529,20,0.2,0.1,0.1,4.53
0,,0,0,3,237,12,271,1,1,4,54,23.529,20,0.2,0.1,0.1,4.53
0,,0,0,3,237,12,271,1,1,4,54,23.529,20,0.2,0.1,0.1,4.53
0,,0,0,14,1,0,0,0,0,0,0,20,20,0.2,0.1,0.1,10
0,,0,0,14,1,0,0,0,0,0,0,20,20,0.2,0.1,0.1,10
0,,0,0,14,1,0,0,0,0,0,0,20,20,0.2,0.1,0.1,10
0,,0,0,14,1,0,0,0,0,0,0,20,20,0.2,0.1,0.1,10
0,,0,0,14,1,0,0,0,0,0,0,20,20,0.2,0.1,0.1,10
0,,0,0,14,1,0,0,0,0,0,0,20,20,0.2,0.1,0.1,10
0,,0,0,14,1,0,0,0,0,0,0,20,20,0.2,0.1,0.1,10
0,,0,0,14,1,0,0,0,0,0,0,20,20,0.2,0.1,0.1,10
0,,0,0,14,1,0,0,0,0,0,0,20,20,0.2,0.1,0.1,10
0,,0,0,14,1,0,0,0,0,0,0,20,20,0.2,0.1,0.1,10
0,,0,0,14,1,0,0,0,0,0,0,20,20,0.2,0.1,0.1,10
0,,0,0,14,1,0,0,0,0,0,0,20,20,0.2,0.1,0.1,10
0,,0,0,14,1,0,0,0,0,0,0,20,20,0.2,0.1,0.1,10
0,,0,0,14,1,0,0,0,0,0,0,20,20,0.2,0.1,0.1,10
0,,0,0,14,1,0,0,0,0,0,0,20,20,0.2,0.1,0.1,10
0,,0,0,14,1,0,0,0,0,0,0,20,20,0.2,0.1,0.1,10
0,,0,0,14,1,0,0,0,0,0,0,20,20,0.2,0.1,0.1,10
0,,0,0,14,1,0,0,0,0,0,0,20,20,0.2,0.1,0.1,10
0,,0,0,14,1,0,0,0,0,0,0,20,20,0.2,0.1,0.1,10
0,,0,0,14,1,0,0,0,0,0,0,20,20,0.2,0.1,0.1,10
0,,0,0,14,1,0,0,0,0,0,0,20,20,0.2,0.1,0.1,10
0,,0,0,14,1,0,0,0,0,0,0,20,20,0.2,0.1,0.1,10
0,,0,0,14,1,0,0,0,0,0,0,20,20,0.2,0.1,0.1,10
0,,0,0,14,1,0,0,0,0,0,0,20,20,0.2,0.1,0.1,10
0,,0,0,14,1,0,0,0,0,0,0,20,20,0.2,0.1,0.1,10
0,,0,0,14,1,0,0,0,0,0,0,20,20,0.2,0.1,0.1,10
0,,0,0,14,1,0,0,0,0,0,0,20,20,0.2,0.1,0.1,10
0,,0,0,14,1,0,0,0,0,0,0,20,20,0.2,0.1,0.1,10
0,,0,0,14,1,0,0,0,0,0,0,20,20,0.2,0.1,0.1,10
0,,0,0,14,1,0,0,0,0,0,0,20,20,0.2,0.1,0.1,10
0,,0,0,14,1,0,0,0,0,0,0,20,20,0.2,0.1,0.1,10
0,,0,0,11,1,0,0,0,0,0,0,20,20,0.2,0.1,0.1,10
0,,0,0,10,1,0,0,0,0,0,0,20,20,0.2,0.1,0.1,10
0,,0,0,3,20,12,34,7,2,2,7,21.18,18,0.2,0.1,0.1,5.45
0,,0,0,3,20,12,34,7,2,2,7,21.18,18,0.2,0.1,0.1,5.45
0,,0,0,3,20,12,34,1,1,2,7,21.18,16,0.2,0.1,0.1,5.45
0,,0,0,3,20,12,34,7,5,2,7,20,16,0.1,0.05,0.05,10.9
0,,0,0,3,838,12,1697,8,175,4,1123,18.75,15,0.2,0.1,0.1,4.4449
0,,0,0,3,838,12,1698,8,176,4,1123,18.75,15,0.2,0.1,0.1,4.4449
0,,0,0,3,838,12,1699,0,0,4,1123,18.75,15,0.2,0.1,0.1,4.4449
0,,0,0,3,838,12,1700,0,0,4,1123,18.75,15,0.2,0.1,0.1,4.4449
0,,0,0,3,69,12,118,7,1,2,27,18.75,15,0.2,0.1,0.1,4.9
0,,0,0,3,39,12,61,8,8,4,28,18.75,15,0.2,0.1,0.1,6.25
0,,0,0,14,1,0,0,0,0,0,0,15,15,0.2,0.1,0.1,10
0,,0,0,14,1,0,0,0,0,0,0,15,15,0.2,0.1,0.1,10
0,,0,0,3,124,12,204,8,82,4,91,17.5,14,0.1,0.05,0.05,18.25984
0,,0,0,3,185,12,314,7,1,2,58,15.625,12.5,0.2,0.1,0.1,5.1
0,,0,0,3,149,12,248,8,8,2,7,15.294,12,0.2,0.1,0.1,5.45
0,,0,0,3,147,12,243,8,13,2,42,14.12,12,0.2,0.1,0.1,6.06
0,,0,0,3,14,1,1,7,4,2,7,14,12,0.2,0.1,0.1,4.245
0,,0,0,3,117,12,196,7,16,4,89,12.5,10,0.1,0.05,0.05,18.25984
0,,0,0,3,128,12,214,7,26,4,93,12.5,10,0.2,0.1,0.1,5.632
0,,0,0,3,128,12,214,7,26,4,93,12.5,10,0.2,0.1,0.1,5.632
0,,0,0,3,20,12,34,7,1,2,7,11.765,10,0.2,0.1,0.1,5.45
0,,0,0,3,126,12,210,7,22,4,92,11.762,10,0.1,0.05,0.05,12.2449
0,,0,0,3,1240,12,1917,8,181,4,1293,11.76,10,0.2,0.1,0.1,4.64
0,,0,0,3,128,12,1920,8,182,4,1298,11.76,10,0.2,0.1,0.1,5.632
0,,0,0,3,1240,12,1914,8,180,4,1293,11.76,10,0.2,0.1,0.1,4.64
0,,0,0,3,50,1,1,8,8,4,39,11.76,10,0.2,0.1,0.1,6.183
0,,0,0,14,1,0,0,0,0,0,0,10,10,0.2,0.1,0.1,10
0,,0,0,14,1,0,0,0,0,0,0,10,10,0.2,0.1,0.1,10
0,,0,0,14,1,0,0,0,0,0,0,10,10,0.2,0.1,0.1,10
0,,0,0,14,1,0,0,0,0,0,0,10,10,0.2,0.1,0.1,10
0,,0,0,14,1,0,0,0,0,0,0,10,10,0.2,0.1,0.1,10
0,,0,0,14,1,0,0,0,0,0,0,10,10,0.2,0.1,0.1,10
0,,0,0,14,1,0,0,0,0,0,0,10,10,0.2,0.1,0.1,10
0,,0,0,14,1,0,0,0,0,0,0,10,10,0.2,0.1,0.1,10
0,,0,0,14,1,0,0,0,0,0,0,10,10,0.2,0.1,0.1,10
0,,0,0,14,1,0,0,0,0,0,0,10,10,0.2,0.1,0.1,10
0,,0,0,14,1,0,0,0,0,0,0,10,10,0.2,0.1,0.1,10
0,,0,0,14,1,0,0,0,0,0,0,10,10,0.2,0.1,0.1,10
0,,0,0,14,1,0,0,0,0,0,0,10,10,0.2,0.1,0.1,10
0,,0,0,14,1,0,0,0,0,0,0,10,10,0.2,0.1,0.1,10
0,,0,0,14,1,0,0,0,0,0,0,10,10,0.2,0.1,0.1,10
0,,0,0,14,1,0,0,0,0,0,0,10,10,0.2,0.1,0.1,10
0,,0,0,14,1,0,0,0,0,0,0,10,10,0.2,0.1,0.1,10
0,,0,0,14,1,0,0,0,0,0,0,10,10,0.2,0.1,0.1,10
0,,0,0,14,1,0,0,0,0,0,0,10,10,0.2,0.1,0.1,10
0,,0,0,3,1034,12,214,7,26,4,93,9,9,0.2,0.1,0.1,5.632
0,,0,0,3,1034,12,214,7,26,4,93,9,9,0.2,0.1,0.1,5.632
0,,0,0,3,1034,12,214,7,26,4,93,9,9,0.2,0.1,0.1,5.632
0,,0,0,3,1035,12,214,7,26,4,93,9,9,0.2,0.1,0.1,5.632
0,,0,0,3,20,12,34,1,1,2,7,10,8,0.2,0.1,0.1,5.45
0,,0,0,3,20,12,34,7,5,2,7,10,8,0.2,0.1,0.1,5.45
0,,0,0,3,124,12,1702,7,71,4,1125,8.75,7,0.2,0.1,0.1,9.12992
0,,0,0,3,124,12,1703,7,72,4,1126,8.75,7,0.2,0.1,0.1,9.12992
0,,0,0,3,124,12,205,8,83,4,91,8.75,7,0.2,0.1,0.1,9.12992
0,,0,0,3,124,12,206,8,84,4,91,8.75,7,0.2,0.1,0.1,9.12992
0,,0,0,3,48,12,90,8,13,2,18,6.67,6.2,0.2,0.1,0.1,8.1
0,,0,0,3,48,12,90,8,13,2,18,6.67,6.2,0.2,0.1,0.1,8.1
0,,0,0,3,141,0,0,0,0,0,0,7.5,6,0.2,0.1,0.1,5.33333
0,,0,0,3,141,0,0,0,0,0,0,7.5,6,0.2,0.1,0.1,5.33333
0,,0,0,3,124,12,240,8,93,4,103,7.059,6,0.2,0.1,0.1,9.12992
0,,0,0,3,124,12,241,8,94,4,103,7.059,6,0.2,0.1,0.1,9.12992
0,,0,0,3,124,12,1695,8,173,4,1122,6.25,6,0.2,0.1,0.1,9.12992
0,,0,0,3,124,12,1696,8,174,4,1122,6.25,6,0.2,0.1,0.1,9.12992
0,,0,0,3,136,12,227,7,33,4,97,6.74,5.4,0.1,0.05,0.05,8.29222
0,,0,0,3,117,12,195,7,15,4,89,6.25,5,0.2,0.1,0.1,9.12992
0,,0,0,3,117,12,197,7,17,4,89,6.25,5,0.2,0.1,0.1,9.12992
0,,0,0,3,54,12,75,7,1,4,41,6.25,5,0.2,0.1,0.1,2.466
0,,0,0,3,92,12,165,8,8,4,41,6.25,5,0.2,0.1,0.1,4.35
0,,0,0,3,92,12,166,8,8,4,41,6.25,5,0.2,0.1,0.1,4.35
0,,0,0,3,126,12,211,7,23,4,92,5.882,5,0.2,0.1,0.1,6.12245
0,,0,0,3,126,12,212,7,24,4,92,5.882,5,0.2,0.1,0.1,6.12245
0,,0,0,3,120,12,209,7,14,0,0,5,3.2,0.1,0.05,0.05,2.04
0,,0,0,3,131,1,1,7,14,0,0,4,3.2,0.1,0.05,0.05,2.04
0,,0,0,3,132,1,1,7,14,0,0,4,3.2,0.1,0.05,0.05,2.04
0,,0,0,3,115,1,1,7,14,0,0,4,3.2,0.1,0.05,0.05,2.04
0,,0,0,3,120,1,1,7,14,0,0,4,3.2,0.1,0.05,0.05,2.04
0,,0,0,3,120,1,1,7,14,0,0,4,3.2,0.1,0.05,0.05,2.04
0,,0,0,3,122,1,1,7,14,0,0,3.126,3.12,0.1,0.05,0.05,6.28
0,,0,0,3,122,1,1,7,14,0,0,3.126,3.12,0.1,0.05,0.05,6.28
0,,0,0,6,142,12,234,2,6,4,100,3.75,3,0.2,0.1,0.1,5.33333
0,,0,0,6,143,12,235,2,7,4,100,3.75,3,0.2,0.1,0.1,5.33333
0,,0,0,3,119,1,1,7,14,0,0,3.25,3,0.1,0.05,0.05,6.28
0,,0,0,6,139,12,230,2,1,4,98,3.18,3,0.2,0.1,0.1,5.33333
0,,0,0,3,135,12,226,7,33,4,97,3.37,2.7,0.2,0.1,0.1,4.14611
0,,0,0,3,137,12,228,7,33,4,97,3.37,2.7,0.2,0.1,0.1,4.14611
0,,0,0,3,114,12,194,7,14,2,40,3.406,2.6,0.2,0.1,0.1,9.23077
0,,0,0,3,125,12,208,7,21,0,0,3.126,2,0.1,0.05,0.05,3.16
0,,0,0,3,120,1,1,7,14,0,0,2.6,2,0.2,0.1,0.1,1.02
0,,0,0,3,120,1,1,7,14,0,0,2,2,0.2,0.1,0.1,1.02
0,,0,0,3,127,1,1,7,14,0,0,2.439,1.95,0.066667,0.033333,0.033333,6.1908
0,,0,0,3,120,12,209,7,14,0,0,2.5,1.6,0.2,0.1,0.1,1.02
0,,0,0,3,120,12,209,7,14,0,0,2.5,1.6,0.2,0.1,0.1,1.02
0,,0,0,3,131,1,1,7,14,0,0,2,1.6,0.2,0.1,0.1,1.02
0,,0,0,3,131,1,1,7,14,0,0,2,1.6,0.2,0.1,0.1,1.02
0,,0,0,3,133,1,1,7,14,0,0,2,1.6,0.2,0.1,0.1,1.02
0,,0,0,3,116,1,1,7,14,0,0,2,1.6,0.2,0.1,0.1,1.02
0,,0,0,3,123,1,1,7,14,0,0,2,1.6,0.1,0.05,0.05,6.66
0,,0,0,3,123,1,1,7,14,0,0,2,1.6,0.1,0.05,0.05,6.66
0,,0,0,3,120,1,1,7,14,0,0,2,1.6,0.2,0.1,0.1,1.02
0,,0,0,3,120,1,1,7,14,0,0,2,1.6,0.2,0.1,0.1,1.02
0,,0,0,3,120,1,1,7,14,0,0,2,1.6,0.2,0.1,0.1,1.02
0,,0,0,3,120,1,1,7,14,0,0,2,1.6,0.2,0.1,0.1,1.02
0,,0,0,3,122,1,1,7,14,0,0,1.563,1.56,0.2,0.1,0.1,3.14
0,,0,0,3,119,1,1,7,14,0,0,1.625,1.5,0.2,0.1,0.1,3.14
0,,0,0,3,119,1,1,7,14,0,0,1.625,1.5,0.2,0.1,0.1,3.14
0,,0,0,3,119,12,199,7,14,0,0,1.625,1.5,0.2,0.1,0.1,3.14
0,,0,0,3,119,1,1,7,14,0,0,1.625,1.5,0.2,0.1,0.1,3.14
0,,0,0,3,125,12,207,7,20,0,0,1.563,1,0.2,0.1,0.1,1.58
0,,0,0,3,125,12,208,7,21,0,0,1.563,1,0.2,0.1,0.1,1.58
0,,0,0,3,123,1,1,7,14,0,0,1,0.8,0.2,0.1,0.1,3.33
0,,0,0,3,127,1,1,7,14,0,0,0.813,0.65,0.2,0.1,0.1,2.0636
0,,0,0,6,1225,12,765,0,0,8,1,100,0,0.2,0.1,0.1,2.99
0,,0,0,6,1225,12,765,0,0,8,1,100,0,0.2,0.1,0.1,2.99
