id,name,volt,Q_rate,V_rate,position,node,P,Q,off,Q_meas,nd,bs,island,type,base_value
序号,并补名,电压等级,额定容量,额定电压,连接位置,所在拓扑节点,有功功率,无功功率,停运标志,无功量测,物理节点,计算节点,电气岛号,类型,电压等级
1,三峡左岸.500kV.5113电抗器,500,60.000,525.000,0,国调.三峡左岸厂.500.nd50399,0.000,0.000,1,0,50399,122,-1,Compensator_P,525
2,复龙换流.500kV.5611ACF,500,220.000,525.000,0,国调.复龙换流站.500.2,0.000,219.567,0,0,2143,2,0,Compensator_P,525
3,复龙换流.500kV.5612ACF,500,220.000,525.000,0,国调.复龙换流站.500.2,0.000,219.567,0,0,2145,2,0,Compensator_P,525
4,复龙换流.500kV.5641ACF,500,220.000,525.000,0,国调.复龙换流站.500.2,0.000,219.567,0,0,2151,2,0,Compensator_P,525
5,复龙换流.500kV.5642ACF,500,220.000,525.000,0,国调.复龙换流站.500.2,0.000,219.567,0,0,2153,2,0,Compensator_P,525
6,复龙换流.500kV.5643ACF,500,220.000,525.000,0,国调.复龙换流站.500.2,0.000,219.567,0,0,2155,2,0,Compensator_P,525
7,复龙换流.500kV.5621ACF,500,220.000,525.000,0,国调.复龙换流站.500.2,0.000,219.567,0,0,2126,2,0,Compensator_P,525
8,复龙换流.500kV.5622ACF,500,220.000,525.000,0,国调.复龙换流站.500.2,0.000,219.567,0,0,2128,2,0,Compensator_P,525
9,复龙换流.500kV.5624ACF,500,-180.000,525.000,0,国调.复龙换流站.500.2,0.000,0.000,1,0,2132,2,0,Compensator_P,525
10,复龙换流.500kV.5631ACF,500,220.000,525.000,0,国调.复龙换流站.500.2,0.000,219.567,0,0,2134,2,0,Compensator_P,525
11,复龙换流.500kV.5632ACF,500,220.000,525.000,0,国调.复龙换流站.500.2,0.000,219.567,0,0,2136,2,0,Compensator_P,525
12,锦屏换流站.500kV.5611ACF,500,215.000,525.000,0,国调.锦屏换流站.500.240,0.000,212.937,0,0,2231,240,0,Compensator_P,525
13,锦屏换流站.500kV.5612ACF,500,215.000,525.000,0,国调.锦屏换流站.500.240,0.000,212.937,0,0,2233,240,0,Compensator_P,525
14,锦屏换流站.500kV.5613SC,500,215.000,525.000,0,国调.锦屏换流站.500.240,0.000,212.937,0,0,2235,240,0,Compensator_P,525
15,锦屏换流站.500kV.5621ACF,500,215.000,525.000,0,国调.锦屏换流站.500.240,0.000,212.937,0,0,2239,240,0,Compensator_P,525
16,锦屏换流站.500kV.5622ACF,500,215.000,525.000,0,国调.锦屏换流站.500.240,0.000,212.937,0,0,2241,240,0,Compensator_P,525
17,锦屏换流站.500kV.5623SC,500,215.000,525.000,0,国调.锦屏换流站.500.240,0.000,0.000,1,0,2243,240,0,Compensator_P,525
18,锦屏换流站.500kV.5624SC,500,215.000,525.000,0,国调.锦屏换流站.500.240,0.000,0.000,1,0,2245,240,0,Compensator_P,525
19,锦屏换流站.500kV.5631ACF,500,215.000,525.000,0,国调.锦屏换流站.500.240,0.000,212.937,0,0,2247,240,0,Compensator_P,525
20,锦屏换流站.500kV.5632ACF,500,215.000,525.000,0,国调.锦屏换流站.500.240,0.000,212.937,0,0,2249,240,0,Compensator_P,525
21,锦屏换流站.500kV.5633ACF,500,215.000,525.000,0,国调.锦屏换流站.500.240,0.000,212.937,0,0,2251,240,0,Compensator_P,525
22,锦屏换流站.500kV.5634SC,500,215.000,525.000,0,国调.锦屏换流站.500.240,0.000,212.937,0,0,2253,240,0,Compensator_P,525
23,锦屏换流站.500kV.5641ACF,500,215.000,525.000,0,国调.锦屏换流站.500.240,0.000,212.937,0,0,2255,240,0,Compensator_P,525
24,锦屏换流站.500kV.5642ACF,500,215.000,525.000,0,国调.锦屏换流站.500.240,0.000,212.937,0,0,2257,240,0,Compensator_P,525
25,锦屏换流站.500kV.5643SC,500,215.000,525.000,0,国调.锦屏换流站.500.240,0.000,212.937,0,0,2259,240,0,Compensator_P,525
26,锦屏换流站.35kV.311L,35,-60.000,37.000,0,国调.锦屏换流站.35.nd2265,0.000,0.000,1,0,2265,261,-1,Compensator_P,35
27,锦屏换流站.35kV.312L,35,-60.000,37.000,0,国调.锦屏换流站.35.nd2267,0.000,0.000,1,0,2267,261,-1,Compensator_P,35
28,锦屏换流站.35kV.313L,35,-60.000,37.000,0,国调.锦屏换流站.35.nd2269,0.000,0.000,1,0,2269,261,-1,Compensator_P,35
29,锦屏换流站.35kV.321L,35,-60.000,37.000,0,国调.锦屏换流站.35.nd2273,0.000,0.000,1,0,2273,262,-1,Compensator_P,35
30,锦屏换流站.35kV.322L,35,-60.000,37.000,0,国调.锦屏换流站.35.nd2275,0.000,0.000,1,0,2275,262,-1,Compensator_P,35
31,锦屏换流站.35kV.323L,35,-60.000,37.000,0,国调.锦屏换流站.35.nd2277,0.000,0.000,1,0,2277,262,-1,Compensator_P,35
32,锦东电厂.500kV.东天一线电抗器,500,-140.000,525.000,国调.东天一线,国调.锦东厂.500.263,0.000,-133.395,0,-140.19,17489,263,0,Compensator_P,525
33,锦东电厂.500kV.东天二线电抗器,500,-140.000,525.000,国调.东天二线,国调.锦东厂.500.263,0.000,-133.395,0,-140.19,17488,263,0,Compensator_P,525
34,复龙换流.500kV.5623ACF,500,220.000,525.000,0,国调.复龙换流站.500.nd50400,0.000,0.000,1,0,50400,5,-1,Compensator_P,525
35,复龙换流.500kV.5613ACF,500,220.000,525.000,0,国调.复龙换流站.500.nd50401,0.000,0.000,1,0,50401,6,-1,Compensator_P,525
36,复龙换流.500kV.5614ACF,500,220.000,525.000,0,国调.复龙换流站.500.nd50402,0.000,0.000,1,0,50402,7,-1,Compensator_P,525
37,复龙换流.500kV.5633ACF,500,220.000,525.000,0,国调.复龙换流站.500.nd50403,0.000,0.000,1,0,50403,8,-1,Compensator_P,525
38,复龙换流.500kV.5644ACF,500,220.000,525.000,0,国调.复龙换流站.500.nd50404,0.000,0.000,1,0,50404,9,-1,Compensator_P,525
39,万县等值虚厂.500kV.万龙二线电抗器,500,-148.760,525.000,0,重庆.万县等值虚厂.500.359,0.000,-165.215,0,0,17555,359,0,Compensator_P,525
40,万县等值虚厂.500kV.万龙一线电抗器,500,-180.000,525.000,0,重庆.万县等值虚厂.500.359,0.000,-199.911,0,0,17553,359,0,Compensator_P,525
41,万县等值虚厂.500kV.黄万一线电抗器,500,-150.000,525.000,西南.黄万一线,重庆.万县等值虚厂.500.359,0.000,-166.592,0,0,17551,359,0,Compensator_P,525
42,万县等值虚厂.500kV.黄万二线电抗器,500,-148.760,525.000,西南.黄万二线,重庆.万县等值虚厂.500.359,0.000,-165.215,0,0,17557,359,0,Compensator_P,525
43,张家坝.500kV.张恩二线电抗器,500,-120.000,525.000,0,重庆.张家坝.500.nd50405,0.000,0.000,1,0,50405,412,-1,Compensator_P,525
44,张家坝.500kV.张恩一线电抗器,500,-120.000,525.000,0,重庆.张家坝.500.nd50406,0.000,0.000,1,0,50406,413,-1,Compensator_P,525
45,张家坝.500kV.张隆一线电抗器,500,-120.000,525.000,0,重庆.张家坝.500.nd50407,0.000,0.000,1,0,50407,414,-1,Compensator_P,525
46,张家坝.500kV.张隆二线电抗器,500,-120.000,525.000,0,重庆.张家坝.500.nd50408,0.000,0.000,1,0,50408,415,-1,Compensator_P,525
47,张家坝.500kV.张长一线电抗器,500,-120.000,525.000,0,重庆.张家坝.500.nd50409,0.000,0.000,1,0,50409,416,-1,Compensator_P,525
48,张家坝.500kV.张长二线电抗器,500,-120.000,525.000,0,重庆.张家坝.500.nd50410,0.000,0.000,1,0,50410,417,-1,Compensator_P,525
49,张家坝.500kV.水张一线电抗器,500,-120.000,525.000,0,重庆.张家坝.500.nd50411,0.000,0.000,1,0,50411,418,-1,Compensator_P,525
50,张家坝.500kV.水张二线电抗器,500,-120.000,525.000,0,重庆.张家坝.500.nd50412,0.000,0.000,1,0,50412,419,-1,Compensator_P,525
51,板桥等值虚厂.500kV.隆板一线电抗器,500,-148.760,525.000,0,重庆.板桥等值虚厂.500.nd50413,0.000,0.000,1,0,50413,352,-1,Compensator_P,525
52,思源.500kV.资思Ⅰ线电抗器,500,-150.000,525.000,0,重庆.思源.500.420,0.000,0.000,1,0,17563,420,0,Compensator_P,525
53,思源.500kV.资思Ⅱ线电抗器,500,-150.000,525.000,0,重庆.思源.500.19743,0.000,0.000,1,0,17565,19743,0,Compensator_P,525
54,葫芦坝厂.10.5kV.1#电抗器,10,-8.000,10.500,0,四川.葫芦坝厂.10.1140,0.000,-7.692,0,-0.31,3442,1140,0,Compensator_P,10.5
55,东坡.35kV.2-1#电容器,35,40.000,37.000,0,四川.东坡.35.791,0.000,0.000,1,0,3026,791,0,Compensator_P,35
56,东坡.35kV.2-2#电容器,35,40.000,37.000,0,四川.东坡.35.791,0.000,0.000,1,0,3028,791,0,Compensator_P,35
57,东坡.35kV.2-3#电容器,35,40.000,37.000,0,四川.东坡.35.791,0.000,0.000,1,0,3030,791,0,Compensator_P,35
58,东坡.35kV.2-1#电抗器,35,-60.000,37.000,0,四川.东坡.35.791,0.000,0.000,1,0,3032,791,0,Compensator_P,35
59,东坡.35kV.2-2#电抗器,35,-60.000,37.000,0,四川.东坡.35.791,0.000,0.000,1,0,3034,791,0,Compensator_P,35
60,东坡.35kV.2-3#电抗器,35,-60.000,37.000,0,四川.东坡.35.791,0.000,0.000,1,0,3036,791,0,Compensator_P,35
61,洪沟.500kV.普洪一线电抗器,500,-180.000,525.000,四川.普洪一线,西南.洪沟站.500.990,0.000,-162.740,0,-159.05,17880,990,0,Compensator_P,525
62,洪沟.500kV.普洪二线电抗器,500,-180.000,525.000,四川.普洪二线,西南.洪沟站.500.990,0.000,-162.740,0,-160.46,17883,990,0,Compensator_P,525
63,洪沟.35kV.1-1#电抗器,35,-45.000,37.000,0,西南.洪沟站.35.1008,0.000,0.000,1,0,3363,1008,0,Compensator_P,35
64,洪沟.35kV.1-2#电抗器,35,-45.000,37.000,0,西南.洪沟站.35.1008,0.000,0.000,1,0,3365,1008,0,Compensator_P,35
65,洪沟.35kV.1-3#电抗器,35,-45.000,37.000,0,西南.洪沟站.35.1008,0.000,0.000,1,0,3367,1008,0,Compensator_P,35
66,洪沟.35kV.1-4#电抗器,35,-45.000,37.000,0,西南.洪沟站.35.1008,0.000,0.000,1,0,3369,1008,0,Compensator_P,35
67,洪沟.35kV.1-1#电容器,35,35.200,37.000,0,西南.洪沟站.35.1008,0.000,0.000,1,0,3374,1008,0,Compensator_P,35
68,洪沟.35kV.1-2#电容器,35,30.000,37.000,0,西南.洪沟站.35.1008,0.000,0.000,1,0,3376,1008,0,Compensator_P,35
69,洪沟.35kV.1-3#电容器,35,30.000,37.000,0,西南.洪沟站.35.1008,0.000,32.508,0,33.46,3378,1008,0,Compensator_P,35
70,洪沟.35kV.1-4#电容器,35,40.000,37.000,0,西南.洪沟站.35.1008,0.000,43.344,0,34.42,3380,1008,0,Compensator_P,35
71,黄岩.35kV.2-1#电抗器,35,-60.000,37.000,0,西南.黄岩站.35.nd3468,0.000,0.000,1,0,3468,1150,-1,Compensator_P,35
72,黄岩.35kV.2-2#电抗器,35,-60.000,37.000,0,西南.黄岩站.35.nd3470,0.000,0.000,1,0,3470,1150,-1,Compensator_P,35
73,尖山.35kV.1#电抗器,35,-60.000,37.000,0,四川.尖山.35.1303,0.000,0.000,1,0,3588,1303,0,Compensator_P,35
74,尖山.35kV.2#电抗器,35,-60.000,37.000,0,四川.尖山.35.1303,0.000,0.000,1,0,3590,1303,0,Compensator_P,35
75,尖山.35kV.1#电容器,35,40.000,37.000,0,四川.尖山.35.1303,0.000,0.000,1,0,3592,1303,0,Compensator_P,35
76,尖山.35kV.2#电容器,35,40.000,37.000,0,四川.尖山.35.1303,0.000,44.286,0,42.95,3594,1303,0,Compensator_P,35
77,尖山.35kV.3#电抗器,35,-60.000,37.000,0,四川.尖山.35.1304,0.000,0.000,1,0,3596,1304,0,Compensator_P,35
78,尖山.35kV.4#电抗器,35,-60.000,37.000,0,四川.尖山.35.1304,0.000,0.000,1,0,3598,1304,0,Compensator_P,35
79,尖山.35kV.3#电容器,35,40.000,37.000,0,四川.尖山.35.1304,0.000,45.690,0,45.15,3600,1304,0,Compensator_P,35
80,龙王.35kV.1-1#电抗器,35,-50.000,37.000,0,四川.龙王.35.1623,0.000,0.000,1,0,4029,1623,0,Compensator_P,35
81,龙王.35kV.1-2#电抗器,35,-50.000,37.000,0,四川.龙王.35.1623,0.000,0.000,1,0,4031,1623,0,Compensator_P,35
82,龙王.35kV.1-3#电抗器,35,-50.000,37.000,0,四川.龙王.35.1623,0.000,0.000,1,0,4041,1623,0,Compensator_P,35
83,龙王.35kV.1-1#电容器,35,54.000,37.000,0,四川.龙王.35.1623,0.000,0.000,1,0,4032,1623,0,Compensator_P,35
84,龙王.35kV.1-2#电容器,35,40.000,37.000,0,四川.龙王.35.1623,0.000,0.000,1,0,4034,1623,0,Compensator_P,35
85,龙王.35kV.1-3#电容器,35,40.000,37.000,0,四川.龙王.35.1623,0.000,0.000,1,0,4036,1623,0,Compensator_P,35
86,龙王.35kV.1-4#电容器,35,40.000,37.000,0,四川.龙王.35.1623,0.000,0.000,1,0,4038,1623,0,Compensator_P,35
87,龙王.35kV.2-1#电抗器,35,-50.000,37.000,0,四川.龙王.35.1624,0.000,0.000,1,0,4043,1624,0,Compensator_P,35
88,龙王.35kV.2-2#电抗器,35,-50.000,37.000,0,四川.龙王.35.1624,0.000,0.000,1,0,4045,1624,0,Compensator_P,35
89,龙王.35kV.2-3#电抗器,35,-50.000,37.000,0,四川.龙王.35.1624,0.000,0.000,1,0,4055,1624,0,Compensator_P,35
90,龙王.35kV.2-1#电容器,35,40.000,37.000,0,四川.龙王.35.1624,0.000,0.000,1,0,4046,1624,0,Compensator_P,35
91,龙王.35kV.2-2#电容器,35,54.000,37.000,0,四川.龙王.35.1624,0.000,0.000,1,0,4048,1624,0,Compensator_P,35
92,龙王.35kV.2-3#电容器,35,40.000,37.000,0,四川.龙王.35.1624,0.000,0.000,1,0,4050,1624,0,Compensator_P,35
93,龙王.35kV.2-4#电容器,35,40.000,37.000,0,四川.龙王.35.1624,0.000,0.000,1,0,4052,1624,0,Compensator_P,35
94,南充.35kV.1-1#电抗器,35,-45.000,37.000,0,四川.南充.35.1837,0.000,-43.773,0,-44.14,4281,1837,0,Compensator_P,35
95,南充.35kV.1-2#电抗器,35,-45.000,37.000,0,四川.南充.35.1837,0.000,0.000,1,0,4283,1837,0,Compensator_P,35
96,南充.35kV.1-3#电抗器,35,-45.000,37.000,0,四川.南充.35.1837,0.000,-43.773,0,-44.06,4285,1837,0,Compensator_P,35
97,普提站.500kV.百普线线路高抗,500,-180.000,525.000,西南.百普线,西南.普提站.500.2181,0.000,-165.419,0,-164.19,18255,2181,0,Compensator_P,525
98,普提站.500kV.榄普二线线路高抗,500,-180.000,525.000,西南.榄普二线,西南.普提站.500.2181,0.000,-165.419,0,-163.13,18249,2181,0,Compensator_P,525
99,普提.35kV.2-1#电抗器,35,-60.000,37.000,0,西南.普提站.35.nd50414,0.000,0.000,1,0,50414,2204,-1,Compensator_P,35
100,普提.35kV.2-2#电抗器,35,-60.000,37.000,0,西南.普提站.35.nd4443,0.000,0.000,1,0,4443,2196,-1,Compensator_P,35
101,普提.35kV.2-3#电抗器,35,-60.000,37.000,0,西南.普提站.35.nd4445,0.000,0.000,1,0,4445,2196,-1,Compensator_P,35
102,普提.35kV.2-4#电抗器,35,-60.000,37.000,0,西南.普提站.35.nd4447,0.000,0.000,1,0,4447,2196,-1,Compensator_P,35
103,石板箐.35kV.2#电抗器,35,-45.000,37.000,0,西南.石板箐站.35.2326,0.000,-39.404,0,-42.34,4588,2326,0,Compensator_P,35
104,石板箐.35kV.3#电抗器,35,-45.000,37.000,0,西南.石板箐站.35.2326,0.000,0.000,1,0,4590,2326,0,Compensator_P,35
105,石板箐.35kV.4#电抗器,35,-45.000,37.000,0,西南.石板箐站.35.nd4592,0.000,0.000,1,0,4592,2327,-1,Compensator_P,35
106,石板箐.35kV.5#电抗器,35,-45.000,37.000,0,西南.石板箐站.35.nd4594,0.000,0.000,1,0,4594,2327,-1,Compensator_P,35
107,石板箐.35kV.6#电抗器,35,-45.000,37.000,0,西南.石板箐站.35.nd4596,0.000,0.000,1,0,4596,2327,-1,Compensator_P,35
108,石棉.500kV.九石一线电抗器,500,-120.000,525.000,四川.九石一线,四川.石棉.500.2469,0.000,-134.149,0,-136.77,18327,2469,0,Compensator_P,525
109,石棉.500kV.九石二线电抗器,500,-120.000,525.000,四川.九石二线,四川.石棉.500.2469,0.000,-134.149,0,-133.81,18330,2469,0,Compensator_P,525
110,石棉.35kV.1-1#电抗器,35,-45.000,37.000,0,四川.石棉.35.nd4637,0.000,0.000,1,0,4637,2488,-1,Compensator_P,35
111,石棉.35kV.2-1#电抗器,35,-45.000,37.000,0,四川.石棉.35.nd4639,0.000,0.000,1,0,4639,2489,-1,Compensator_P,35
112,蜀州.500kV.雅蜀一线电抗器,500,-120.000,525.000,四川.雅蜀一线,四川.蜀州.500.2649,0.000,-108.843,0,-105.95,20587,2649,0,Compensator_P,525
113,蜀州.500kV.雅蜀二线电抗器,500,-120.000,525.000,四川.雅蜀二线,四川.蜀州.500.2649,0.000,-108.843,0,-106.32,20588,2649,0,Compensator_P,525
114,谭家湾.35kV.1-1#电抗器,35,-60.000,37.000,0,西南.谭家湾站.35.2859,0.000,0.000,1,0,4876,2859,0,Compensator_P,35
115,谭家湾.35kV.1-2#电抗器,35,-60.000,37.000,0,西南.谭家湾站.35.2859,0.000,0.000,1,0,4878,2859,0,Compensator_P,35
116,谭家湾.35kV.1-3#电抗器,35,-60.000,37.000,0,西南.谭家湾站.35.2859,0.000,-58.904,0,-60.00,4880,2859,0,Compensator_P,35
117,谭家湾.35kV.1-2#电容器,35,40.000,37.000,0,西南.谭家湾站.35.2859,0.000,0.000,1,0,4884,2859,0,Compensator_P,35
118,谭家湾.35kV.2-1#电抗器,35,-60.000,37.000,0,西南.谭家湾站.35.2860,0.000,-58.887,0,-59.08,4888,2860,0,Compensator_P,35
119,雅安.500kV.石雅一线电抗器,500,-120.000,525.000,四川.石雅一线,四川.雅安.500.3364,0.000,-109.597,0,-109.29,18587,3364,0,Compensator_P,525
120,雅安.500kV.石雅二线电抗器,500,-120.000,525.000,四川.石雅二线,四川.雅安.500.3364,0.000,-109.597,0,-108.77,18584,3364,0,Compensator_P,525
121,雅安.35kV.2-1#电抗器,35,-60.000,37.000,0,四川.雅安.35.3370,0.000,0.000,1,0,5335,3370,0,Compensator_P,35
122,临巴厂.500kV.巴南线电抗器,500,-74.380,525.000,四川.巴南线,四川.临巴厂.500.1581,0.000,-82.191,0,-84.47,18067,1581,0,Compensator_P,525
123,丹景.35kV.1-1#电抗器,35,-60.000,37.000,0,四川.丹景.35.647,0.000,0.000,1,0,2902,647,0,Compensator_P,35
124,丹景.35kV.1-1#电容器,35,60.000,37.000,0,四川.丹景.35.647,0.000,66.609,0,64.51,2904,647,0,Compensator_P,35
125,丹景.35kV.1-2#电抗器,35,-60.000,37.000,0,四川.丹景.35.647,0.000,0.000,1,0,2906,647,0,Compensator_P,35
126,丹景.35kV.1-2#电容器,35,60.000,37.000,0,四川.丹景.35.647,0.000,66.609,0,64.99,2908,647,0,Compensator_P,35
127,丹景.35kV.1-3#电抗器,35,-60.000,37.000,0,四川.丹景.35.nd50415,0.000,0.000,1,0,50415,654,-1,Compensator_P,35
128,丹景.35kV.2-1#电抗器,35,-60.000,37.000,0,四川.丹景.35.648,0.000,0.000,1,0,2910,648,0,Compensator_P,35
129,丹景.35kV.2-1#电容器,35,60.000,37.000,0,四川.丹景.35.648,0.000,66.656,0,64.65,2912,648,0,Compensator_P,35
130,丹景.35kV.2-2#电抗器,35,-60.000,37.000,0,四川.丹景.35.648,0.000,0.000,1,0,2914,648,0,Compensator_P,35
131,丹景.35kV.2-2#电容器,35,60.000,37.000,0,四川.丹景.35.648,0.000,66.656,0,64.51,2916,648,0,Compensator_P,35
132,丹景.35kV.2-3#电抗器,35,-60.000,37.000,0,四川.丹景.35.nd50416,0.000,0.000,1,0,50416,655,-1,Compensator_P,35
133,东坡.35kV.1-1#电容器,35,60.000,37.000,0,四川.东坡.35.nd3014,0.000,0.000,1,0,3014,790,-1,Compensator_P,35
134,东坡.35kV.1-2#电容器,35,60.000,37.000,0,四川.东坡.35.nd3016,0.000,0.000,1,0,3016,790,-1,Compensator_P,35
135,九龙.35kV.1-1#电抗器,35,-45.000,37.000,0,四川.九龙.35.nd3798,0.000,0.000,1,0,3798,1410,-1,Compensator_P,35
136,九龙.35kV.1-2#电抗器,35,-45.000,37.000,0,四川.九龙.35.nd3800,0.000,0.000,1,0,3800,1410,-1,Compensator_P,35
137,九龙.35kV.2-1#电抗器,35,-45.000,37.000,0,四川.九龙.35.nd3802,0.000,0.000,1,0,3802,1411,-1,Compensator_P,35
138,九龙.35kV.2-2#电抗器,35,-45.000,37.000,0,四川.九龙.35.nd3804,0.000,0.000,1,0,3804,1411,-1,Compensator_P,35
139,泸州.35kV.1-1#电抗器,35,-60.000,37.000,0,西南.泸州站.35.3636,0.000,0.000,1,0,5744,3636,0,Compensator_P,35
140,泸州.35kV.1-3#电抗器,35,-60.000,37.000,0,西南.泸州站.35.3636,0.000,0.000,1,0,5748,3636,0,Compensator_P,35
141,泸州.35kV.1-1#电容器,35,40.000,37.000,0,西南.泸州站.35.3636,0.000,38.811,0,37.79,5740,3636,0,Compensator_P,35
142,泸州.35kV.1-2#电容器,35,40.000,37.000,0,西南.泸州站.35.3636,0.000,38.811,0,34.97,5742,3636,0,Compensator_P,35
143,泸州.35kV.2-1#电容器,35,40.000,37.000,0,西南.泸州站.35.3637,0.000,38.794,0,37.79,5750,3637,0,Compensator_P,35
144,泸州.35kV.2-2#电容器,35,40.000,37.000,0,西南.泸州站.35.3637,0.000,38.794,0,34.91,5752,3637,0,Compensator_P,35
145,泸州.35kV.2-1#电抗器,35,-60.000,37.000,0,西南.泸州站.35.3637,0.000,0.000,1,0,5754,3637,0,Compensator_P,35
146,泸州.35kV.2-2#电抗器,35,-60.000,37.000,0,西南.泸州站.35.3637,0.000,0.000,1,0,5756,3637,0,Compensator_P,35
147,泸州.35kV.2-3#电抗器,35,-60.000,37.000,0,西南.泸州站.35.3637,0.000,0.000,1,0,5758,3637,0,Compensator_P,35
148,茂县.35kV.1-1#电抗器,35,-45.000,37.000,0,四川.茂县.35.1760,0.000,-39.603,0,-42.02,4154,1760,0,Compensator_P,35
149,茂县.35kV.2-1#电抗器,35,-45.000,37.000,0,四川.茂县.35.nd4156,0.000,0.000,1,0,4156,1761,-1,Compensator_P,35
150,茂县.500kV.茂谭一线电抗器,500,-120.000,525.000,四川.茂谭一线,四川.茂县.500.1756,0.000,-111.196,0,-110.32,18157,1756,0,Compensator_P,525
151,茂县.500kV.茂谭二线电抗器,500,-120.000,525.000,四川.茂谭二线,四川.茂县.500.1756,0.000,-111.196,0,-110.04,18160,1756,0,Compensator_P,525
152,南天站.500kV.普天线线路高抗,500,-180.000,525.000,西南.普天线,国调.南天站.500.1984,0.000,-164.503,0,-163.49,18223,1984,0,Compensator_P,525
153,南天.35kV.2-1#电抗器,35,-60.000,37.000,0,国调.南天站.35.2026,0.000,0.000,1,0,4336,2026,0,Compensator_P,35
154,南天.35kV.2-2#电抗器,35,-60.000,37.000,0,国调.南天站.35.2026,0.000,0.000,1,0,4338,2026,0,Compensator_P,35
155,南天.35kV.2-3#电抗器,35,-60.000,37.000,0,国调.南天站.35.2026,0.000,0.000,1,0,4340,2026,0,Compensator_P,35
156,南天.35kV.2-1#电容器,35,33.000,37.000,0,国调.南天站.35.2026,0.000,34.217,0,32.42,4342,2026,0,Compensator_P,35
157,南天.35kV.2-2#电容器,35,33.000,37.000,0,国调.南天站.35.2026,0.000,0.000,1,0,4344,2026,0,Compensator_P,35
158,南充.500kV.南谭二线电抗器,500,-150.000,525.000,四川.南谭二线,四川.南充.500.1822,0.000,-137.804,0,-136.47,18205,1822,0,Compensator_P,525
159,蜀州.35kV.1-1#电抗器,35,-60.000,37.000,0,四川.蜀州.35.2666,0.000,0.000,1,0,4714,2666,0,Compensator_P,35
160,蜀州.35kV.1-2#电抗器,35,-60.000,37.000,0,四川.蜀州.35.2666,0.000,0.000,1,0,4716,2666,0,Compensator_P,35
161,蜀州.35kV.1-3#电抗器,35,-60.000,37.000,0,四川.蜀州.35.2666,0.000,0.000,1,0,4718,2666,0,Compensator_P,35
162,蜀州.35kV.1-1#电容器,35,60.000,37.000,0,四川.蜀州.35.2666,0.000,63.911,0,60.02,4720,2666,0,Compensator_P,35
163,蜀州.35kV.1-2#电容器,35,50.000,37.000,0,四川.蜀州.35.2666,0.000,0.000,1,0,4722,2666,0,Compensator_P,35
164,谭家湾.35kV.1-1#电容器,35,60.000,37.000,0,西南.谭家湾站.35.2859,0.000,0.000,1,0,4882,2859,0,Compensator_P,35
165,谭家湾.35kV.2-2#电抗器,35,-60.000,37.000,0,西南.谭家湾站.35.2860,0.000,0.000,1,0,4890,2860,0,Compensator_P,35
166,谭家湾.35kV.2-3#电抗器,35,-60.000,37.000,0,西南.谭家湾站.35.2860,0.000,0.000,1,0,4892,2860,0,Compensator_P,35
167,谭家湾.35kV.2-1#电容器,35,40.000,37.000,0,西南.谭家湾站.35.2860,0.000,0.000,1,0,4894,2860,0,Compensator_P,35
168,谭家湾.35kV.2-2#电容器,35,40.000,37.000,0,西南.谭家湾站.35.2860,0.000,0.000,1,0,4896,2860,0,Compensator_P,35
169,谭家湾.35kV.2-3#电容器,35,40.000,37.000,0,西南.谭家湾站.35.2860,0.000,0.000,1,0,4898,2860,0,Compensator_P,35
170,叙府.35kV.1-1#电抗器,35,-60.000,37.000,0,西南.叙府站.35.3234,0.000,0.000,1,0,5302,3234,0,Compensator_P,35
171,叙府.35kV.1-2#电抗器,35,-60.000,37.000,0,西南.叙府站.35.3234,0.000,0.000,1,0,5304,3234,0,Compensator_P,35
172,叙府.35kV.1-1#电容器,35,50.000,37.000,0,西南.叙府站.35.3234,0.000,54.871,0,52.52,5306,3234,0,Compensator_P,35
173,叙府.35kV.1-2#电容器,35,50.000,37.000,0,西南.叙府站.35.3234,0.000,54.871,0,52.38,5308,3234,0,Compensator_P,35
174,叙府.35kV.1-3#电容器,35,50.000,37.000,0,西南.叙府站.35.3234,0.000,0.000,1,0,5310,3234,0,Compensator_P,35
175,东坡.35kV.1-1#电抗器,35,-60.000,37.000,0,四川.东坡.35.nd3020,0.000,0.000,1,0,3020,790,-1,Compensator_P,35
176,东坡.35kV.1-2#电抗器,35,-60.000,37.000,0,四川.东坡.35.nd3022,0.000,0.000,1,0,3022,790,-1,Compensator_P,35
177,东坡.35kV.1-3#电抗器,35,-60.000,37.000,0,四川.东坡.35.nd3024,0.000,0.000,1,0,3024,790,-1,Compensator_P,35
178,东坡.35kV.1-3#电容器,35,60.000,37.000,0,四川.东坡.35.nd3018,0.000,0.000,1,0,3018,790,-1,Compensator_P,35
179,黄岩.35kV.1-1#电抗器,35,-60.000,37.000,0,西南.黄岩站.35.nd5821,0.000,0.000,1,0,5821,1151,-1,Compensator_P,35
180,黄岩.35kV.1-3#电容器,35,40.000,37.000,0,西南.黄岩站.35.nd5829,0.000,0.000,1,0,5829,1151,-1,Compensator_P,35
181,谭家湾.35kV.1-3#电容器,35,40.000,37.000,0,西南.谭家湾站.35.2859,0.000,0.000,1,0,4886,2859,0,Compensator_P,35
182,雅安.500kV.雅山二线电抗器,500,-120.000,525.000,四川.雅山二线,四川.雅安.500.3364,0.000,-109.597,0,-119.56,18796,3364,0,Compensator_P,525
183,雅安.500kV.雅山一线电抗器,500,-120.000,525.000,四川.雅山一线,四川.雅安.500.3364,0.000,-109.597,0,-110.81,18797,3364,0,Compensator_P,525
184,洪沟.35kV.2-1#电抗器,35,-45.000,37.000,0,西南.洪沟站.35.1009,0.000,0.000,1,0,3371,1009,0,Compensator_P,35
185,洪沟.35kV.2-1#电容器,35,35.200,37.000,0,西南.洪沟站.35.1009,0.000,38.402,0,33.61,3382,1009,0,Compensator_P,35
186,洪沟.35kV.2-2#电抗器,35,-45.000,37.000,0,西南.洪沟站.35.1009,0.000,0.000,1,0,5948,1009,0,Compensator_P,35
187,洪沟.35kV.2-2#电容器,35,52.800,37.000,0,西南.洪沟站.35.1009,0.000,0.000,1,0,5953,1009,0,Compensator_P,35
188,洪沟.35kV.2-3#电容器,35,53.000,37.000,0,西南.洪沟站.35.1009,0.000,0.000,1,0,5955,1009,0,Compensator_P,35
189,尖山.35kV.6#电抗器,35,-60.000,37.000,0,四川.尖山.35.1304,0.000,0.000,1,0,5966,1304,0,Compensator_P,35
190,尖山.35kV.5#电抗器,35,-60.000,37.000,0,四川.尖山.35.1303,0.000,0.000,1,0,5964,1303,0,Compensator_P,35
191,东坡.500kV.布坡二线电抗器,500,-150.000,525.000,四川.布坡二线,四川.东坡.500.786,0.000,-136.294,0,-140.26,18897,786,0,Compensator_P,525
192,东坡.500kV.布坡三线电抗器,500,-150.000,525.000,四川.布坡三线,四川.东坡.500.786,0.000,-136.294,0,-137.62,18900,786,0,Compensator_P,525
193,东坡.500kV.布坡四线电抗器,500,-180.000,525.000,四川.布坡四线,四川.东坡.500.786,0.000,-163.553,0,-166.99,17752,786,0,Compensator_P,525
194,东坡.500kV.布坡一线电抗器,500,-150.000,525.000,四川.布坡一线,四川.东坡.500.786,0.000,-136.294,0,-135.99,18894,786,0,Compensator_P,525
195,瀑布沟厂.500kV.1#电抗器,500,-180.000,525.000,0,四川.瀑布沟厂.500.3823,0.000,-166.874,0,-165.00,18918,3823,0,Compensator_P,525
196,瀑布沟厂.500kV.2#电抗器,500,-180.000,525.000,0,四川.瀑布沟厂.500.3823,0.000,0.000,1,0,18911,3823,0,Compensator_P,525
197,南充.35kV.2-1#电抗器,35,-45.000,37.000,0,四川.南充.35.1838,0.000,-45.325,0,-45.60,6291,1838,0,Compensator_P,35
198,南充.35kV.2-5#电抗器,35,-60.000,37.000,0,四川.南充.35.1838,0.000,0.000,1,0,6293,1838,0,Compensator_P,35
199,泸州站.500kV.泸复二线线路高抗,500,-90.000,525.000,西南.泸复二线,西南.泸州站.500.3630,0.000,-82.065,0,-82.93,18968,3630,0,Compensator_P,525
200,泸州站.500kV.泸复一线线路高抗,500,-90.000,525.000,西南.泸复一线,西南.泸州站.500.3630,0.000,-82.065,0,-82.75,18969,3630,0,Compensator_P,525
201,叙府.35kV.2-1#电抗器,35,-60.000,37.000,0,西南.叙府站.35.3235,0.000,0.000,1,0,6379,3235,0,Compensator_P,35
202,叙府.35kV.2-1#电容器,35,57.000,37.000,0,西南.叙府站.35.3235,0.000,63.162,0,63.02,6383,3235,0,Compensator_P,35
203,叙府.35kV.2-2#电抗器,35,-60.000,37.000,0,西南.叙府站.35.3235,0.000,0.000,1,0,6381,3235,0,Compensator_P,35
204,叙府.35kV.2-2#电容器,35,57.000,37.000,0,西南.叙府站.35.3235,0.000,63.162,0,63.09,6385,3235,0,Compensator_P,35
205,叙府.35kV.2-3#电容器,35,60.000,37.000,0,西南.叙府站.35.3235,0.000,0.000,1,0,6387,3235,0,Compensator_P,35
206,泸州.35kV.1-4#电抗器,35,-60.000,37.000,0,西南.泸州站.35.3636,0.000,0.000,1,0,6407,3636,0,Compensator_P,35
207,泸州.35kV.2-4#电抗器,35,-60.000,37.000,0,西南.泸州站.35.3637,0.000,0.000,1,0,6409,3637,0,Compensator_P,35
208,泸州.35kV.1-2#电抗器,35,-60.000,37.000,0,西南.泸州站.35.3636,0.000,0.000,1,0,5746,3636,0,Compensator_P,35
209,月城.35kV.2-1#电抗器,35,-60.000,37.000,0,国调.月城站.35.nd6598,0.000,0.000,1,0,6598,3952,-1,Compensator_P,35
210,月城.35kV.2-2#电抗器,35,-60.000,37.000,0,国调.月城站.35.nd6600,0.000,0.000,1,0,6600,3952,-1,Compensator_P,35
211,月城.35kV.1-2#电抗器,35,-60.000,37.000,0,国调.月城站.35.nd6595,0.000,0.000,1,0,6595,3951,-1,Compensator_P,35
212,月城.35kV.1-1#电抗器,35,-60.000,37.000,0,国调.月城站.35.nd6593,0.000,0.000,1,0,6593,3951,-1,Compensator_P,35
213,康定.35kV.1-1#电抗器,35,-60.000,37.000,0,四川.康定.35.4160,0.000,0.000,1,0,6948,4160,0,Compensator_P,35
214,康定.35kV.1-2#电抗器,35,-60.000,37.000,0,四川.康定.35.4160,0.000,0.000,1,0,6950,4160,0,Compensator_P,35
215,康定.35kV.1-3#电抗器,35,-60.000,37.000,0,四川.康定.35.4160,0.000,-51.898,0,-55.53,6952,4160,0,Compensator_P,35
216,康定.35kV.1-4#电抗器,35,-60.000,37.000,0,四川.康定.35.4160,0.000,0.000,1,0,6954,4160,0,Compensator_P,35
217,桃乡.66kV.1-1#电抗器,60,-60.000,66.000,0,四川.桃乡.60.4712,0.000,0.000,1,0,7111,4712,0,Compensator_P,66
218,桃乡.66kV.1-1#电容器,60,60.000,66.000,0,四川.桃乡.60.4712,0.000,65.972,0,67.11,7098,4712,0,Compensator_P,66
219,桃乡.66kV.1-2#电抗器,60,-60.000,66.000,0,四川.桃乡.60.4712,0.000,0.000,1,0,7113,4712,0,Compensator_P,66
220,桃乡.66kV.1-2#电容器,60,50.000,66.000,0,四川.桃乡.60.4712,0.000,0.000,1,0,7100,4712,0,Compensator_P,66
221,桃乡.66kV.1-3#电容器,60,44.500,66.000,0,四川.桃乡.60.4712,0.000,48.929,0,47.31,7102,4712,0,Compensator_P,66
222,桃乡.66kV.1-4#电容器,60,44.500,66.000,0,四川.桃乡.60.4712,0.000,48.929,0,47.48,7104,4712,0,Compensator_P,66
223,桃乡.66kV.1-5#电容器,60,50.000,66.000,0,四川.桃乡.60.4712,0.000,0.000,1,0,7106,4712,0,Compensator_P,66
224,桃乡.66kV.1-6#电容器,60,57.000,66.000,0,四川.桃乡.60.4712,0.000,0.000,1,0,7108,4712,0,Compensator_P,66
225,桃乡.66kV.2-1#电抗器,60,-60.000,66.000,0,四川.桃乡.60.4713,0.000,0.000,1,0,7129,4713,0,Compensator_P,66
226,桃乡.66kV.2-1#电容器,60,60.000,66.000,0,四川.桃乡.60.4713,0.000,67.535,0,68.97,7116,4713,0,Compensator_P,66
227,桃乡.66kV.2-2#电抗器,60,-60.000,66.000,0,四川.桃乡.60.4713,0.000,0.000,1,0,7131,4713,0,Compensator_P,66
228,桃乡.66kV.2-2#电容器,60,50.000,66.000,0,四川.桃乡.60.4713,0.000,56.279,0,54.47,7118,4713,0,Compensator_P,66
229,桃乡.66kV.2-3#电容器,60,44.500,66.000,0,四川.桃乡.60.4713,0.000,50.088,0,48.67,7120,4713,0,Compensator_P,66
230,桃乡.66kV.2-4#电容器,60,44.500,66.000,0,四川.桃乡.60.4713,0.000,0.000,1,0,7122,4713,0,Compensator_P,66
231,桃乡.66kV.2-5#电容器,60,50.000,66.000,0,四川.桃乡.60.4713,0.000,0.000,1,0,7124,4713,0,Compensator_P,66
232,桃乡.66kV.2-6#电容器,60,57.000,66.000,0,四川.桃乡.60.4713,0.000,0.000,1,0,7126,4713,0,Compensator_P,66
233,资阳.500kV.坡资二线电抗器,500,-120.000,525.000,四川.坡资二线,西南.资阳站.500.4744,0.000,-109.860,0,-107.02,20606,4744,0,Compensator_P,525
234,资阳.500kV.坡资一线电抗器,500,-120.000,525.000,四川.坡资一线,西南.资阳站.500.4744,0.000,-109.860,0,-107.40,20605,4744,0,Compensator_P,525
235,资阳.35kV.1-1#电抗器,35,-60.000,37.000,0,西南.资阳站.35.4761,0.000,0.000,1,0,7154,4761,0,Compensator_P,35
236,资阳.35kV.1-1#电容器,35,52.800,37.000,0,西南.资阳站.35.4761,0.000,59.665,0,55.30,7147,4761,0,Compensator_P,35
237,资阳.35kV.1-2#电抗器,35,-60.000,37.000,0,西南.资阳站.35.4761,0.000,0.000,1,0,7156,4761,0,Compensator_P,35
238,资阳.35kV.1-2#电容器,35,57.000,37.000,0,西南.资阳站.35.4761,0.000,0.000,1,0,7149,4761,0,Compensator_P,35
239,资阳.35kV.1-3#电容器,35,60.000,37.000,0,西南.资阳站.35.4761,0.000,0.000,1,0,7150,4761,0,Compensator_P,35
240,资阳.35kV.3-1#电抗器,35,-60.000,37.000,0,西南.资阳站.35.4762,0.000,0.000,1,0,7169,4762,0,Compensator_P,35
241,资阳.35kV.3-1#电容器,35,52.800,37.000,0,西南.资阳站.35.4762,0.000,0.000,1,0,7160,4762,0,Compensator_P,35
242,资阳.35kV.3-2#电抗器,35,-60.000,37.000,0,西南.资阳站.35.4762,0.000,0.000,1,0,7171,4762,0,Compensator_P,35
243,资阳.35kV.3-2#电容器,35,57.000,37.000,0,西南.资阳站.35.4762,0.000,64.231,0,61.35,7162,4762,0,Compensator_P,35
244,资阳.35kV.3-3#电容器,35,60.000,37.000,0,西南.资阳站.35.4762,0.000,0.000,1,0,7164,4762,0,Compensator_P,35
245,富乐.35kV.1-1#电抗器,35,-60.000,37.000,0,四川.富乐.35.nd6414,0.000,0.000,1,0,6414,3863,-1,Compensator_P,35
246,富乐.35kV.1-1#电容器,35,60.000,37.000,0,四川.富乐.35.nd6417,0.000,0.000,1,0,6417,3863,-1,Compensator_P,35
247,富乐.35kV.1-2#电容器,35,60.000,37.000,0,四川.富乐.35.nd6419,0.000,0.000,1,0,6419,3863,-1,Compensator_P,35
248,富乐.35kV.2-1#电抗器,35,-60.000,37.000,0,四川.富乐.35.nd6424,0.000,0.000,1,0,6424,3864,-1,Compensator_P,35
249,富乐.35kV.2-1#电容器,35,60.000,37.000,0,四川.富乐.35.nd6427,0.000,0.000,1,0,6427,3864,-1,Compensator_P,35
250,富乐.35kV.2-2#电容器,35,60.000,37.000,0,四川.富乐.35.nd6429,0.000,0.000,1,0,6429,3864,-1,Compensator_P,35
251,遂宁.35kV.1-1#电抗器,35,-60.000,37.000,0,四川.遂宁.35.4261,0.000,0.000,1,0,7214,4261,0,Compensator_P,35
252,遂宁.35kV.1-1#电容器,35,70.000,37.000,0,四川.遂宁.35.4261,0.000,0.000,1,0.00,7211,4261,0,Compensator_P,35
253,遂宁.35kV.1-2#电容器,35,65.000,37.000,0,四川.遂宁.35.4261,0.000,66.323,0,64.57,7213,4261,0,Compensator_P,35
254,遂宁.35kV.2-1#电抗器,35,-60.000,37.000,0,四川.遂宁.35.4262,0.000,0.000,1,0,7221,4262,0,Compensator_P,35
255,遂宁.35kV.2-1#电容器,35,70.000,37.000,0,四川.遂宁.35.4262,0.000,71.700,0,67.95,7216,4262,0,Compensator_P,35
256,遂宁.35kV.2-2#电容器,35,65.000,37.000,0,四川.遂宁.35.4262,0.000,0.000,1,0.00,7218,4262,0,Compensator_P,35
257,达州.35kV.1-1#电抗器,35,-60.000,37.000,0,四川.达州.35.4455,0.000,-55.347,0,-57.24,6625,4455,0,Compensator_P,35
258,达州.35kV.1-2#电抗器,35,-60.000,37.000,0,四川.达州.35.4455,0.000,0.000,1,0,6627,4455,0,Compensator_P,35
259,达州.35kV.1-2#电容器,35,60.000,37.000,0,四川.达州.35.4455,0.000,0.000,1,0,6621,4455,0,Compensator_P,35
260,达州.35kV.1-3#电容器,35,60.000,37.000,0,四川.达州.35.4455,0.000,0.000,1,0,6623,4455,0,Compensator_P,35
261,达州.35kV.2-1#电抗器,35,-60.000,37.000,0,四川.达州.35.nd6635,0.000,0.000,1,0,6635,4456,-1,Compensator_P,35
262,达州.35kV.2-2#电抗器,35,-60.000,37.000,0,四川.达州.35.nd6637,0.000,0.000,1,0,6637,4456,-1,Compensator_P,35
263,达州.35kV.2-2#电容器,35,60.000,37.000,0,四川.达州.35.nd6631,0.000,0.000,1,0,6631,4456,-1,Compensator_P,35
264,达州.35kV.2-3#电容器,35,60.000,37.000,0,四川.达州.35.nd6633,0.000,0.000,1,0,6633,4456,-1,Compensator_P,35
265,尖山.35kV.4#电容器,35,40.000,37.000,0,四川.尖山.35.1304,0.000,45.690,0,45.25,3602,1304,0,Compensator_P,35
266,双合.220kV.双赤一线电抗器,220,-15.000,230.000,四川.双赤一线,四川.双合.220.2781,0.000,-16.664,0,-16.36,19743,2781,0,Compensator_P,230
267,双合.220kV.双赤二线电抗器,220,-15.000,230.000,四川.双赤二线,四川.双合.220.2781,0.000,-16.664,0,-16.36,19745,2781,0,Compensator_P,230
268,雅安.35kV.2-2#电抗器,35,-60.000,37.000,0,四川.雅安.35.3370,0.000,0.000,1,0,8113,3370,0,Compensator_P,35
269,雅安.35kV.2-1#电容器,35,60.000,37.000,0,四川.雅安.35.3370,0.000,0.000,1,0,8117,3370,0,Compensator_P,35
270,雅安.35kV.2-2#电容器,35,60.000,37.000,0,四川.雅安.35.3370,0.000,59.947,0,55.27,8119,3370,0,Compensator_P,35
271,雅安.35kV.2-3#电抗器,35,-60.000,37.000,0,四川.雅安.35.3370,0.000,0.000,1,0,8115,3370,0,Compensator_P,35
272,雅安.35kV.1-1#电抗器,35,-60.000,37.000,0,四川.雅安.35.3371,0.000,0.000,1,0,8121,3371,0,Compensator_P,35
273,雅安.35kV.1-2#电抗器,35,-60.000,37.000,0,四川.雅安.35.3371,0.000,0.000,1,0,8123,3371,0,Compensator_P,35
274,雅安.35kV.1-1#电容器,35,60.000,37.000,0,四川.雅安.35.3371,0.000,0.000,1,0,8125,3371,0,Compensator_P,35
275,雅安.35kV.1-2#电容器,35,60.000,37.000,0,四川.雅安.35.3371,0.000,59.892,0,54.98,8127,3371,0,Compensator_P,35
276,九龙.35kV.1-3#电抗器,35,-45.000,37.000,0,四川.九龙.35.nd8146,0.000,0.000,1,0,8146,1410,-1,Compensator_P,35
277,九龙.35kV.2-3#电抗器,35,-45.000,37.000,0,四川.九龙.35.nd8148,0.000,0.000,1,0,8148,1411,-1,Compensator_P,35
278,石棉.35kV.1-2#电抗器,35,-45.000,37.000,0,四川.石棉.35.nd8156,0.000,0.000,1,0,8156,2488,-1,Compensator_P,35
279,石棉.35kV.1-3#电抗器,35,-45.000,37.000,0,四川.石棉.35.nd8158,0.000,0.000,1,0,8158,2488,-1,Compensator_P,35
280,石棉.35kV.2-2#电抗器,35,-45.000,37.000,0,四川.石棉.35.nd8160,0.000,0.000,1,0,8160,2489,-1,Compensator_P,35
281,石棉.35kV.2-3#电抗器,35,-45.000,37.000,0,四川.石棉.35.nd8162,0.000,0.000,1,0,8162,2489,-1,Compensator_P,35
282,黄岩.35kV.1-2#电容器,35,40.000,37.000,0,西南.黄岩站.35.nd5827,0.000,0.000,1,0,5827,1151,-1,Compensator_P,35
283,黄岩.35kV.2-1#电容器,35,60.000,37.000,0,西南.黄岩站.35.nd3472,0.000,0.000,1,0,3472,1150,-1,Compensator_P,35
284,黄岩.35kV.2-2#电容器,35,60.000,37.000,0,西南.黄岩站.35.nd3474,0.000,0.000,1,0,3474,1150,-1,Compensator_P,35
285,黄岩.35kV.2-3#电容器,35,60.000,37.000,0,西南.黄岩站.35.nd3476,0.000,0.000,1,0,3476,1150,-1,Compensator_P,35
286,黄岩.35kV.1-2#电抗器,35,-60.000,37.000,0,西南.黄岩站.35.nd5823,0.000,0.000,1,0,5823,1151,-1,Compensator_P,35
287,黄岩.35kV.1-1#电容器,35,60.000,37.000,0,西南.黄岩站.35.nd5825,0.000,0.000,1,0,5825,1151,-1,Compensator_P,35
288,泸州站.500kV.泸复三线线路高抗,500,-90.000,525.000,西南.泸复三线,西南.泸州站.500.3630,0.000,-82.065,0,-82.93,18967,3630,0,Compensator_P,525
289,茂县.35kV.1-2#电抗器,35,-45.000,37.000,0,四川.茂县.35.1760,0.000,0.000,1,0,8237,1760,0,Compensator_P,35
290,茂县.35kV.1-3#电抗器,35,-45.000,37.000,0,四川.茂县.35.1760,0.000,0.000,1,0,8239,1760,0,Compensator_P,35
291,茂县.35kV.1-4#电抗器,35,-45.000,37.000,0,四川.茂县.35.1760,0.000,0.000,1,0,8241,1760,0,Compensator_P,35
292,茂县.35kV.2-2#电抗器,35,-45.000,37.000,0,四川.茂县.35.nd8243,0.000,0.000,1,0,8243,1761,-1,Compensator_P,35
293,茂县.35kV.2-3#电抗器,35,-45.000,37.000,0,四川.茂县.35.nd8245,0.000,0.000,1,0,8245,1761,-1,Compensator_P,35
294,茂县.35kV.2-4#电抗器,35,-45.000,37.000,0,四川.茂县.35.nd8247,0.000,0.000,1,0,8247,1761,-1,Compensator_P,35
295,南充.500kV.南谭一线电抗器,500,-150.000,525.000,四川.南谭一线,四川.南充.500.1822,0.000,-137.804,0,-136.01,18203,1822,0,Compensator_P,525
296,南充.35kV.2-1#电容器,35,45.000,37.000,0,四川.南充.35.1838,0.000,0.000,1,0,6295,1838,0,Compensator_P,35
297,康定.35kV.2-1#电抗器,35,-60.000,37.000,0,四川.康定.35.4161,0.000,0.000,1,0,8272,4161,0,Compensator_P,35
298,康定.35kV.2-2#电抗器,35,-60.000,37.000,0,四川.康定.35.4161,0.000,-49.570,0,-56.58,8274,4161,0,Compensator_P,35
299,康定.35kV.2-3#电抗器,35,-60.000,37.000,0,四川.康定.35.4161,0.000,-49.570,0,-66.36,8276,4161,0,Compensator_P,35
300,康定.35kV.2-4#电抗器,35,-60.000,37.000,0,四川.康定.35.4161,0.000,0.000,1,0,8278,4161,0,Compensator_P,35
301,桃乡.66kV.3-1#电抗器,60,-60.000,66.000,0,四川.桃乡.60.4714,0.000,0.000,1,0,8309,4714,0,Compensator_P,66
302,桃乡.66kV.3-1#电容器,60,57.000,66.000,0,四川.桃乡.60.4714,0.000,0.000,1,0,8322,4714,0,Compensator_P,66
303,桃乡.66kV.3-2#电抗器,60,-60.000,66.000,0,四川.桃乡.60.4714,0.000,0.000,1,0,8307,4714,0,Compensator_P,66
304,桃乡.66kV.3-2#电容器,60,52.800,66.000,0,四川.桃乡.60.4714,0.000,58.550,0,51.69,8320,4714,0,Compensator_P,66
305,桃乡.66kV.3-3#电容器,60,55.000,66.000,0,四川.桃乡.60.4714,0.000,0.000,1,0,8318,4714,0,Compensator_P,66
306,桃乡.66kV.3-4#电容器,60,44.500,66.000,0,四川.桃乡.60.4714,0.000,49.346,0,51.61,8316,4714,0,Compensator_P,66
307,桃乡.66kV.3-5#电容器,60,55.000,66.000,0,四川.桃乡.60.4714,0.000,0.000,1,0,8314,4714,0,Compensator_P,66
308,桃乡.66kV.3-6#电容器,60,57.000,66.000,0,四川.桃乡.60.4714,0.000,63.207,0,67.85,8312,4714,0,Compensator_P,66
309,丹景.35kV.1-3#电容器,35,60.000,37.000,0,四川.丹景.35.647,0.000,0.000,1,0,8357,647,0,Compensator_P,35
310,丹景.35kV.2-3#电容器,35,60.000,37.000,0,四川.丹景.35.648,0.000,0.000,1,0,8359,648,0,Compensator_P,35
311,石板箐.35kV.1#电抗器,35,-45.000,37.000,0,西南.石板箐站.35.2326,0.000,0.000,1,-0.50,4586,2326,0,Compensator_P,35
312,资阳.35kV.2-1#电抗器,35,-60.000,37.000,0,西南.资阳站.35.nd8397,0.000,0.000,1,0,8397,4763,-1,Compensator_P,35
313,资阳.35kV.2-1#电容器,35,52.800,37.000,0,西南.资阳站.35.nd8388,0.000,0.000,1,0,8388,4763,-1,Compensator_P,35
314,资阳.35kV.2-2#电抗器,35,-60.000,37.000,0,西南.资阳站.35.nd8399,0.000,0.000,1,0,8399,4763,-1,Compensator_P,35
315,资阳.35kV.2-2#电容器,35,57.000,37.000,0,西南.资阳站.35.nd8390,0.000,0.000,1,0,8390,4763,-1,Compensator_P,35
316,资阳.35kV.2-3#电容器,35,60.000,37.000,0,西南.资阳站.35.nd8392,0.000,0.000,1,0,8392,4763,-1,Compensator_P,35
317,富乐.500kV.乐昭一线电抗器,500,-120.000,525.000,四川.乐昭一线,四川.富乐.500.3856,0.000,-111.849,0,-109.24,18992,3856,0,Compensator_P,525
318,富乐.35kV.1-2#电抗器,35,-60.000,37.000,0,四川.富乐.35.nd6416,0.000,0.000,1,0,6416,3863,-1,Compensator_P,35
319,富乐.35kV.1-3#电容器,35,60.000,37.000,0,四川.富乐.35.nd6421,0.000,0.000,1,0,6421,3863,-1,Compensator_P,35
320,富乐.35kV.2-3#电容器,35,60.000,37.000,0,四川.富乐.35.nd6431,0.000,0.000,1,0,6431,3864,-1,Compensator_P,35
321,富乐.35kV.2-2#电抗器,35,-60.000,37.000,0,四川.富乐.35.nd6426,0.000,0.000,1,0,6426,3864,-1,Compensator_P,35
322,月城.35kV.1-3#电抗器,35,-60.000,37.000,0,国调.月城站.35.nd8608,0.000,0.000,1,0,8608,3951,-1,Compensator_P,35
323,月城.35kV.1-4#电抗器,35,-60.000,37.000,0,国调.月城站.35.nd8610,0.000,0.000,1,0,8610,3951,-1,Compensator_P,35
324,月城.35kV.2-3#电抗器,35,-60.000,37.000,0,国调.月城站.35.nd8618,0.000,0.000,1,0,8618,3952,-1,Compensator_P,35
325,月城.35kV.2-4#电抗器,35,-60.000,37.000,0,国调.月城站.35.nd8620,0.000,0.000,1,0,8620,3952,-1,Compensator_P,35
326,月城.35kV.1-1#电容器,35,60.000,37.000,0,国调.月城站.35.nd8611,0.000,0.000,1,0,8611,3951,-1,Compensator_P,35
327,月城.35kV.1-2#电容器,35,60.000,37.000,0,国调.月城站.35.nd8613,0.000,0.000,1,0,8613,3951,-1,Compensator_P,35
328,月城.35kV.1-3#电容器,35,60.000,37.000,0,国调.月城站.35.nd8615,0.000,0.000,1,0,8615,3951,-1,Compensator_P,35
329,月城.35kV.2-1#电容器,35,60.000,37.000,0,国调.月城站.35.nd8621,0.000,0.000,1,0,8621,3952,-1,Compensator_P,35
330,月城.35kV.2-2#电容器,35,60.000,37.000,0,国调.月城站.35.nd8623,0.000,0.000,1,0,8623,3952,-1,Compensator_P,35
331,月城.35kV.2-3#电容器,35,60.000,37.000,0,国调.月城站.35.nd8625,0.000,0.000,1,0,8625,3952,-1,Compensator_P,35
332,昭化.35kV.#1-1电容器,35,40.000,37.000,0,四川.昭化.35.4409,0.000,0.000,1,0,7543,4409,0,Compensator_P,35
333,昭化.35kV.#1-2电容器,35,40.000,37.000,0,四川.昭化.35.4409,0.000,0.000,1,0,7545,4409,0,Compensator_P,35
334,昭化.35kV.#1-3电容器,35,40.000,37.000,0,四川.昭化.35.4409,0.000,0.000,1,0,8654,4409,0,Compensator_P,35
335,昭化.35kV.#2-1电容器,35,40.000,37.000,0,四川.昭化.35.nd7548,0.000,0.000,1,0,7548,4410,-1,Compensator_P,35
336,昭化.35kV.#2-2电容器,35,40.000,37.000,0,四川.昭化.35.nd7550,0.000,0.000,1,0,7550,4410,-1,Compensator_P,35
337,昭化.35kV.#2-3电容器,35,40.000,37.000,0,四川.昭化.35.nd8658,0.000,0.000,1,0,8658,4410,-1,Compensator_P,35
338,昭化.35kV.#3-1电容器,35,40.000,37.000,0,四川.昭化.35.nd8662,0.000,0.000,1,0,8662,4411,-1,Compensator_P,35
339,昭化.35kV.#3-2电容器,35,40.000,37.000,0,四川.昭化.35.nd8664,0.000,0.000,1,0,8664,4411,-1,Compensator_P,35
340,昭化.35kV.#3-3电容器,35,40.000,37.000,0,四川.昭化.35.nd8666,0.000,0.000,1,0,8666,4411,-1,Compensator_P,35
341,昭化.35kV.#1-1电抗器,35,-60.000,37.000,0,四川.昭化.35.4409,0.000,-61.480,0,-61.48,7546,4409,0,Compensator_P,35
342,昭化.35kV.#1-2电抗器,35,-60.000,37.000,0,四川.昭化.35.4409,0.000,0.000,1,0,8656,4409,0,Compensator_P,35
343,昭化.35kV.#2-1电抗器,35,-60.000,37.000,0,四川.昭化.35.nd7553,0.000,0.000,1,0,7553,4410,-1,Compensator_P,35
344,昭化.35kV.#2-2电抗器,35,-60.000,37.000,0,四川.昭化.35.nd8661,0.000,0.000,1,0,8661,4410,-1,Compensator_P,35
345,昭化.35kV.#3-1电抗器,35,-60.000,37.000,0,四川.昭化.35.nd8669,0.000,0.000,1,0,8669,4411,-1,Compensator_P,35
346,昭化.35kV.#3-2电抗器,35,-60.000,37.000,0,四川.昭化.35.nd8671,0.000,0.000,1,0,8671,4411,-1,Compensator_P,35
347,普提站.500kV.月普一线线路高抗,500,-90.000,525.000,西南.月普一线,西南.普提站.500.2181,0.000,-82.709,0,-83.70,18254,2181,0,Compensator_P,525
348,普提站.500kV.月普二线线路高抗,500,-90.000,525.000,西南.月普二线,西南.普提站.500.2181,0.000,-82.709,0,-84.21,21010,2181,0,Compensator_P,525
349,昭化.500kV.武昭线电抗器,500,-110.000,525.000,四川.武昭线,四川.昭化.500.4406,0.000,-102.873,0,-109.30,19401,4406,0,Compensator_P,525
350,遂宁.35kV.3-1#电抗器,35,-60.000,37.000,0,四川.遂宁.35.nd8756,0.000,0.000,1,0,8756,4263,-1,Compensator_P,35
351,遂宁.35kV.3-2#电抗器,35,-60.000,37.000,0,四川.遂宁.35.nd8758,0.000,0.000,1,0,8758,4263,-1,Compensator_P,35
352,遂宁.35kV.3-3#电抗器,35,-60.000,37.000,0,四川.遂宁.35.nd8760,0.000,0.000,1,0,8760,4263,-1,Compensator_P,35
353,遂宁.35kV.2-2#电抗器,35,-60.000,37.000,0,四川.遂宁.35.4262,0.000,0.000,1,0,8752,4262,0,Compensator_P,35
354,遂宁.35kV.2-3#电抗器,35,-60.000,37.000,0,四川.遂宁.35.4262,0.000,0.000,1,0,8754,4262,0,Compensator_P,35
355,遂宁.35kV.3-1#电容器,35,40.000,37.000,0,四川.遂宁.35.nd8747,0.000,0.000,1,0,8747,4263,-1,Compensator_P,35
356,遂宁.35kV.3-2#电容器,35,40.000,37.000,0,四川.遂宁.35.nd8749,0.000,0.000,1,0,8749,4263,-1,Compensator_P,35
357,遂宁.35kV.1-2#电抗器,35,-60.000,37.000,0,四川.遂宁.35.4261,0.000,0.000,1,0,8743,4261,0,Compensator_P,35
358,遂宁.35kV.1-3#电抗器,35,-60.000,37.000,0,四川.遂宁.35.4261,0.000,0.000,1,0,8745,4261,0,Compensator_P,35
359,遂宁.500kV.洪遂线电抗器,500,-150.000,525.000,四川.洪遂线,四川.遂宁.500.4255,0.000,-137.426,0,-136.71,19343,4255,0,Compensator_P,525
360,遂宁.500kV.502223电抗器,500,-120.000,525.000,0,四川.遂宁.500.4255,0.000,0.000,1,0,19339,4255,0,Compensator_P,525
361,遂宁.500kV.503233电抗器,500,-120.000,525.000,0,四川.遂宁.500.4255,0.000,0.000,1,0,21031,4255,0,Compensator_P,525
362,遂宁.500kV.504243电抗器,500,-120.000,525.000,0,四川.遂宁.500.4255,0.000,0.000,1,0,21030,4255,0,Compensator_P,525
363,遂宁.500kV.504142电抗器,500,-120.000,525.000,0,四川.遂宁.500.4255,0.000,0.000,1,0,21043,4255,0,Compensator_P,525
364,遂宁.500kV.505152电抗器,500,-120.000,525.000,0,四川.遂宁.500.4255,0.000,0.000,1,0,19341,4255,0,Compensator_P,525
365,红房子厂.220kV.红孟线电抗器,220,-30.000,230.000,0,四川.红房子厂.220.nd50417,0.000,0.000,1,0,50417,1132,-1,Compensator_P,230
366,蜀州.35kV.2-1#电抗器,35,-60.000,37.000,0,四川.蜀州.35.2667,0.000,0.000,1,0,8924,2667,0,Compensator_P,35
367,蜀州.35kV.2-2#电抗器,35,-60.000,37.000,0,四川.蜀州.35.2667,0.000,0.000,1,0,8926,2667,0,Compensator_P,35
368,蜀州.35kV.2-3#电抗器,35,-60.000,37.000,0,四川.蜀州.35.2667,0.000,0.000,1,0,8928,2667,0,Compensator_P,35
369,蜀州.35kV.2-1#电容器,35,60.000,37.000,0,四川.蜀州.35.2667,0.000,69.922,0,59.51,8930,2667,0,Compensator_P,35
370,蜀州.35kV.2-2#电容器,35,50.000,37.000,0,四川.蜀州.35.2667,0.000,0.000,1,0,8932,2667,0,Compensator_P,35
371,蜀州.35kV.2-3#电容器,35,60.000,37.000,0,四川.蜀州.35.2667,0.000,0.000,1,0,26261,2667,0,Compensator_P,35
372,南天.35kV.1-1#电容器,35,35.000,37.000,0,国调.南天站.35.2027,0.000,37.410,0,37.66,8969,2027,0,Compensator_P,35
373,南天.35kV.1-2#电容器,35,37.800,37.000,0,国调.南天站.35.2027,0.000,40.403,0,40.66,8971,2027,0,Compensator_P,35
374,南天.35kV.1-1#电抗器,35,-60.000,37.000,0,国调.南天站.35.2027,0.000,0.000,1,0,8963,2027,0,Compensator_P,35
375,南天.35kV.1-2#电抗器,35,-60.000,37.000,0,国调.南天站.35.2027,0.000,0.000,1,0,8965,2027,0,Compensator_P,35
376,南天.35kV.1-3#电抗器,35,-60.000,37.000,0,国调.南天站.35.2027,0.000,0.000,1,0,8967,2027,0,Compensator_P,35
377,嘉州.35kV.2-1#电抗器,35,-60.000,37.000,0,四川.嘉州.35.nd50418,0.000,0.000,1,0,50418,5313,-1,Compensator_P,35
378,嘉州.35kV.1-1#电容器,35,60.000,37.000,0,四川.嘉州.35.5297,0.000,0.000,1,0,9098,5297,0,Compensator_P,35
379,嘉州.35kV.1-2#电容器,35,60.000,37.000,0,四川.嘉州.35.5297,0.000,66.221,0,59.79,9100,5297,0,Compensator_P,35
380,嘉州.35kV.1-3#电容器,35,60.000,37.000,0,四川.嘉州.35.5297,0.000,0.000,1,0,9101,5297,0,Compensator_P,35
381,嘉州.35kV.2-2#电抗器,35,-60.000,37.000,0,四川.嘉州.35.nd50419,0.000,0.000,1,0,50419,5314,-1,Compensator_P,35
382,嘉州.35kV.1-1#电抗器,35,-60.000,37.000,0,四川.嘉州.35.5297,0.000,0.000,1,0,9103,5297,0,Compensator_P,35
383,嘉州.35kV.1-2#电抗器,35,-60.000,37.000,0,四川.嘉州.35.5297,0.000,0.000,1,0,9105,5297,0,Compensator_P,35
384,嘉州.35kV.2-1#电容器,35,60.000,37.000,0,四川.嘉州.35.nd50420,0.000,0.000,1,0,50420,5315,-1,Compensator_P,35
385,嘉州.35kV.2-2#电容器,35,60.000,37.000,0,四川.嘉州.35.nd50421,0.000,0.000,1,0,50421,5316,-1,Compensator_P,35
386,嘉州.35kV.2-3#电容器,35,60.000,37.000,0,四川.嘉州.35.nd50422,0.000,0.000,1,0,50422,5317,-1,Compensator_P,35
387,嘉州.35kV.3-1#电容器,35,60.000,37.000,0,四川.嘉州.35.nd9108,0.000,0.000,1,0,9108,5299,-1,Compensator_P,35
388,嘉州.35kV.3-2#电容器,35,60.000,37.000,0,四川.嘉州.35.nd9110,0.000,0.000,1,0,9110,5299,-1,Compensator_P,35
389,嘉州.35kV.3-3#电容器,35,60.000,37.000,0,四川.嘉州.35.nd9112,0.000,0.000,1,0,9112,5299,-1,Compensator_P,35
390,嘉州.35kV.3-1#电抗器,35,-60.000,37.000,0,四川.嘉州.35.nd9115,0.000,0.000,1,0,9115,5299,-1,Compensator_P,35
391,嘉州.35kV.3-2#电抗器,35,-60.000,37.000,0,四川.嘉州.35.nd9117,0.000,0.000,1,0,9117,5299,-1,Compensator_P,35
392,沐溪.500kV.5063电抗器,500,-150.000,525.000,0,西南.沐溪站.500.5341,0.000,-136.819,0,-135.40,9161,5341,0,Compensator_P,525
393,雅安.500kV.石雅三线电抗器,500,-120.000,525.000,四川.石雅三线,四川.雅安.500.3364,0.000,-109.597,0,-108.56,21309,3364,0,Compensator_P,525
394,雅安.500kV.石雅四线电抗器,500,-120.000,525.000,四川.石雅四线,四川.雅安.500.3364,0.000,-109.597,0,-108.61,21310,3364,0,Compensator_P,525
395,石棉.35kV.3-1#电抗器,35,-45.000,37.000,0,四川.石棉.35.nd9194,0.000,0.000,1,0,9194,2491,-1,Compensator_P,35
396,石棉.35kV.3-2#电抗器,35,-45.000,37.000,0,四川.石棉.35.nd9196,0.000,0.000,1,0,9196,2491,-1,Compensator_P,35
397,石棉.35kV.3-3#电抗器,35,-45.000,37.000,0,四川.石棉.35.nd9198,0.000,0.000,1,0,9198,2491,-1,Compensator_P,35
398,色尔古.35kV.1-1#电抗器,35,-60.000,37.000,0,四川.色尔古.35.5412,0.000,0.000,1,0,9286,5412,0,Compensator_P,35
399,色尔古.35kV.1-2#电抗器,35,-60.000,37.000,0,四川.色尔古.35.5412,0.000,-55.175,0,-56.13,9288,5412,0,Compensator_P,35
400,色尔古.35kV.1-3#电抗器,35,-60.000,37.000,0,四川.色尔古.35.5412,0.000,0.000,1,0,9290,5412,0,Compensator_P,35
401,色尔古.35kV.1-4#电抗器,35,-60.000,37.000,0,四川.色尔古.35.5412,0.000,0.000,1,0,9292,5412,0,Compensator_P,35
402,色尔古.35kV.2-1#电抗器,35,-60.000,37.000,0,四川.色尔古.35.nd9294,0.000,0.000,1,0,9294,5413,-1,Compensator_P,35
403,色尔古.35kV.2-2#电抗器,35,-60.000,37.000,0,四川.色尔古.35.nd9296,0.000,0.000,1,0,9296,5413,-1,Compensator_P,35
404,色尔古.35kV.2-3#电抗器,35,-60.000,37.000,0,四川.色尔古.35.nd9298,0.000,0.000,1,0,9298,5413,-1,Compensator_P,35
405,色尔古.35kV.2-4#电抗器,35,-60.000,37.000,0,四川.色尔古.35.nd9300,0.000,0.000,1,0,9300,5413,-1,Compensator_P,35
406,蜀州.500kV.甘蜀二线电抗器,500,-150.000,525.000,四川.甘蜀二线,四川.蜀州.500.2649,0.000,-136.054,0,-135.91,18946,2649,0,Compensator_P,525
407,彭祖.35kV.1-1电抗器,35,-60.000,37.000,0,四川.彭祖.35.5583,0.000,0.000,1,0,9478,5583,0,Compensator_P,35
408,彭祖.35kV.1-2电抗器,35,-60.000,37.000,0,四川.彭祖.35.5583,0.000,0.000,1,0,9480,5583,0,Compensator_P,35
409,彭祖.35kV.2-1电抗器,35,-60.000,37.000,0,四川.彭祖.35.5584,0.000,0.000,1,0,9486,5584,0,Compensator_P,35
410,彭祖.35kV.2-2电抗器,35,-60.000,37.000,0,四川.彭祖.35.5584,0.000,0.000,1,0,9488,5584,0,Compensator_P,35
411,彭祖.35kV.3-1电抗器,35,-60.000,37.000,0,四川.彭祖.35.nd9541,0.000,0.000,1,0,9541,5585,-1,Compensator_P,35
412,彭祖.35kV.3-2电抗器,35,-60.000,37.000,0,四川.彭祖.35.nd9543,0.000,0.000,1,0,9543,5585,-1,Compensator_P,35
413,彭祖.35kV.1-1电容器,35,60.000,37.000,0,四川.彭祖.35.5583,0.000,0.000,1,0,9538,5583,0,Compensator_P,35
414,彭祖.35kV.1-2电容器,35,60.000,37.000,0,四川.彭祖.35.5583,0.000,59.671,0,60.04,9481,5583,0,Compensator_P,35
415,彭祖.35kV.2-1电容器,35,60.000,37.000,0,四川.彭祖.35.5584,0.000,62.294,0,62.99,9550,5584,0,Compensator_P,35
416,彭祖.35kV.2-2电容器,35,60.000,37.000,0,四川.彭祖.35.5584,0.000,62.294,0,63.11,9489,5584,0,Compensator_P,35
417,彭祖.35kV.3-1电容器,35,60.000,37.000,0,四川.彭祖.35.nd9544,0.000,0.000,1,0,9544,5585,-1,Compensator_P,35
418,彭祖.35kV.3-2电容器,35,60.000,37.000,0,四川.彭祖.35.nd9546,0.000,0.000,1,0,9546,5585,-1,Compensator_P,35
419,彭祖.35kV.1-3电容器,35,60.000,37.000,0,四川.彭祖.35.5583,0.000,0.000,1,0,9483,5583,0,Compensator_P,35
420,彭祖.35kV.2-3电容器,35,60.000,37.000,0,四川.彭祖.35.5584,0.000,0.000,1,0,9491,5584,0,Compensator_P,35
421,彭祖.35kV.3-3电容器,35,60.000,37.000,0,四川.彭祖.35.nd9548,0.000,0.000,1,0,9548,5585,-1,Compensator_P,35
422,什邡.66kV.2-1电容器,60,60.000,66.000,0,四川.什邡.60.5944,0.000,53.364,0,52.39,9942,5944,0,Compensator_P,66
423,什邡.66kV.2-2电容器,60,54.000,66.000,0,四川.什邡.60.5944,0.000,0.000,1,0,9944,5944,0,Compensator_P,66
424,什邡.66kV.2-3电容器,60,47.000,66.000,0,四川.什邡.60.5944,0.000,0.000,1,0,9945,5944,0,Compensator_P,66
425,什邡.66kV.2-4电容器,60,54.000,66.000,0,四川.什邡.60.5944,0.000,0.000,1,0,9948,5944,0,Compensator_P,66
426,什邡.66kV.2-5电容器,60,47.000,66.000,0,四川.什邡.60.5944,0.000,0.000,1,0,9949,5944,0,Compensator_P,66
427,什邡.66kV.1-1电容器,60,60.000,66.000,0,四川.什邡.60.5945,0.000,53.428,0,52.57,9928,5945,0,Compensator_P,66
428,什邡.66kV.1-2电容器,60,54.000,66.000,0,四川.什邡.60.5945,0.000,0.000,1,0,9930,5945,0,Compensator_P,66
429,什邡.66kV.1-3电容器,60,47.000,66.000,0,四川.什邡.60.5945,0.000,0.000,1,0,9931,5945,0,Compensator_P,66
430,什邡.66kV.1-4电容器,60,54.000,66.000,0,四川.什邡.60.5945,0.000,0.000,1,0,9934,5945,0,Compensator_P,66
431,什邡.66kV.1-5电容器,60,47.000,66.000,0,四川.什邡.60.5945,0.000,0.000,1,0,9935,5945,0,Compensator_P,66
432,什邡.66kV.2-1电抗器,60,-60.000,66.000,0,四川.什邡.60.5944,0.000,-53.364,0,-50.36,9952,5944,0,Compensator_P,66
433,什邡.66kV.1-1电抗器,60,-60.000,66.000,0,四川.什邡.60.5945,0.000,-53.428,0,-50.64,9938,5945,0,Compensator_P,66
434,蜀州.500kV.甘蜀一线电抗器,500,-150.000,525.000,四川.甘蜀一线,四川.蜀州.500.2649,0.000,-136.054,0,-136.82,18948,2649,0,Compensator_P,525
435,木里.35kV.1-1#电抗器,35,-60.000,37.000,0,西南.木里站.35.5764,0.000,-54.498,0,-53.98,10023,5764,0,Compensator_P,35
436,木里.35kV.2-1#电抗器,35,-60.000,37.000,0,西南.木里站.35.5763,0.000,0.000,1,0,10021,5763,0,Compensator_P,35
437,月城站.500kV.里月一线线路高抗,500,-180.000,525.000,西南.里月一线,国调.月城站.500.3933,0.000,-165.892,0,-166.23,21710,3933,0,Compensator_P,525
438,月城站.500kV.里月二线线路高抗,500,-180.000,525.000,西南.里月二线,国调.月城站.500.3933,0.000,-165.892,0,-165.68,21711,3933,0,Compensator_P,525
439,洪沟.500kV.普洪三线电抗器,500,-180.000,525.000,四川.普洪三线,西南.洪沟站.500.990,0.000,-162.740,0,-159.46,17886,990,0,Compensator_P,525
440,月城站.500kV.城沐一线线路高抗,500,-100.000,525.000,西南.城沐一线,国调.月城站.500.3933,0.000,-101.148,0,-110.15,21869,3933,0,Compensator_P,525
441,月城站.500kV.城沐二线线路高抗,500,-100.000,525.000,西南.城沐二线,国调.月城站.500.3933,0.000,-101.148,0,-109.97,21870,3933,0,Compensator_P,525
442,毛尔盖厂.6.3kV.1DK电抗器,6,-6.000,6.300,0,四川.毛尔盖厂.6.5517,0.000,-6.144,0,0,10145,5517,0,Compensator_P,6
443,平武.35kV.2-1#电抗器,35,-60.000,37.000,0,四川.平武.35.6132,0.000,0.000,1,0,10232,6132,0,Compensator_P,35
444,平武.35kV.2-2#电抗器,35,-60.000,37.000,0,四川.平武.35.6132,0.000,-59.891,0,-58.90,10234,6132,0,Compensator_P,35
445,平武.35kV.1-1#电抗器,35,-60.000,37.000,0,四川.平武.35.6131,0.000,-59.920,0,-59.01,10236,6131,0,Compensator_P,35
446,平武.35kV.1-2#电抗器,35,-60.000,37.000,0,四川.平武.35.6131,0.000,0.000,1,0,10238,6131,0,Compensator_P,35
447,甘泉.35kV.1-1#电容器,35,60.000,37.000,0,西南.甘泉站.35.nd10272,0.000,0.000,1,0,10272,6204,-1,Compensator_P,35
448,甘泉.35kV.1-2#电容器,35,60.000,37.000,0,西南.甘泉站.35.nd10270,0.000,0.000,1,0,10270,6204,-1,Compensator_P,35
449,甘泉.35kV.1-1#电抗器,35,-60.000,37.000,0,西南.甘泉站.35.nd10268,0.000,0.000,1,0,10268,6204,-1,Compensator_P,35
450,甘泉.35kV.1-2#电抗器,35,-60.000,37.000,0,西南.甘泉站.35.nd10266,0.000,0.000,1,0,10266,6204,-1,Compensator_P,35
451,甘泉.35kV.3-1#电容器,35,60.000,37.000,0,西南.甘泉站.35.6205,0.000,0.000,1,0,10276,6205,0,Compensator_P,35
452,甘泉.35kV.3-2#电容器,35,60.000,37.000,0,西南.甘泉站.35.6205,0.000,0.000,1,0,10280,6205,0,Compensator_P,35
453,甘泉.35kV.3-1#电抗器,35,-60.000,37.000,0,西南.甘泉站.35.6205,0.000,0.000,1,0,10278,6205,0,Compensator_P,35
454,甘泉.35kV.3-2#电抗器,35,-60.000,37.000,0,西南.甘泉站.35.6205,0.000,0.000,1,0,10282,6205,0,Compensator_P,35
455,普提站.500kV.榄普一线线路高抗,500,-180.000,525.000,西南.榄普一线,西南.普提站.500.2181,0.000,-165.419,0,-163.31,18251,2181,0,Compensator_P,525
456,盖家坪.10.5kV.#5电容器,10,6.000,10.500,0,四川.盖家坪.10.19746,0.000,0.000,1,0,22030,19746,0,Compensator_P,10.5
457,盖家坪.10.5kV.#6电容器,10,6.000,10.500,0,四川.盖家坪.10.19746,0.000,0.000,1,0,22031,19746,0,Compensator_P,10.5
458,盖家坪.10.5kV.#7电容器,10,6.000,10.500,0,四川.盖家坪.10.19746,0.000,0.000,1,0,22032,19746,0,Compensator_P,10.5
459,盖家坪.10.5kV.#8电容器,10,6.000,10.500,0,四川.盖家坪.10.19746,0.000,0.000,1,0,22033,19746,0,Compensator_P,10.5
460,盖家坪.10.5kV.#1电容器,10,6.000,10.500,0,四川.盖家坪.10.936,0.000,0.000,1,0,22022,936,0,Compensator_P,10.5
461,盖家坪.10.5kV.#2电容器,10,6.000,10.500,0,四川.盖家坪.10.936,0.000,0.000,1,0,22023,936,0,Compensator_P,10.5
462,盖家坪.10.5kV.#3电容器,10,6.000,10.500,0,四川.盖家坪.10.936,0.000,0.000,1,0,22024,936,0,Compensator_P,10.5
463,盖家坪.10.5kV.#4电容器,10,6.000,10.500,0,四川.盖家坪.10.936,0.000,0.000,1,0,22025,936,0,Compensator_P,10.5
464,石化.35kV.#1电容器,35,6.000,37.000,0,四川.石化.35.nd10408,0.000,0.000,1,0,10408,6126,-1,Compensator_P,35
465,石化.35kV.#2电容器,35,6.000,37.000,0,四川.石化.35.nd10410,0.000,0.000,1,0,10410,19767,-1,Compensator_P,35
466,石化.35kV.#3电容器,35,6.000,37.000,0,四川.石化.35.nd10412,0.000,0.000,1,0,10412,6127,-1,Compensator_P,35
467,石化.35kV.#4电容器,35,6.000,37.000,0,四川.石化.35.nd10414,0.000,0.000,1,0,10414,19768,-1,Compensator_P,35
468,石化.35kV.#5电容器,35,6.000,37.000,0,四川.石化.35.nd10416,0.000,0.000,1,0,10416,6128,-1,Compensator_P,35
469,石化.35kV.#6电容器,35,6.000,37.000,0,四川.石化.35.nd10418,0.000,0.000,1,0,10418,19769,-1,Compensator_P,35
470,豆坝.10.5kV.931电容器,10,8.000,10.500,0,四川.豆坝.10.nd50423,0.000,0.000,1,0,50423,5008,-1,Compensator_P,10.5
471,豆坝.10.5kV.932电容器,10,8.000,10.500,0,四川.豆坝.10.nd50424,0.000,0.000,1,0,50424,5009,-1,Compensator_P,10.5
472,豆坝.10.5kV.933电容器,10,8.000,10.500,0,四川.豆坝.10.nd50425,0.000,0.000,1,0,50425,5010,-1,Compensator_P,10.5
473,豆坝.10.5kV.934电容器,10,8.000,10.500,0,四川.豆坝.10.nd50426,0.000,0.000,1,0,50426,5011,-1,Compensator_P,10.5
474,豆坝.10.5kV.901电抗器,10,8.000,10.500,0,四川.豆坝.10.nd50427,0.000,0.000,1,0,50427,5012,-1,Compensator_P,10.5
475,豆坝.10.5kV.902电抗器,10,8.000,10.500,0,四川.豆坝.10.nd50428,0.000,0.000,1,0,50428,5013,-1,Compensator_P,10.5
476,德阳换流站.500kV.5611电容器,500,155.000,525.000,0,国调.德阳换流站.500.6424,0.000,0.000,1,0,11517,6424,0,Compensator_P,525
477,德阳换流站.500kV.5612电容器,500,155.000,525.000,0,国调.德阳换流站.500.6424,0.000,158.095,0,0,11519,6424,0,Compensator_P,525
478,德阳换流站.500kV.5613电容器,500,155.000,525.000,0,国调.德阳换流站.500.6424,0.000,0.000,1,0,11521,6424,0,Compensator_P,525
479,德阳换流站.500kV.5614电容器,500,155.000,525.000,0,国调.德阳换流站.500.6424,0.000,0.000,1,0,11523,6424,0,Compensator_P,525
480,德阳换流站.500kV.5621电容器,500,155.000,525.000,0,国调.德阳换流站.500.6424,0.000,0.000,1,0,11525,6424,0,Compensator_P,525
481,德阳换流站.500kV.5622电容器,500,155.000,525.000,0,国调.德阳换流站.500.6424,0.000,0.000,1,0,11527,6424,0,Compensator_P,525
482,德阳换流站.500kV.5623电容器,500,155.000,525.000,0,国调.德阳换流站.500.6424,0.000,0.000,1,0,11529,6424,0,Compensator_P,525
483,德阳换流站.500kV.5624电容器,500,155.000,525.000,0,国调.德阳换流站.500.6424,0.000,0.000,1,0,11531,6424,0,Compensator_P,525
484,德阳换流站.500kV.5632电容器,500,155.000,525.000,0,国调.德阳换流站.500.6424,0.000,0.000,1,0,11535,6424,0,Compensator_P,525
485,德阳换流站.500kV.5633电容器,500,155.000,525.000,0,国调.德阳换流站.500.6424,0.000,158.095,0,0,11537,6424,0,Compensator_P,525
486,德阳换流站.500kV.5634电容器,500,155.000,525.000,0,国调.德阳换流站.500.6424,0.000,0.000,1,0,11539,6424,0,Compensator_P,525
487,德阳换流站.500kV.5631电容器,500,155.000,525.000,0,国调.德阳换流站.500.6424,0.000,0.000,1,0,11533,6424,0,Compensator_P,525
488,木里.500kV.里月一线电抗器,500,-180.000,525.000,0,西南.木里站.500.nd50429,0.000,0.000,1,0,50429,5731,-1,Compensator_P,525
489,木里.500kV.里月二线电抗器,500,-180.000,525.000,0,西南.木里站.500.nd50430,0.000,0.000,1,0,50430,5732,-1,Compensator_P,525
490,甘孜.220kV.母线电抗器,220,-30.000,230.000,0,四川.甘孜.220.nd50431,0.000,0.000,1,0,50431,7139,-1,Compensator_P,230
491,石渠.110kV.甘石线电抗器,110,10.000,115.000,0,四川.石渠.110.nd50432,0.000,0.000,1,0,50432,7150,-1,Compensator_P,115
492,石渠.10.5kV.电抗Ⅰ路电抗器,10,2.000,10.500,0,四川.石渠.10.nd11953,0.000,0.000,1,0,11953,7155,-1,Compensator_P,10.5
493,石渠.10.5kV.电抗Ⅱ路电抗器,10,2.000,10.500,0,四川.石渠.10.nd11954,0.000,0.000,1,0,11954,7155,-1,Compensator_P,10.5
494,石渠.10.5kV.电容Ⅱ路电容器,10,2.000,10.500,0,四川.石渠.10.nd23321,0.000,0.000,1,0,23321,7155,-1,Compensator_P,10.5
495,石渠.10.5kV.电容Ⅰ路电容器,10,2.000,10.500,0,四川.石渠.10.nd23322,0.000,0.000,1,0,23322,7155,-1,Compensator_P,10.5
496,甘孜.35kV.电抗Ⅷ路电抗器,35,-10.000,37.000,0,四川.甘孜.35.7142,0.000,0.000,1,0,11978,7142,0,Compensator_P,35
497,甘孜.35kV.电抗Ⅶ路电抗器,35,-10.000,37.000,0,四川.甘孜.35.7142,0.000,0.000,1,0,11976,7142,0,Compensator_P,35
498,甘孜.35kV.电抗VⅠ路电抗器,35,-10.000,37.000,0,四川.甘孜.35.7142,0.000,0.000,1,0,11974,7142,0,Compensator_P,35
499,甘孜.35kV.电抗V路电抗器,35,-10.000,37.000,0,四川.甘孜.35.7142,0.000,0.000,1,0,11972,7142,0,Compensator_P,35
500,甘孜.35kV.电抗Ⅳ路电抗器,35,-10.000,37.000,0,四川.甘孜.35.7142,0.000,0.000,1,0,11992,7142,0,Compensator_P,35
501,甘孜.35kV.电抗Ⅲ路电抗器,35,-10.000,37.000,0,四川.甘孜.35.7142,0.000,0.000,1,0,11990,7142,0,Compensator_P,35
502,甘孜.35kV.电抗Ⅱ路电抗器,35,-10.000,37.000,0,四川.甘孜.35.7142,0.000,0.000,1,0,11988,7142,0,Compensator_P,35
503,甘孜.35kV.电抗Ⅰ路电抗器,35,-10.000,37.000,0,四川.甘孜.35.7142,0.000,-10.967,0,-10.61,11986,7142,0,Compensator_P,35
504,普提.35kV.1-1#电抗器,35,-60.000,37.000,0,西南.普提站.35.nd12034,0.000,0.000,1,0,12034,2197,-1,Compensator_P,35
505,普提.35kV.1-2#电抗器,35,-60.000,37.000,0,西南.普提站.35.nd12036,0.000,0.000,1,0,12036,2197,-1,Compensator_P,35
506,普提.35kV.1-3#电抗器,35,-60.000,37.000,0,西南.普提站.35.nd12038,0.000,0.000,1,0,12038,2197,-1,Compensator_P,35
507,普提.35kV.1-4#电抗器,35,-60.000,37.000,0,西南.普提站.35.nd12040,0.000,0.000,1,0,12040,2197,-1,Compensator_P,35
508,内江.35kV.1-1#电抗器,35,-60.000,37.000,0,四川.内江.35.7223,0.000,0.000,1,0,12129,7223,0,Compensator_P,35
509,内江.35kV.1-1#电容器,35,54.000,37.000,0,四川.内江.35.7223,0.000,0.000,1,0,12125,7223,0,Compensator_P,35
510,内江.35kV.1-2#电容器,35,54.000,37.000,0,四川.内江.35.7223,0.000,60.444,0,60.78,12127,7223,0,Compensator_P,35
511,内江.35kV.2-1#电抗器,35,-60.000,37.000,0,四川.内江.35.nd12135,0.000,0.000,1,0,12135,7224,-1,Compensator_P,35
512,内江.35kV.2-1#电容器,35,54.000,37.000,0,四川.内江.35.nd12131,0.000,0.000,1,0,12131,7224,-1,Compensator_P,35
513,内江.35kV.2-2#电容器,35,54.000,37.000,0,四川.内江.35.nd12133,0.000,0.000,1,0,12133,7224,-1,Compensator_P,35
514,橄榄.35kV.1-1#电抗器,35,-60.000,37.000,0,西南.橄榄站.35.nd12268,0.000,0.000,1,0,12268,6165,-1,Compensator_P,35
515,橄榄.35kV.1-2#电抗器,35,-60.000,37.000,0,西南.橄榄站.35.nd12270,0.000,0.000,1,0,12270,6165,-1,Compensator_P,35
516,橄榄.35kV.1-1#电容器,35,60.000,37.000,0,西南.橄榄站.35.nd12271,0.000,0.000,1,0,12271,6165,-1,Compensator_P,35
517,橄榄.35kV.1-2#电容器,35,60.000,37.000,0,西南.橄榄站.35.nd12273,0.000,0.000,1,0,12273,6165,-1,Compensator_P,35
518,橄榄.35kV.3-1#电抗器,35,-60.000,37.000,0,西南.橄榄站.35.6166,0.000,0.000,1,0,12275,6166,0,Compensator_P,35
519,橄榄.35kV.3-2#电抗器,35,-60.000,37.000,0,西南.橄榄站.35.6166,0.000,-61.359,0,-61.93,12277,6166,0,Compensator_P,35
520,橄榄.35kV.3-1#电容器,35,60.000,37.000,0,西南.橄榄站.35.6166,0.000,0.000,1,0,12279,6166,0,Compensator_P,35
521,橄榄.35kV.3-2#电容器,35,60.000,37.000,0,西南.橄榄站.35.6166,0.000,0.000,1,0,12281,6166,0,Compensator_P,35
522,洪沟.35kV.#1SVC滤波电容器,35,40.000,37.000,0,西南.洪沟站.35.1009,0.000,43.639,0,43.47,5957,1009,0,Compensator_P,35
523,沐溪站.500kV.城沐二线线路高抗,500,-130.000,525.000,西南.城沐二线,西南.沐溪站.500.5341,0.000,-118.576,0,-108.79,23541,5341,0,Compensator_P,525
524,沐溪站.500kV.城沐一线线路高抗,500,-130.000,525.000,西南.城沐一线,西南.沐溪站.500.5341,0.000,-118.576,0,-108.26,23540,5341,0,Compensator_P,525
525,路平.35kV.1-1#电容器,35,60.000,37.000,0,四川.路平.35.7455,0.000,0.000,1,0,12439,7455,0,Compensator_P,35
526,路平.35kV.1-2#电容器,35,60.000,37.000,0,四川.路平.35.7455,0.000,0.000,1,0,12441,7455,0,Compensator_P,35
527,路平.35kV.1-3#电容器,35,60.000,37.000,0,四川.路平.35.7455,0.000,0.000,1,0,12443,7455,0,Compensator_P,35
528,路平.35kV.1-1#电抗器,35,-60.000,37.000,0,四川.路平.35.7455,0.000,-56.979,0,-60.70,12435,7455,0,Compensator_P,35
529,路平.35kV.1-2#电抗器,35,-60.000,37.000,0,四川.路平.35.7455,0.000,0.000,1,0,12437,7455,0,Compensator_P,35
530,路平.35kV.2-1#电容器,35,60.000,37.000,0,四川.路平.35.nd12449,0.000,0.000,1,0,12449,7456,-1,Compensator_P,35
531,路平.35kV.2-2#电容器,35,60.000,37.000,0,四川.路平.35.nd12451,0.000,0.000,1,0,12451,7456,-1,Compensator_P,35
532,路平.35kV.2-1#电抗器,35,-60.000,37.000,0,四川.路平.35.nd12445,0.000,0.000,1,0,12445,7456,-1,Compensator_P,35
533,路平.35kV.2-2#电抗器,35,-60.000,37.000,0,四川.路平.35.nd12447,0.000,0.000,1,0,12447,7456,-1,Compensator_P,35
534,路平.35kV.2-3#电容器,35,60.000,37.000,0,四川.路平.35.nd12453,0.000,0.000,1,0,12453,7456,-1,Compensator_P,35
535,达州.500kV.中达一线电抗器,500,-90.000,525.000,四川.中达一线,四川.达州.500.4442,0.000,-82.049,0,-82.11,23646,4442,0,Compensator_P,525
536,达州.35kV.2-3#电抗器,35,-60.000,37.000,0,四川.达州.35.nd6629,0.000,0.000,1,0,6629,4456,-1,Compensator_P,35
537,达州.35kV.1-3#电抗器,35,-60.000,37.000,0,四川.达州.35.4455,0.000,0.000,1,0,6619,4455,0,Compensator_P,35
538,丹巴.35kV.1-1#电抗器,35,-60.000,37.000,0,四川.丹巴.35.nd12810,0.000,0.000,1,0,12810,7659,-1,Compensator_P,35
539,丹巴.35kV.1-2#电抗器,35,-60.000,37.000,0,四川.丹巴.35.nd12812,0.000,0.000,1,0,12812,7659,-1,Compensator_P,35
540,丹巴.35kV.1-3#电抗器,35,-60.000,37.000,0,四川.丹巴.35.nd12814,0.000,0.000,1,0,12814,7659,-1,Compensator_P,35
541,丹巴.35kV.2-1#电抗器,35,-60.000,37.000,0,四川.丹巴.35.7660,0.000,-52.747,0,-55.87,12816,7660,0,Compensator_P,35
542,丹巴.35kV.2-2#电抗器,35,-60.000,37.000,0,四川.丹巴.35.7660,0.000,0.000,1,0,12818,7660,0,Compensator_P,35
543,丹巴.35kV.2-3#电抗器,35,-60.000,37.000,0,四川.丹巴.35.7660,0.000,0.000,1,0,12820,7660,0,Compensator_P,35
544,木里.35kV.1-2#电抗器,35,-60.000,37.000,0,西南.木里站.35.5764,0.000,0.000,1,0,12490,5764,0,Compensator_P,35
545,木里.35kV.2-2#电抗器,35,-60.000,37.000,0,西南.木里站.35.5763,0.000,-54.491,0,-56.07,12494,5763,0,Compensator_P,35
546,南天.500kV.东天Ⅰ线电抗器,500,-150.000,525.000,国调.东天一线,国调.南天站.500.1984,0.000,-137.086,0,-136.64,23874,1984,0,Compensator_P,525
547,南天.500kV.东天Ⅱ线电抗器,500,-150.000,525.000,国调.东天二线,国调.南天站.500.1984,0.000,-137.086,0,-136.46,23875,1984,0,Compensator_P,525
548,水洛.35kV.1-2#电抗器,35,-60.000,37.000,0,四川.水洛.35.7744,0.000,-51.923,0,-51.08,12961,7744,0,Compensator_P,35
549,水洛.35kV.1-1#电抗器,35,-60.000,37.000,0,四川.水洛.35.7744,0.000,-51.923,0,-50.63,12959,7744,0,Compensator_P,35
550,乡城.35kV.2-1#电抗器,35,-60.000,37.000,0,四川.乡城.35.7891,0.000,-51.640,0,-53.05,13060,7891,0,Compensator_P,35
551,乡城.35kV.1-1#电抗器,35,-60.000,37.000,0,四川.乡城.35.7892,0.000,-51.724,0,-53.28,14181,7892,0,Compensator_P,35
552,乡城.35kV.2-2#电抗器,35,-60.000,37.000,0,四川.乡城.35.7891,0.000,-51.640,0,-53.08,13062,7891,0,Compensator_P,35
553,乡城.35kV.1-2#电抗器,35,-60.000,37.000,0,四川.乡城.35.7892,0.000,-51.724,0,-53.31,14183,7892,0,Compensator_P,35
554,乡城.35kV.1-3#电抗器,35,-60.000,37.000,0,四川.乡城.35.7892,0.000,0.000,1,0,14185,7892,0,Compensator_P,35
555,乡城.35kV.2-3#电抗器,35,-60.000,37.000,0,四川.乡城.35.7891,0.000,0.000,1,0,17260,7891,0,Compensator_P,35
556,乡城.35kV.3-1#电抗器,35,-60.000,37.000,0,四川.乡城.35.nd50433,0.000,0.000,1,0,50433,7895,-1,Compensator_P,35
557,乡城.35kV.3-2#电抗器,35,-60.000,37.000,0,四川.乡城.35.nd50434,0.000,0.000,1,0,50434,7896,-1,Compensator_P,35
558,乡城.35kV.3-3#电抗器,35,-60.000,37.000,0,四川.乡城.35.nd50435,0.000,0.000,1,0,50435,7897,-1,Compensator_P,35
559,水洛.500kV.乡水一线电抗器,500,-120.000,525.000,四川.乡水一线,四川.水洛.500.7715,0.000,-110.508,0,-110.75,24014,7715,0,Compensator_P,525
560,水洛.500kV.乡水二线电抗器,500,-120.000,525.000,四川.乡水二线,四川.水洛.500.7715,0.000,-110.508,0,-110.71,24013,7715,0,Compensator_P,525
561,宜宾换流站.500kV.5611ACF,500,235.000,525.000,0,国调.宜宾换流.500.8912,0.000,233.914,0,250.28,13450,8912,0,Compensator_P,525
562,宜宾换流站.500kV.5612ACF,500,235.000,525.000,0,国调.宜宾换流.500.8912,0.000,233.914,0,229.22,13452,8912,0,Compensator_P,525
563,宜宾换流站.500kV.5613SC,500,285.000,525.000,0,国调.宜宾换流.500.8912,0.000,283.683,0,277.57,13454,8912,0,Compensator_P,525
564,宜宾换流站.500kV.5614SC,500,285.000,525.000,0,国调.宜宾换流.500.8912,0.000,283.683,0,277.46,13456,8912,0,Compensator_P,525
565,宜宾换流站.500kV.5621ACF,500,235.000,525.000,0,国调.宜宾换流.500.8912,0.000,233.914,0,250.95,13457,8912,0,Compensator_P,525
566,宜宾换流站.500kV.5622ACF,500,235.000,525.000,0,国调.宜宾换流.500.8912,0.000,233.914,0,229.05,13459,8912,0,Compensator_P,525
567,宜宾换流站.500kV.5623ACF,500,235.000,525.000,0,国调.宜宾换流.500.8912,0.000,233.914,0,230.62,13461,8912,0,Compensator_P,525
568,宜宾换流站.500kV.5624SC,500,285.000,525.000,0,国调.宜宾换流.500.8912,0.000,283.683,0,278.24,13463,8912,0,Compensator_P,525
569,宜宾换流站.500kV.5631ACF,500,235.000,525.000,0,国调.宜宾换流.500.8912,0.000,233.914,0,250.45,13466,8912,0,Compensator_P,525
570,宜宾换流站.500kV.5632ACF,500,235.000,525.000,0,国调.宜宾换流.500.8912,0.000,233.914,0,228.38,13468,8912,0,Compensator_P,525
571,宜宾换流站.500kV.5633ACF,500,235.000,525.000,0,国调.宜宾换流.500.8912,0.000,233.914,0,229.69,13470,8912,0,Compensator_P,525
572,宜宾换流站.500kV.5634SC,500,285.000,525.000,0,国调.宜宾换流.500.8912,0.000,283.683,0,277.29,13472,8912,0,Compensator_P,525
573,宜宾换流站.500kV.5641ACF,500,235.000,525.000,0,国调.宜宾换流.500.8912,0.000,233.914,0,251.54,13474,8912,0,Compensator_P,525
574,宜宾换流站.500kV.5642ACF,500,235.000,525.000,0,国调.宜宾换流.500.8912,0.000,233.914,0,228.54,13476,8912,0,Compensator_P,525
575,宜宾换流站.500kV.5643SC,500,285.000,525.000,0,国调.宜宾换流.500.8912,0.000,0.000,1,0.11,13478,8912,0,Compensator_P,525
576,宜宾换流站.500kV.5644SC,500,285.000,525.000,0,国调.宜宾换流.500.8912,0.000,0.000,1,0.11,13480,8912,0,Compensator_P,525
577,宜宾换流站.500kV.5645SC,500,285.000,525.000,0,国调.宜宾换流.500.8912,0.000,0.000,1,0.17,13506,8912,0,Compensator_P,525
578,宜宾换流站.35kV.311L,35,-60.000,37.000,0,国调.宜宾换流.35.8942,0.000,0.000,1,-0.01,13483,8942,0,Compensator_P,35
579,宜宾换流站.35kV.312L,35,-60.000,37.000,0,国调.宜宾换流.35.8942,0.000,0.000,1,0,13485,8942,0,Compensator_P,35
580,宜宾换流站.35kV.313L,35,-60.000,37.000,0,国调.宜宾换流.35.8942,0.000,0.000,1,-0.01,13487,8942,0,Compensator_P,35
581,宜宾换流站.35kV.321L,35,-60.000,37.000,0,国调.宜宾换流.35.8943,0.000,0.000,1,0,13492,8943,0,Compensator_P,35
582,宜宾换流站.35kV.322L,35,-60.000,37.000,0,国调.宜宾换流.35.8943,0.000,0.000,1,0,13494,8943,0,Compensator_P,35
583,宜宾换流站.35kV.323L,35,-60.000,37.000,0,国调.宜宾换流.35.8943,0.000,0.000,1,-0.01,13496,8943,0,Compensator_P,35
584,宜宾换流站.500kV.5615SC,500,285.000,525.000,0,国调.宜宾换流.500.8912,0.000,283.683,0,277.96,13500,8912,0,Compensator_P,525
585,宜宾换流站.500kV.5625SC,500,285.000,525.000,0,国调.宜宾换流.500.8912,0.000,0.000,1,0,13501,8912,0,Compensator_P,525
586,宜宾换流站.500kV.5635SC,500,285.000,525.000,0,国调.宜宾换流.500.8912,0.000,0.000,1,0.17,13504,8912,0,Compensator_P,525
587,蜀州.500kV.康蜀三线电抗器,500,-180.000,525.000,四川.康蜀三线,四川.蜀州.500.2649,0.000,-179.184,0,-0.73,24234,2649,0,Compensator_P,525
588,蜀州.500kV.康蜀四线电抗器,500,-180.000,525.000,四川.康蜀四线,四川.蜀州.500.2649,0.000,-179.184,0,-179.52,24233,2649,0,Compensator_P,525
589,巴中.35kV.1-2电容器,35,60.000,37.000,0,四川.巴中.35.9615,0.000,0.000,1,0,13646,9615,0,Compensator_P,35
590,巴中.35kV.1-1电容器,35,60.000,37.000,0,四川.巴中.35.9615,0.000,0.000,1,0,13644,9615,0,Compensator_P,35
591,巴中.35kV.1-3电容器,35,60.000,37.000,0,四川.巴中.35.9615,0.000,0.000,1,0,13648,9615,0,Compensator_P,35
592,巴中.35kV.1-1电抗器,35,-60.000,37.000,0,四川.巴中.35.9615,0.000,-60.741,0,-59.18,13650,9615,0,Compensator_P,35
593,巴中.35kV.1-2电抗器,35,-60.000,37.000,0,四川.巴中.35.9615,0.000,-60.741,0,-59.59,13652,9615,0,Compensator_P,35
594,巴中.35kV.2-1电容器,35,60.000,37.000,0,四川.巴中.35.9616,0.000,0.000,1,0,13654,9616,0,Compensator_P,35
595,巴中.35kV.2-2电容器,35,60.000,37.000,0,四川.巴中.35.9616,0.000,0.000,1,0,13656,9616,0,Compensator_P,35
596,巴中.35kV.2-3电容器,35,60.000,37.000,0,四川.巴中.35.9616,0.000,0.000,1,0,13658,9616,0,Compensator_P,35
597,巴中.35kV.2-1电抗器,35,-60.000,37.000,0,四川.巴中.35.9616,0.000,-60.790,0,-58.96,13660,9616,0,Compensator_P,35
598,巴中.35kV.2-2电抗器,35,-60.000,37.000,0,四川.巴中.35.9616,0.000,-60.790,0,-59.73,13662,9616,0,Compensator_P,35
599,达州.500kV.中达二线电抗器,500,-90.000,525.000,四川.中达二线,四川.达州.500.4442,0.000,-82.049,0,-82.32,24362,4442,0,Compensator_P,525
600,澜沧江站.220kV.塘澜二线线路高抗,220,-31.500,230.000,0,西南.澜沧江站.220.9888,0.000,0.000,1,0,24515,9888,27,Compensator_P,230
601,澜沧江站.220kV.塘澜一线线路高抗,220,-31.500,230.000,0,西南.澜沧江站.220.9888,0.000,0.000,1,0,24514,9888,27,Compensator_P,230
602,澜沧江站.10.5kV.171电抗器,10,-6.000,10.500,0,西南.澜沧江站.10.9903,0.000,0.000,1,0,14308,9903,27,Compensator_P,10.5
603,澜沧江站.10.5kV.172电抗器,10,-6.000,10.500,0,西南.澜沧江站.10.9904,0.000,0.000,0,-5.35,14309,9904,27,Compensator_P,10.5
604,澜沧江站.10.5kV.173电抗器,10,-6.000,10.500,0,西南.澜沧江站.10.9903,0.000,0.000,0,-5.45,14310,9903,27,Compensator_P,10.5
605,澜沧江站.10.5kV.174电抗器,10,-6.000,10.500,0,西南.澜沧江站.10.9904,0.000,0.000,0,-5.35,14311,9904,27,Compensator_P,10.5
606,澜沧江站.10.5kV.175电抗器,10,-6.000,10.500,0,西南.澜沧江站.10.9903,0.000,0.000,0,-5.45,14312,9903,27,Compensator_P,10.5
607,澜沧江站.10.5kV.176电抗器,10,-6.000,10.500,0,西南.澜沧江站.10.9904,0.000,0.000,0,-5.36,14313,9904,27,Compensator_P,10.5
608,澜沧江站.10.5kV.177电抗器,10,-6.000,10.500,0,西南.澜沧江站.10.9903,0.000,0.000,0,-5.46,14314,9903,27,Compensator_P,10.5
609,澜沧江站.10.5kV.178电抗器,10,-6.000,10.500,0,西南.澜沧江站.10.9904,0.000,0.000,0,-5.34,14315,9904,27,Compensator_P,10.5
610,新都桥.35kV.#2-1电抗器,35,-60.000,37.000,0,四川.新都桥.35.nd14052,0.000,0.000,1,0,14052,9992,-1,Compensator_P,35
611,新都桥.35kV.#1-1电抗器,35,-60.000,37.000,0,四川.新都桥.35.9993,0.000,-56.867,0,-58.14,14050,9993,0,Compensator_P,35
612,甘谷地.500kV.甘桥二线电抗器,500,-90.000,525.000,四川.甘桥二线,四川.甘谷地.500.5695,0.000,-84.036,0,-84.45,24571,5695,0,Compensator_P,525
613,甘谷地.500kV.甘桥一线电抗器,500,-90.000,525.000,四川.甘桥一线,四川.甘谷地.500.5695,0.000,-84.036,0,-84.45,24570,5695,0,Compensator_P,525
614,巴塘.10.5kV.电容器Ⅲ路,10,7.000,10.500,0,西南.巴塘站.10.9959,0.000,0.000,1,0,14221,9959,0,Compensator_P,10.5
615,巴塘.10.5kV.电容器Ⅱ路,10,7.000,10.500,0,西南.巴塘站.10.9959,0.000,0.000,1,0,14222,9959,0,Compensator_P,10.5
616,巴塘.10.5kV.电容器Ⅰ路,10,7.000,10.500,0,西南.巴塘站.10.9959,0.000,0.000,1,0,14223,9959,0,Compensator_P,10.5
617,巴塘.10.5kV.电抗器Ⅲ路,10,-7.000,10.500,0,西南.巴塘站.10.9959,0.000,0.000,1,0,14224,9959,0,Compensator_P,10.5
618,巴塘.10.5kV.电抗器Ⅱ路,10,-7.000,10.500,0,西南.巴塘站.10.9959,0.000,-5.956,0,-6.63,14225,9959,0,Compensator_P,10.5
619,巴塘.10.5kV.电抗器Ⅰ路,10,-7.000,10.500,0,西南.巴塘站.10.9959,0.000,-5.956,0,-6.58,14226,9959,0,Compensator_P,10.5
620,巴塘.10.5kV.电抗器Ⅵ路,10,-7.000,10.500,0,西南.巴塘站.10.9959,0.000,0.000,1,0,14227,9959,0,Compensator_P,10.5
621,巴塘.10.5kV.电抗器Ⅴ路,10,-7.000,10.500,0,西南.巴塘站.10.9959,0.000,-5.956,0,-6.68,14228,9959,0,Compensator_P,10.5
622,巴塘.10.5kV.电抗器Ⅳ路,10,-7.000,10.500,0,西南.巴塘站.10.9959,0.000,-5.956,0,-6.53,14229,9959,0,Compensator_P,10.5
623,巴塘.220kV.269线路高抗,220,-26.200,230.000,0,西南.巴塘站.220.9922,0.000,0.000,1,0,24616,9922,0,Compensator_P,230
624,巴塘.220kV.268线路高抗,220,-26.200,230.000,0,西南.巴塘站.220.9922,0.000,0.000,1,0,24615,9922,0,Compensator_P,230
625,巴塘.220kV.塘乡二线电抗器,220,-31.500,230.000,0,西南.巴塘站.220.nd50436,0.000,0.000,1,0,50436,9929,-1,Compensator_P,230
626,巴塘.220kV.塘乡一线电抗器,220,-31.500,230.000,0,西南.巴塘站.220.nd50437,0.000,0.000,1,0,50437,9930,-1,Compensator_P,230
627,玉龙.10.5kV.171电抗器,10,-4.000,10.500,0,西藏.玉龙.10.9917,0.000,0.000,0,-3.75,14282,9917,27,Compensator_P,10.5
628,玉龙.10.5kV.172电抗器,10,-4.000,10.500,0,西藏.玉龙.10.nd14283,0.000,0.000,1,-3.67,14283,9918,-1,Compensator_P,10.5
629,玉龙.10.5kV.173电抗器,10,-4.000,10.500,0,西藏.玉龙.10.9917,0.000,0.000,0,-3.75,14284,9917,27,Compensator_P,10.5
630,玉龙.10.5kV.174电抗器,10,-4.000,10.500,0,西藏.玉龙.10.nd14285,0.000,0.000,1,-3.67,14285,9918,-1,Compensator_P,10.5
631,玉龙.10.5kV.175电抗器,10,-4.000,10.500,0,西藏.玉龙.10.9917,0.000,0.000,0,-3.74,14286,9917,27,Compensator_P,10.5
632,玉龙.10.5kV.176电抗器,10,-4.000,10.500,0,西藏.玉龙.10.nd14287,0.000,0.000,1,-3.67,14287,9918,-1,Compensator_P,10.5
633,玉龙.10.5kV.177电抗器,10,-4.000,10.500,0,西藏.玉龙.10.9917,0.000,0.000,1,0,14288,9917,27,Compensator_P,10.5
634,玉龙.10.5kV.178电抗器,10,-4.000,10.500,0,西藏.玉龙.10.nd14289,0.000,0.000,1,-3.68,14289,9918,-1,Compensator_P,10.5
635,邦达.10.5kV.171电抗器,10,-8.000,10.500,0,西藏.邦达.10.19792,0.000,0.000,0,-1.97,14321,19792,27,Compensator_P,10.5
636,邦达.10.5kV.172电抗器,10,-8.000,10.500,0,西藏.邦达.10.9910,0.000,0.000,1,0,14322,9910,27,Compensator_P,10.5
637,邦达.10.5kV.173电抗器,10,-8.000,10.500,0,西藏.邦达.10.19792,0.000,0.000,0,-1.97,14323,19792,27,Compensator_P,10.5
638,邦达.10.5kV.174电抗器,10,-8.000,10.500,0,西藏.邦达.10.9910,0.000,0.000,0,-2.05,14320,9910,27,Compensator_P,10.5
639,邦达.10.5kV.161电容器,10,2.000,10.500,0,西藏.邦达.10.19792,0.000,0.000,1,0,24702,19792,27,Compensator_P,10.5
640,邦达.10.5kV.162电容器,10,2.000,10.500,0,西藏.邦达.10.9910,0.000,0.000,1,0,24699,9910,27,Compensator_P,10.5
641,邦达.10.5kV.163电容器,10,2.000,10.500,0,西藏.邦达.10.19792,0.000,0.000,1,0,24701,19792,27,Compensator_P,10.5
642,邦达.10.5kV.164电容器,10,2.000,10.500,0,西藏.邦达.10.9910,0.000,0.000,1,0,24698,9910,27,Compensator_P,10.5
643,丹景.35kV.3-1#电抗器,35,-60.000,37.000,0,四川.丹景.35.651,0.000,0.000,1,0,14814,651,0,Compensator_P,35
644,丹景.35kV.3-1#电容器,35,60.000,37.000,0,四川.丹景.35.651,0.000,66.542,0,61.78,25067,651,0,Compensator_P,35
645,丹景.35kV.3-2#电抗器,35,-60.000,37.000,0,四川.丹景.35.651,0.000,0.000,1,0,14818,651,0,Compensator_P,35
646,丹景.35kV.3-2#电容器,35,60.000,37.000,0,四川.丹景.35.651,0.000,66.542,0,61.78,25068,651,0,Compensator_P,35
647,大岗山厂.500kV.5013K17电抗器,500,-120.000,525.000,四川.大雅一线,四川.大岗山厂.500.12029,0.000,-111.464,0,-110.39,25081,12029,0,Compensator_P,525
648,雅安.35kV.1-3#电抗器,35,-60.000,37.000,0,四川.雅安.35.3371,0.000,0.000,1,0,14964,3371,0,Compensator_P,35
649,纳日.35kV.1-1#电抗器,35,-45.000,37.000,0,四川.纳日.35.nd25299,0.000,0.000,1,0,25299,11879,-1,Compensator_P,35
650,纳日.35kV.1-2#电抗器,35,-60.000,37.000,0,四川.纳日.35.nd15093,0.000,0.000,1,0,15093,11879,-1,Compensator_P,35
651,广草坪.10.5kV.1#电抗器,10,1.000,10.500,0,四川.广草坪厂.10.10145,0.000,0.000,1,0,15204,10145,16,Compensator_P,10.5
652,广都.66kV.#1-1电容器,60,50.000,66.000,0,四川.广都.60.13302,0.000,58.476,0,53.31,15269,13302,0,Compensator_P,66
653,广都.66kV.#1-2电容器,60,50.000,66.000,0,四川.广都.60.13302,0.000,58.476,0,53.31,15271,13302,0,Compensator_P,66
654,广都.66kV.#1-3电容器,60,50.000,66.000,0,四川.广都.60.nd50438,0.000,0.000,1,0,50438,13308,-1,Compensator_P,66
655,广都.66kV.#1-4电容器,60,55.000,66.000,0,四川.广都.60.13302,0.000,0.000,1,0,15275,13302,0,Compensator_P,66
656,广都.66kV.#1-5电容器,60,55.000,66.000,0,四川.广都.60.13302,0.000,64.324,0,60.00,15277,13302,0,Compensator_P,66
657,广都.66kV.#1-6电容器,60,55.000,66.000,0,四川.广都.60.13302,0.000,64.324,0,59.93,15279,13302,0,Compensator_P,66
658,广都.66kV.#1-7电容器,60,50.000,66.000,0,四川.广都.60.nd50439,0.000,0.000,1,0,50439,13309,-1,Compensator_P,66
659,广都.66kV.#1-1电抗器,60,-60.000,66.000,0,四川.广都.60.13302,0.000,0.000,1,0,15273,13302,0,Compensator_P,66
660,广都.66kV.#2-1电容器,60,55.000,66.000,0,四川.广都.60.13304,0.000,65.503,0,61.14,15284,13304,0,Compensator_P,66
661,广都.66kV.#2-2电容器,60,55.000,66.000,0,四川.广都.60.13304,0.000,65.503,0,60.94,15286,13304,0,Compensator_P,66
662,广都.66kV.#2-3电容器,60,50.000,66.000,0,四川.广都.60.nd50440,0.000,0.000,1,0,50440,13310,-1,Compensator_P,66
663,广都.66kV.#2-4电容器,60,50.000,66.000,0,四川.广都.60.13304,0.000,59.548,0,54.51,15290,13304,0,Compensator_P,66
664,广都.66kV.#2-5电容器,60,50.000,66.000,0,四川.广都.60.13304,0.000,59.548,0,54.24,15292,13304,0,Compensator_P,66
665,广都.66kV.#2-6电容器,60,50.000,66.000,0,四川.广都.60.13304,0.000,0.000,1,0,15293,13304,0,Compensator_P,66
666,广都.66kV.#2-7电容器,60,60.000,66.000,0,四川.广都.60.nd50441,0.000,0.000,1,0,50441,13311,-1,Compensator_P,66
667,广都.66kV.#2-1电抗器,60,-60.000,66.000,0,四川.广都.60.13304,0.000,0.000,1,0,15281,13304,0,Compensator_P,66
668,广都.66kV.#2-FC滤波电容器,60,80.000,66.000,0,四川.广都.60.13304,0.000,95.277,0,70.05,15364,13304,0,Compensator_P,66
669,广都.66kV.#1-FC滤波电容器,60,75.000,66.000,0,四川.广都.60.13302,0.000,0.000,1,0,15267,13302,0,Compensator_P,66
670,白泉.66kV.#1-1电抗器,60,-60.000,66.000,0,四川.白泉.60.nd15563,0.000,0.000,1,-0.00,15563,14020,-1,Compensator_P,66
671,白泉.66kV.#1-2电抗器,60,-60.000,66.000,0,四川.白泉.60.nd15565,0.000,0.000,1,-0.00,15565,14020,-1,Compensator_P,66
672,白泉.66kV.#1-1电容器,60,60.000,66.000,0,四川.白泉.60.nd15557,0.000,0.000,1,0.01,15557,14020,-1,Compensator_P,66
673,白泉.66kV.#1-2电容器,60,60.000,66.000,0,四川.白泉.60.nd15559,0.000,0.000,1,0,15559,14020,-1,Compensator_P,66
674,白泉.66kV.#1-3电容器,60,60.000,66.000,0,四川.白泉.60.nd15561,0.000,0.000,1,0.01,15561,14020,-1,Compensator_P,66
675,白泉.66kV.#4-1电抗器,60,-60.000,66.000,0,四川.白泉.60.nd15574,0.000,0.000,1,-0.01,15574,14021,-1,Compensator_P,66
676,白泉.66kV.#4-2电抗器,60,-60.000,66.000,0,四川.白泉.60.nd15575,0.000,0.000,1,0,15575,14021,-1,Compensator_P,66
677,白泉.66kV.#4-1电容器,60,60.000,66.000,0,四川.白泉.60.nd15568,0.000,0.000,1,0.00,15568,14021,-1,Compensator_P,66
678,白泉.66kV.#4-2电容器,60,60.000,66.000,0,四川.白泉.60.nd15570,0.000,0.000,1,0.00,15570,14021,-1,Compensator_P,66
679,白泉.66kV.#4-3电容器,60,60.000,66.000,0,四川.白泉.60.nd15572,0.000,0.000,1,0.00,15572,14021,-1,Compensator_P,66
680,贡唐岗光伏厂.10.5kV.#1SVG静态无功发生器,10,15.000,10.500,0,四川.贡唐岗光伏厂.10.14877,0.000,0.000,0,0.92,28006,14877,40,Compensator_P,10.5
681,白乌光伏厂.35kV.#2SVG静态无功发生器,35,-13.000,37.000,0,四川.白乌光伏厂.35.10642,0.000,-14.236,0,-0.80,15372,10642,0,Compensator_P,35
682,什邡.66kV.#1SVC静态无功补偿器,60,-144.738,66.000,0,四川.什邡.60.5945,0.000,-128.885,0,-144.74,9940,5945,0,Compensator_P,66
683,什邡.66kV.#2SVC静态无功补偿器,60,-145.062,66.000,0,四川.什邡.60.5944,0.000,-129.019,0,-145.06,9954,5944,0,Compensator_P,66
684,广都.66kV.#2SVC静态无功补偿器,60,-45.223,66.000,0,四川.广都.60.13304,0.000,-63.050,0,-45.22,15288,13304,0,Compensator_P,66
685,广都.66kV.#1SVC静态无功补偿器,60,-0.000,66.000,0,四川.广都.60.13302,0.000,0.000,1,0,15365,13302,0,Compensator_P,66
686,桃乡.66kV.#1SVC静态无功补偿器,60,-54.870,66.000,0,四川.桃乡.60.4712,0.000,-64.160,0,-54.87,7115,4712,0,Compensator_P,66
687,桃乡.66kV.#2SVC静态无功补偿器,60,-53.664,66.000,0,四川.桃乡.60.4713,0.000,-64.237,0,-53.66,7133,4713,0,Compensator_P,66
688,伊达厂.35kV.#1SVG静态无功发生器,35,-5.986,37.000,0,四川.伊达厂.35.8490,0.000,-6.290,0,-5.99,24412,8490,0,Compensator_P,35
689,伊达厂.35kV.#2SVG静态无功发生器,35,-8.701,37.000,0,四川.伊达厂.35.8490,0.000,-9.144,0,-8.70,24413,8490,0,Compensator_P,35
690,伊达厂.35kV.#3SVG静态无功发生器,35,-12.271,37.000,0,四川.伊达厂.35.19786,0.000,-12.827,0,-12.27,24784,19786,0,Compensator_P,35
691,火烈风电厂.35kV.#1SVG静态无功发生器,35,-7.889,37.000,0,四川.火烈风电厂.35.10201,0.000,-8.277,0,-7.89,24783,10201,0,Compensator_P,35
692,火烈风电厂.35kV.#2SVG静态无功发生器,35,-7.435,37.000,0,四川.火烈风电厂.35.10201,0.000,-7.800,0,-7.43,24782,10201,0,Compensator_P,35
693,芳地坪风电厂.35kV.#1SVG静态无功发生器,35,3.766,37.000,0,四川.芳地坪风电厂.35.10471,0.000,0.000,0,3.77,14471,10471,28,Compensator_P,35
694,白乌光伏厂.35kV.#1SVG静态无功发生器,35,-0.751,37.000,0,四川.白乌光伏厂.35.10642,0.000,-0.823,0,-0.75,14563,10642,0,Compensator_P,35
695,斯乡龙光伏电厂.35kV.#1SVG静态无功发生器,35,-6.872,37.000,0,四川.斯乡龙光伏厂.35.12048,0.000,0.000,0,-6.87,25140,12048,32,Compensator_P,35
696,三地风电厂.35kV.#1SVG静态无功发生器,35,-6.955,37.000,0,四川.三地风电厂.35.19798,0.000,-7.286,0,-6.95,25193,19798,0,Compensator_P,35
697,三地风电厂.35kV.#2SVG静态无功发生器,35,-7.435,37.000,0,四川.三地风电厂.35.19798,0.000,-7.789,0,-7.43,25195,19798,0,Compensator_P,35
698,三地风电厂.35kV.#3SVG静态无功发生器,35,-7.352,37.000,0,四川.三地风电厂.35.12471,0.000,-7.737,0,-7.35,25208,12471,0,Compensator_P,35
699,三地风电厂.35kV.#4SVG静态无功发生器,35,-7.329,37.000,0,四川.三地风电厂.35.12471,0.000,-7.713,0,-7.33,25210,12471,0,Compensator_P,35
700,红和风电厂.35kV.#1SVG静态无功发生器,35,-2.789,37.000,0,四川.红和风电厂.35.11482,0.000,-2.829,0,-2.79,25356,11482,0,Compensator_P,35
701,大德风电厂.35kV.#1SVG静态无功发生器,35,-0.000,37.000,0,四川.大德厂.35.13498,0.000,-0.000,0,0,15328,13498,0,Compensator_P,35
702,兰错玛光伏厂.35kV.#1SVG静态无功发生器,35,-0.238,37.000,0,四川.兰错玛光伏厂.35.14548,0.000,0.000,0,-0.24,15623,14548,38,Compensator_P,35
703,浑水塘光伏厂.35kV.#1SVG静态无功发生器,35,0.000,37.000,0,四川.浑水塘光伏厂.35.15066,0.000,0.000,0,0,15687,15066,0,Compensator_P,35
704,马鸣风电厂.35kV.#1SVG静态无功发生器,35,0.084,37.000,0,四川.马鸣风电厂.35.nd25699,0.000,0.000,1,0.08,25699,15954,-1,Compensator_P,35
705,鲁基风电厂.35kV.#1SVG静态无功发生器,35,-19.314,37.000,0,四川.鲁基厂.35.16012,0.000,-20.671,0,-19.31,25704,16012,0,Compensator_P,35
706,德昌风电厂.11.5kV.#2SVG静态无功发生器,11,3.214,11.500,0,四川.德昌风电厂.11.6898,0.000,3.515,0,3.21,27997,6898,0,Compensator_P,11
707,德昌风电厂.11.5kV.#3SVG静态无功发生器,11,20.022,11.500,0,四川.德昌风电厂.11.6899,0.000,23.938,0,20.02,27998,6899,0,Compensator_P,11
708,德昌风电厂.11.5kV.#4SVG静态无功发生器,11,3.553,11.500,0,四川.德昌风电厂.11.6900,0.000,4.028,0,3.55,28005,6900,0,Compensator_P,11
709,树堡光伏厂.10.5kV.#1SVG静态无功发生器,10,0.000,10.500,0,四川.树堡光伏厂.10.nd13336,0.000,0.000,1,0,13336,8112,-1,Compensator_P,10.5
710,树堡光伏厂.10.5kV.#2SVG静态无功发生器,10,0.000,10.500,0,四川.树堡光伏厂.10.nd14489,0.000,0.000,1,0,14489,8113,-1,Compensator_P,10.5
711,拉马厂.10.5kV.#2SVG静态无功发生器,10,4.448,10.500,0,四川.拉马厂.10.nd50442,0.000,0.000,1,4.45,50442,9100,-1,Compensator_P,10.5
712,拉马厂.10.5kV.#1SVG静态无功发生器,10,3.468,10.500,0,四川.拉马厂.10.nd50443,0.000,0.000,1,3.47,50443,9101,-1,Compensator_P,10.5
713,火烈风电厂.10.5kV.#3SVG静态无功发生器,10,-8.280,10.500,0,四川.火烈风电厂.10.10299,0.000,-7.271,0,-8.28,15178,10299,0,Compensator_P,10.5
714,火烈风电厂.10.5kV.#4SVG静态无功发生器,10,-8.280,10.500,0,四川.火烈风电厂.10.10300,0.000,-7.271,0,-8.28,15180,10300,0,Compensator_P,10.5
715,达拉寨光伏厂.10.5kV.#1SVG静态无功发生器,10,-0.197,10.500,0,四川.达拉寨光伏厂.10.11171,0.000,0.000,0,-0.20,28001,11171,29,Compensator_P,10.5
716,花海光伏厂.10.5kV.#1SVG静态无功发生器,10,-2.450,10.500,0,四川.花海光伏厂.10.11384,0.000,0.000,0,-2.45,28002,11384,30,Compensator_P,10.5
717,万家山光伏厂.35kV.#1SVG静态无功发生器,10,12.000,10.500,0,四川.万家山光伏电厂.10.11756,0.000,0.000,0,0.78,28003,11756,31,Compensator_P,10.5
718,干坝子风电厂.10.5kV.#1SVG静态无功发生器,10,4.095,10.500,0,四川.干坝子风电厂.10.13024,0.000,4.850,0,4.09,15028,13024,0,Compensator_P,10.5
719,干坝子风电厂.10.5kV.#2SVG静态无功发生器,10,4.581,10.500,0,四川.干坝子风电厂.10.13025,0.000,5.445,0,4.58,15030,13025,0,Compensator_P,10.5
720,卓坤厂.10.5kV.#1SVG静态无功发生器,10,-1.444,10.500,0,四川.卓坤厂.10.13914,0.000,0.000,0,-1.44,15336,13914,34,Compensator_P,10.5
721,塘泥湾光伏厂.10.5kV.#1SVG静态无功发生器,10,-0.488,10.500,0,四川.塘泥湾光伏厂.10.14198,0.000,-0.491,0,-0.49,15477,14198,0,Compensator_P,10.5
722,大田光伏厂.10.5kV.#1SVG静态无功发生器,10,1.937,10.500,0,四川.大田光伏厂.10.14409,0.000,0.000,0,1.94,25562,14409,37,Compensator_P,10.5
723,下大沟光伏厂.10.5kV.#1SVG静态无功发生器,10,0.000,10.500,0,四川.下大沟光伏厂.10.14484,0.000,0.000,0,0,15607,14484,0,Compensator_P,10.5
724,美兴光伏厂.10.5kV.#1SVG静态无功发生器,10,-1.321,10.500,0,四川.美兴光伏厂.10.14771,0.000,0.000,0,-1.32,15635,14771,39,Compensator_P,10.5
725,益门光伏厂.10.5kV.#2SVG静态无功发生器,10,0.000,10.500,0,四川.益门光伏厂.10.nd15721,0.000,0.000,1,0,15721,14998,-1,Compensator_P,10.5
726,彰冠光伏厂.10.5kV.#1SVG静态无功发生器,10,0.991,10.500,0,四川.彰冠光伏厂.10.15256,0.000,0.000,0,0.99,15731,15256,42,Compensator_P,10.5
727,洛乌沟光伏厂.10.5kV.#1SVG静态无功发生器,10,0.398,10.500,0,四川.洛乌沟光伏厂.10.15480,0.000,0.000,0,0.40,15783,15480,44,Compensator_P,10.5
728,柏栎箐光伏厂.10.5kV.#1SVG静态无功发生器,10,-0.000,10.500,0,四川.柏栎箐光伏厂.10.nd28007,0.000,0.000,1,0,28007,15346,-1,Compensator_P,10.5
729,洛乌沟光伏厂.10.5kV.#2SVG静态无功发生器,10,0.412,10.500,0,四川.洛乌沟光伏厂.10.15479,0.000,0.000,0,0.41,15763,15479,44,Compensator_P,10.5
730,德昌风电厂.10.5kV.#1SVG静态无功发生器,10,-0.271,10.500,0,四川.德昌风电厂.10.6904,0.000,-0.299,0,0,23038,6904,0,Compensator_P,10.5
731,白乌光伏厂.35kV.#4SVG静态无功发生器,35,-62.511,37.000,0,四川.白乌光伏厂.35.10643,0.000,-62.386,0,-62.51,15876,10643,0,Compensator_P,35
732,卓坤厂.10.5kV.#2SVG静态无功发生器,10,-2.216,10.500,0,四川.卓坤厂.10.13915,0.000,0.000,0,-2.22,15912,13915,34,Compensator_P,10.5
733,清风风电厂.35kV.#1SVC静态无功补偿器,35,0.462,37.000,0,四川.清风风电厂.35.16240,0.000,0.000,0,0.46,25787,16240,46,Compensator_P,35
734,竹林坡光伏厂.10.5kV.#1SVG静态无功补偿器,10,12.000,10.500,0,四川.竹林坡光伏厂.10.16406,0.000,0.000,0,1.78,25795,16406,47,Compensator_P,10.5
735,昌盛光伏厂.10.5kV.#1SVC静态无功补偿器,10,2.356,10.500,0,四川.昌盛光伏厂.10.16651,0.000,0.000,0,2.36,25803,16651,48,Compensator_P,10.5
736,普隆村光伏厂.35kV.#1SVC静态无功补偿器,35,-2.908,37.000,0,四川.普隆村光伏厂.35.16748,0.000,0.000,0,-2.91,25823,16748,49,Compensator_P,35
737,干坝子风电厂.10.5kV.#3SVG静态无功发生器,10,0.958,10.500,0,四川.干坝子风电厂.10.13026,0.000,1.109,0,0.96,15032,13026,0,Compensator_P,10.5
738,棉桠光伏厂.35kV.#1SVG静态无功发生器,35,0.000,37.000,0,四川.棉桠光伏厂.35.16850,0.000,0.000,0,0,16073,16850,51,Compensator_P,35
739,凉风坳风电厂.35kV.#1SVG静态无功发生器,35,22.384,37.000,0,四川.凉风坳风电厂.35.16975,0.000,23.914,0,22.38,25934,16975,0,Compensator_P,35
740,鲁南厂.35kV.#1SVG静态无功发生器,35,2.076,37.000,0,四川.鲁南厂.35.9345,0.000,2.178,0,2.08,25945,9345,0,Compensator_P,35
741,红和风电厂.35kV.#2SVG静态无功发生器,35,0.646,37.000,0,四川.红和风电厂.35.19797,0.000,0.655,0,0.65,26016,19797,0,Compensator_P,35
742,甘孜.220kV.新孜一线电抗器,220,-30.000,230.000,四川.新孜一线,四川.甘孜.220.7138,0.000,-30.074,0,-27.65,23238,7138,0,Compensator_P,230
743,洛乌沟光伏厂.10.5kV.#3SVG静态无功发生器,10,-0.000,10.500,0,四川.洛乌沟光伏厂.10.15483,0.000,0.000,0,0,28012,15483,44,Compensator_P,10.5
744,甘孜.220kV.新孜二线电抗器,220,-30.000,230.000,四川.新孜二线,四川.甘孜.220.7138,0.000,-27.516,0,-25.63,26022,7138,0,Compensator_P,230
745,沐溪.35kV.2-1#电容器,35,60.000,37.000,0,西南.沐溪站.35.nd16230,0.000,0.000,1,0,16230,5347,-1,Compensator_P,35
746,沐溪.35kV.2-2#电容器,35,60.000,37.000,0,西南.沐溪站.35.nd16232,0.000,0.000,1,0,16232,5347,-1,Compensator_P,35
747,去学厂.220kV.去茨线电抗器,220,-10.000,230.000,四川.去茨线,四川.去学厂.220.17331,0.000,-10.968,0,-8.74,26051,17331,0,Compensator_P,230
748,望江坪风电厂.35kV.#1SVG静态无功发生器,35,7.531,37.000,0,四川.望江坪风电厂.35.17342,0.000,0.000,0,7.53,26105,17342,53,Compensator_P,35
749,博洛拉达风电厂.35kV.#1SVG静态无功发生器,35,-2.990,37.000,0,四川.博洛拉达风电厂.35.17453,0.000,-2.944,0,-2.99,26147,17453,0,Compensator_P,35
750,博洛拉达风电厂.35kV.#2SVG静态无功发生器,35,-3.332,37.000,0,四川.博洛拉达风电厂.35.17453,0.000,-3.281,0,-3.33,26148,17453,0,Compensator_P,35
751,沙南厂.500kV.沙天线线路高抗,500,-50.000,525.000,西南.沙天线,西南.沙南厂.500.17659,0.000,-45.758,0,-46.55,26154,17659,0,Compensator_P,525
752,海口风电厂.35kV.#1SVG静态无功发生器,35,0.000,37.000,0,四川.海口风电厂.35.17667,0.000,0.000,0,0,26186,17667,54,Compensator_P,35
753,大德风电厂.35kV.#2SVG静态无功发生器,35,-6.429,37.000,0,四川.大德厂.35.13499,0.000,-6.453,0,-6.43,26189,13499,0,Compensator_P,35
754,大德风电厂.35kV.#3SVG静态无功发生器,35,-6.503,37.000,0,四川.大德厂.35.13499,0.000,-6.527,0,-6.50,26190,13499,0,Compensator_P,35
755,大德风电厂.35kV.#4SVG静态无功发生器,35,-6.429,37.000,0,四川.大德厂.35.13500,0.000,-6.609,0,-6.43,26191,13500,0,Compensator_P,35
756,大德风电厂.35kV.#5SVG静态无功发生器,35,-6.503,37.000,0,四川.大德厂.35.13500,0.000,-6.685,0,-6.50,26192,13500,0,Compensator_P,35
757,芳地坪风电厂.35kV.#2SVG静态无功发生器,35,-2.576,37.000,0,四川.芳地坪风电厂.35.19796,0.000,0.000,0,-2.58,16453,19796,28,Compensator_P,35
758,太阳坡光伏厂.10.5kV.#1SVG静态无功发生器,10,-2.201,10.500,0,四川.太阳坡光伏电厂.10.17732,0.000,0.000,0,-2.20,26221,17732,55,Compensator_P,10.5
759,玉龙.10.5kV.161电容器,10,-4.000,10.500,0,西藏.玉龙.10.9917,0.000,0.000,1,0,26228,9917,27,Compensator_P,10.5
760,玉龙.10.5kV.162电容器,10,-4.000,10.500,0,西藏.玉龙.10.nd26229,0.000,0.000,1,0,26229,9918,-1,Compensator_P,10.5
761,玉龙.10.5kV.163电容器,10,-4.000,10.500,0,西藏.玉龙.10.9917,0.000,0.000,1,0,26230,9917,27,Compensator_P,10.5
762,玉龙.10.5kV.164电容器,10,-4.000,10.500,0,西藏.玉龙.10.nd26231,0.000,0.000,1,0,26231,9918,-1,Compensator_P,10.5
763,玉龙.10.5kV.165电容器,10,-4.000,10.500,0,西藏.玉龙.10.9917,0.000,0.000,1,0,26232,9917,27,Compensator_P,10.5
764,玉龙.10.5kV.166电容器,10,-4.000,10.500,0,西藏.玉龙.10.nd26233,0.000,0.000,1,0,26233,9918,-1,Compensator_P,10.5
765,玉龙.10.5kV.167电容器,10,-4.000,10.500,0,西藏.玉龙.10.9917,0.000,0.000,1,0,26234,9917,27,Compensator_P,10.5
766,玉龙.10.5kV.168电容器,10,-4.000,10.500,0,西藏.玉龙.10.nd26235,0.000,0.000,1,0,26235,9918,-1,Compensator_P,10.5
767,蜀州.35kV.1-3#电容器,35,50.000,37.000,0,四川.蜀州.35.2666,0.000,0.000,1,0,26262,2666,0,Compensator_P,35
768,灰力苏厂.10.5kV.#1SVG静态无功发生器,10,0.000,10.500,0,四川.灰力苏光伏厂.10.17968,0.000,0.000,0,0,28009,17968,58,Compensator_P,10.5
769,柏栎箐光伏厂.10.5kV.#2SVG静态无功发生器,10,-7.584,10.500,0,四川.柏栎箐光伏厂.10.15347,0.000,0.000,0,-7.58,28010,15347,43,Compensator_P,10.5
770,大宝鼎光伏厂.35kV.#1SVG静态无功发生器,35,-2.107,37.000,0,四川.大宝鼎光伏厂.35.18048,0.000,0.000,0,-2.11,26310,18048,59,Compensator_P,35
771,正斗光伏厂.24kV.#1SVG静态无功发生器,24,-0.503,24.000,0,四川.正斗光伏厂.24.18145,0.000,-0.464,0,-0.50,28011,18145,0,Compensator_P,24
772,小南海光伏厂.35kV.#1SVG静态无功发生器,35,-5.916,37.000,0,四川.小南海光伏厂.35.18216,0.000,0.000,0,-5.92,26320,18216,39,Compensator_P,35
773,马宗风电厂.35kV.1#SVG静态无功发生器,35,-15.188,37.000,0,四川.马宗风电厂.35.19806,0.000,-14.418,0,-15.19,26334,19806,0,Compensator_P,35
774,马宗风电厂.35kV.2#SVG静态无功发生器,35,-4.930,37.000,0,四川.马宗风电厂.35.18315,0.000,-4.856,0,-4.93,26342,18315,0,Compensator_P,35
775,洁源光伏厂.35kV.#1SVG静态无功发生器,35,0.386,37.000,0,四川.洁源光伏厂.35.18500,0.000,0.000,0,0.39,28013,18500,60,Compensator_P,35
776,干坝子风电厂.10.5kV.#4SVG静态无功发生器,10,0.959,10.500,0,四川.干坝子风电厂.10.13027,0.000,0.874,0,0.96,16811,13027,0,Compensator_P,10.5
777,玛瑙.35kV.1-1＃电容器,35,60.000,37.000,0,四川.玛瑙.35.17815,0.000,0.000,1,0,16798,17815,0,Compensator_P,35
778,玛瑙.35kV.2-3＃电容器,35,60.000,37.000,0,四川.玛瑙.35.17816,0.000,0.000,1,0,16804,17816,0,Compensator_P,35
779,玛瑙.35kV.1-1#电抗器,35,-60.000,37.000,0,四川.玛瑙.35.17815,0.000,-52.511,0,-54.04,16802,17815,0,Compensator_P,35
780,玛瑙.35kV.1-2#电抗器,35,-60.000,37.000,0,四川.玛瑙.35.17815,0.000,-52.511,0,-53.88,16800,17815,0,Compensator_P,35
781,玛瑙.35kV.2-1#电抗器,35,-60.000,37.000,0,四川.玛瑙.35.17816,0.000,-52.510,0,-53.92,16806,17816,0,Compensator_P,35
782,玛瑙.35kV.2-2#电抗器,35,-60.000,37.000,0,四川.玛瑙.35.17816,0.000,-52.510,0,-54.07,16808,17816,0,Compensator_P,35
783,拉马厂.35kV.#3SVG静态无功发生器,35,-7.695,37.000,0,四川.拉马厂.35.8961,0.000,-7.567,0,-7.70,26435,8961,0,Compensator_P,35
784,拉马厂.35kV.#4SVG静态无功发生器,35,-8.201,37.000,0,四川.拉马厂.35.8961,0.000,-8.065,0,-8.20,26436,8961,0,Compensator_P,35
785,玛施金风电厂.35kV.#1SVG静态无功发生器,35,-4.882,37.000,0,四川.玛施金风电厂.35.18575,0.000,-4.917,0,-4.88,26449,18575,0,Compensator_P,35
786,云顶山风电场.35kV.#1SVG静态无功发生器,35,-0.000,37.000,0,四川.云顶山风电场.35.18629,0.000,-0.000,0,0,26484,18629,0,Compensator_P,35
787,黄茅埂风电场.35kV.#1SVG静态无功发生器,35,0.000,37.000,0,四川.黄茅埂风电场.35.18686,0.000,0.000,0,0,26517,18686,0,Compensator_P,35
788,黄茅埂风电场.35kV.#2SVG静态无功发生器,35,26.000,37.000,0,四川.黄茅埂风电场.35.18686,0.000,0.000,1,0,26522,18686,0,Compensator_P,35
789,桃乡.66kV.#3SVC静态无功补偿器,60,-54.133,66.000,0,四川.桃乡.60.4714,0.000,-60.028,0,-54.13,8305,4714,0,Compensator_P,66
790,若先光伏厂.35kV.#1SVG静态无功发生器,35,2.446,37.000,0,四川.若先光伏厂.35.18776,0.000,0.000,0,2.45,26584,18776,62,Compensator_P,35
791,百灵.35kV.#2-1电抗器,35,-60.000,37.000,0,西南.百灵站.35.18883,0.000,0.000,1,0,17099,18883,0,Compensator_P,35
792,百灵.35kV.#2-2电抗器,35,-60.000,37.000,0,西南.百灵站.35.18883,0.000,0.000,1,0,17101,18883,0,Compensator_P,35
793,百灵.35kV.#2-3电抗器,35,-60.000,37.000,0,西南.百灵站.35.18883,0.000,-66.350,0,-58.95,17103,18883,0,Compensator_P,35
794,子越光伏厂.35kV.#1SVG静态无功发生器,35,-0.817,37.000,0,四川.子越光伏厂.35.18811,0.000,0.000,0,-0.82,26660,18811,63,Compensator_P,35
795,贡唐岗光伏厂.10.5kV.#2SVG静态无功发生器,10,6.000,10.500,0,四川.贡唐岗光伏厂.10.14878,0.000,0.000,0,5.46,28015,14878,40,Compensator_P,10.5
796,斯乡龙光伏电厂.10.5kV.#2SVG静态无功发生器,10,5.043,10.500,0,四川.斯乡龙光伏厂.10.12106,0.000,0.000,0,5.04,28016,12106,32,Compensator_P,10.5
797,正斗光伏厂.20kV.#2SVG静态无功发生器,20,0.000,20.000,0,四川.正斗光伏厂.20.nd28017,0.000,0.000,1,0,28017,18146,-1,Compensator_P,20
798,正斗光伏厂.20kV.#3SVG静态无功发生器,20,0.000,20.000,0,四川.正斗光伏厂.20.nd28018,0.000,0.000,1,0,28018,18147,-1,Compensator_P,20
799,补约光伏厂.35kV.#1SVG静态无功发生器,35,0.000,37.000,0,四川.补约光伏厂.35.19514,0.000,0.000,1,0,26716,19514,64,Compensator_P,35
800,补约光伏厂.35kV.#2SVG静态无功发生器,35,2.347,37.000,0,四川.补约光伏厂.35.19514,0.000,0.000,0,2.35,26717,19514,64,Compensator_P,35
801,西里光伏厂.10kV.#1SVG静态无功发生器,10,8.000,10.000,0,四川.西里光伏厂.10.nd28019,0.000,0.000,1,0,28019,19533,-1,Compensator_P,10.5
802,赛果乐风电场.35kV.#1SVG静态无功发生器,35,30.000,37.000,0,四川.赛果乐风电场.35.nd26726,0.000,0.000,1,0,26726,19586,-1,Compensator_P,35
803,洪沟.35kV.#1SVC静态无功补偿器,35,-0.000,37.000,0,西南.洪沟站.35.1009,0.000,0.000,1,0,5950,1009,0,Compensator_P,35
804,澜沧江站.10.5kV.161电容器,10,-6.000,10.500,0,西南.澜沧江站.10.9903,0.000,0.000,1,0,26734,9903,27,Compensator_P,10.5
805,澜沧江站.10.5kV.162电容器,10,-6.000,10.500,0,西南.澜沧江站.10.9904,0.000,0.000,1,0,26735,9904,27,Compensator_P,10.5
806,澜沧江站.10.5kV.163电容器,10,-6.000,10.500,0,西南.澜沧江站.10.9903,0.000,0.000,1,0,26736,9903,27,Compensator_P,10.5
807,澜沧江站.10.5kV.164电容器,10,-6.000,10.500,0,西南.澜沧江站.10.9904,0.000,0.000,1,0,26737,9904,27,Compensator_P,10.5
808,澜沧江站.10.5kV.165电容器,10,-6.000,10.500,0,西南.澜沧江站.10.9903,0.000,0.000,1,0,26738,9903,27,Compensator_P,10.5
809,澜沧江站.10.5kV.166电容器,10,-6.000,10.500,0,西南.澜沧江站.10.9904,0.000,0.000,1,0,26739,9904,27,Compensator_P,10.5
810,巴塘.500kV.塘乡Ⅰ线线路高抗电抗器,500,-180.000,525.000,四川.塘乡一线,西南.巴塘站.500.9921,0.000,-160.022,0,-163.08,26758,9921,0,Compensator_P,525
811,巴塘.500kV.塘乡Ⅱ线线路高抗电抗器,500,-180.000,525.000,四川.塘乡二线,西南.巴塘站.500.9921,0.000,-160.022,0,-162.55,26759,9921,0,Compensator_P,525
812,巴塘站.500kV.塘芒Ⅱ线线路高抗,500,-150.000,525.000,西南.塘芒Ⅱ线,西南.巴塘站.500.9921,0.000,-133.352,0,-135.29,26761,9921,0,Compensator_P,525
813,巴塘站.500kV.塘芒Ⅰ线线路高抗,500,-150.000,525.000,西南.塘芒Ⅰ线,西南.巴塘站.500.9921,0.000,-133.352,0,-135.43,26760,9921,0,Compensator_P,525
814,巴塘.35kV.#3-1电抗器,35,-60.000,37.000,0,西南.巴塘站.35.9955,0.000,-53.462,0,-55.61,17335,9955,0,Compensator_P,35
815,巴塘.35kV.#4-1电抗器,35,-60.000,37.000,0,西南.巴塘站.35.nd17337,0.000,0.000,1,0,17337,9954,-1,Compensator_P,35
816,澜沧江站.500kV.芒澜二线线路高抗,500,-180.000,525.000,西藏.芒澜Ⅱ线,西南.澜沧江站.500.nd26771,0.000,0.000,1,-162.73,26771,9887,-1,Compensator_P,525
817,澜沧江站.500kV.芒澜一线线路高抗,500,-180.000,525.000,西藏.芒澜Ⅰ线,西南.澜沧江站.500.nd26770,0.000,0.000,1,-162.97,26770,9887,-1,Compensator_P,525
818,芒康站.500kV.芒左二线线路高抗,500,-180.000,525.000,0,西藏.芒康站.500.nd26782,0.000,0.000,1,0,26782,19737,-1,Compensator_P,525
