id,name,volt,I_node,J_node,I_nd,J_nd,I_id,J_id
序号,交流线路名,电压等级,I端所在拓扑节点,J端所在拓扑节点,I端物理节点,J端物理节点,I端所属厂站索引,J端所属厂站索引
1,西南.谭德二线,500,西南.谭家湾站.500.2846,国调.德阳换流站.500.6424,18887,22949,56,1067
2,西南.谭德一线,500,西南.谭家湾站.500.2846,国调.德阳换流站.500.6424,18430,22954,56,1067
3,国调.德宝直流极1线路,500,国调.德阳换流站.500.6424,重庆.宝鸡等值虚厂.500.364,22947,26814,1067,38
4,西南.泸复二线,500,西南.泸州站.500.3630,国调.复龙换流站.500.2,18959,17386,315,1
5,西南.泸复三线,500,西南.泸州站.500.3630,国调.复龙换流站.500.2,18749,17388,315,1
6,西南.泸复一线,500,西南.泸州站.500.3630,国调.复龙换流站.500.2,18961,17383,315,1
7,国调.德宝直流极2线路,500,国调.德阳换流站.500.6424,重庆.宝鸡等值虚厂.500.365,22952,28024,1067,38
8,国调.官月Ⅰ线,500,国调.官地电厂.500.189,国调.月城站.500.3933,17402,19374,12,426
9,国调.官月Ⅱ线,500,国调.官地电厂.500.189,国调.月城站.500.3933,17403,19376,12,426
10,国调.向复一线,500,国调.向家坝.500.277,国调.复龙换流站.500.2,17468,17384,20,1
11,国调.向复二线,500,国调.向家坝.500.277,国调.复龙换流站.500.2,17471,17381,20,1
12,国调.向复三线,500,国调.向家坝.500.276,国调.复龙换流站.500.2,17487,17379,20,1
13,国调.向复四线,500,国调.向家坝.500.276,国调.复龙换流站.500.2,17481,17378,20,1
14,国调.宾复Ⅱ线,500,国调.宜宾换流.500.8912,国调.复龙换流站.500.2,24180,17377,1685,1
15,国调.溪宾Ⅰ线,500,国调.溪洛渡电厂.500.286,国调.宜宾换流.500.8912,17511,24185,22,1685
16,国调.溪宾Ⅱ线,500,国调.溪洛渡电厂.500.286,国调.宜宾换流.500.8912,17512,24189,22,1685
17,国调.溪宾Ⅲ线,500,国调.溪洛渡电厂.500.286,国调.宜宾换流.500.8912,17513,24192,22,1685
18,国调.德宝直流接地线路,500,国调.德阳换流站.500.nd50333,国调.德阳换流直流部分.500.nd50160,50333,50160,1067,27
19,国调.德宝直流接地极址,500,国调.德阳换流站.500.nd50334,国调.德阳换流直流部分.500.nd50161,50334,50161,1067,27
20,国调.复奉直流接地线路,500,国调.复龙换流站.500.nd50162,国调.复龙换流直流部分.500.nd50163,50162,50163,1,2
21,国调.复奉直流接地极址,500,国调.复龙换流站.500.nd50164,国调.复龙换流直流部分.500.nd50165,50164,50165,1,2
22,国调.宾金直流接地极址,500,国调.宜宾换流.500.nd50335,国调.宜宾换流直流部分.500.nd50336,50335,50336,1685,1686
23,国调.宾金直流接地线路,500,国调.宜宾换流.500.nd50337,国调.宜宾换流直流部分.500.nd50338,50337,50338,1685,1686
24,国调.锦苏直流极1线路,500,国调.锦屏换流站.500.nd50166,国调.锦屏换流站直流部分.500.nd50167,50166,50167,15,28
25,国调.锦苏直流极2线路,500,国调.锦屏换流站.500.nd50168,国调.锦屏换流站直流部分.500.nd50169,50168,50169,15,28
26,国调.宾金直流极1线路,500,国调.宜宾换流.500.nd50339,国调.宜宾换流直流部分.500.nd50340,50339,50340,1685,1686
27,国调.宾金直流极2线路,500,国调.宜宾换流.500.nd50341,国调.宜宾换流直流部分.500.nd50342,50341,50342,1685,1686
28,国调.锦苏直流接地线路,500,国调.锦屏换流站.500.nd50170,国调.锦屏换流站直流部分.500.nd50171,50170,50171,15,28
29,国调.锦苏直流接地极址,500,国调.锦屏换流站.500.nd50172,国调.锦屏换流站直流部分.500.nd50173,50172,50173,15,28
30,四川.金苏北线,220,四川.金鹅.220.1348,重庆.来苏等值虚厂.220.358,17983,22,149,35
31,四川.金苏南线,220,四川.金鹅.220.1348,重庆.来苏等值虚厂.220.358,17984,22,149,35
32,西南.黄万一线,500,西南.黄岩站.500.1144,重庆.万县等值虚厂.500.359,17914,17550,135,36
33,西南.黄万二线,500,西南.黄岩站.500.1144,重庆.万县等值虚厂.500.359,17912,17556,135,36
34,西南.洪板二线,500,西南.洪沟站.500.990,重庆.板桥等值虚厂.500.325,17891,24,127,32
35,西南.洪板一线,500,西南.洪沟站.500.990,重庆.板桥等值虚厂.500.325,17887,2458,127,32
36,四川.板陈二线,500,重庆.陈家桥等值虚厂.500.nd20,重庆.板桥等值虚厂.500.nd50174,20,50174,37,32
37,四川.板陈一线,500,重庆.陈家桥等值虚厂.500.nd20,重庆.板桥等值虚厂.500.nd50175,20,50175,37,32
38,四川.长万二线,500,重庆.万县等值虚厂.500.nd50176,重庆.长寿等值虚厂.500.nd2430,50176,2430,36,34
39,四川.长万一线,500,重庆.万县等值虚厂.500.nd50177,重庆.长寿等值虚厂.500.nd2429,50177,2429,36,34
40,四川.陈长二线,500,重庆.陈家桥等值虚厂.500.nd20,重庆.长寿等值虚厂.500.nd2426,20,2426,37,34
41,四川.陈长一线,500,重庆.陈家桥等值虚厂.500.nd20,重庆.长寿等值虚厂.500.nd2425,20,2425,37,34
42,四川.万龙二线,500,重庆.陈家桥等值虚厂.500.nd20,重庆.板桥等值虚厂.500.nd50178,20,50178,37,32
43,四川.万龙一线,500,重庆.陈家桥等值虚厂.500.nd20,重庆.板桥等值虚厂.500.nd50179,20,50179,37,32
44,四川.张恩二线,500,重庆.万县等值虚厂.500.nd50180,重庆.长寿等值虚厂.500.nd2429,50180,2429,36,34
45,四川.张恩一线,500,重庆.万县等值虚厂.500.nd50181,重庆.长寿等值虚厂.500.nd2429,50181,2429,36,34
46,四川.白寿线,220,四川.白马新厂.220.488,四川.寿溪桥.220.2634,17586,18334,62,215
47,四川.白新线,220,四川.新广兴.220.3134,四川.白石岩.220.499,18528,17597,261,63
48,四川.坝棉线,220,四川.新棉.220.3149,四川.姚河坝厂.220.3400,18537,18593,262,276
49,四川.巴南线,500,四川.临巴厂.500.1581,四川.南充.500.1822,18068,18206,168,57
50,四川.宝白线,220,四川.白石岩.220.499,四川.宝珠寺厂.220.543,17600,17624,63,72
51,四川.保荆线,220,四川.荆溪.220.1369,四川.保宁.220.nd50182,17997,50182,154,68
52,四川.宝袁一线,220,四川.袁家坝.220.3490,四川.宝珠寺厂.220.543,18652,17626,293,72
53,四川.赤白线,220,四川.赤化.220.584,四川.白石岩.220.499,17648,17598,78,63
54,四川.赤天二线,220,四川.天明.220.2991,四川.赤化.220.584,18446,17653,235,78
55,四川.充荆北线,220,四川.南充.220.nd50183,四川.荆溪.220.nd50184,50183,50184,189,154
56,四川.充荆南线,220,四川.南充.220.nd50185,四川.荆溪.220.nd50186,50185,50186,189,154
57,四川.东平二线,220,四川.平春.220.2165,四川.东坡.220.788,18235,17734,197,94
58,四川.东平三线,220,四川.平春.220.2165,四川.东坡.220.788,18236,17733,197,94
59,四川.东平一线,220,四川.平春.220.2165,四川.东坡.220.788,18234,17735,197,94
60,四川.东石线,220,四川.石棉.220.2477,四川.滨东厂.220.559,18318,17635,212,75
61,四川.东文二线,220,四川.修文.220.3184,四川.东坡.220.788,18549,17737,264,94
62,四川.东文三线,220,四川.修文.220.19755,四川.东坡.220.788,18550,17738,264,94
63,四川.东文一线,220,四川.修文.220.19755,四川.东坡.220.788,18548,17736,264,94
64,四川.豆沙线,220,四川.豆坝.220.nd50254,四川.白沙.220.nd50187,50254,50187,443,44
65,西南.二普一线,500,西南.普提站.500.nd50188,西南.二滩厂.500.nd50189,50188,50189,201,103
66,西南.二石一线,500,西南.石板箐站.500.2311,西南.二滩厂.500.885,18310,17764,211,103
67,西南.二石二线,500,西南.石板箐站.500.2311,西南.二滩厂.500.885,18312,17774,211,103
68,四川.龚九二线,220,四川.龚嘴上厂.220.945,四川.九里.220.1387,17832,18014,115,156
69,四川.龚九一线,220,四川.龚嘴下厂.220.949,四川.九里.220.1387,19459,18013,116,156
70,四川.龚桥二线,220,四川.龚嘴下厂.220.nd50190,四川.桥沟.220.2250,50190,18269,116,202
71,四川.龚桥一线,220,四川.龚嘴上厂.220.nd50191,四川.桥沟.220.2250,50191,18270,115,202
72,四川.龚山线,220,四川.屏山.220.2173,四川.龚嘴上厂.220.19747,18241,17830,198,115
73,四川.龚永二线,220,四川.六六六.220.5168,四川.龚嘴上厂.220.945,20775,17833,511,115
74,四川.龚永一线,220,四川.六六六.220.5168,四川.龚嘴下厂.220.949,20774,17840,511,116
75,四川.广代东线,220,四川.广安厂.220.961,四川.代市.220.627,17855,17691,120,86
76,四川.广代西线,220,四川.广安厂.220.961,四川.代市.220.627,17856,17690,120,86
77,四川.广黄二线,500,西南.黄岩站.500.1144,四川.广安二厂.500.4944,17909,19451,135,444
78,四川.广黄一线,500,西南.黄岩站.500.1144,四川.广安二厂.500.4944,17913,19444,135,444
79,四川.黑双线,220,四川.双合.220.2781,四川.黑河塘厂.220.988,18364,17869,220,124
80,四川.虹九线,220,四川.九里.220.1387,四川.海虹厂.220.nd17868,18012,17868,156,122
81,四川.洪舒北线,220,四川.舒平.220.2642,西南.洪沟站.220.995,18346,17874,216,125
82,四川.洪舒南线,220,四川.舒平.220.2642,西南.洪沟站.220.995,18347,17875,216,125
83,四川.花天线,220,四川.天井坎.220.2978,四川.百花滩厂.220.517,18433,17603,232,66
84,四川.回云二线,220,四川.云西.220.3512,四川.回龙.220.446,18662,17929,295,46
85,四川.回云三线,220,四川.云西.220.3512,四川.回龙.220.446,18663,17930,295,46
86,四川.回云一线,220,四川.云西.220.3512,四川.回龙.220.446,18661,17928,295,46
87,四川.尖长二线,220,四川.尖山.220.1296,四川.长顺.220.574,21243,17644,142,77
88,四川.尖长一线,220,四川.尖山.220.1296,四川.长顺.220.574,21308,17643,142,77
89,四川.尖大线,220,四川.尖山.220.nd50192,四川.大面铺.220.611,50192,17680,142,83
90,四川.尖渡线,220,四川.徐家渡.220.19756,四川.尖山.220.1296,18555,17951,265,142
91,四川.江大北线,220,四川.江油新厂.220.1336,四川.大康.220.604,17976,17667,148,82
92,四川.江大南线,220,四川.江油新厂.220.1336,四川.大康.220.604,17975,17669,148,82
93,四川.江龙西线,220,四川.龙头.220.1604,四川.江南.220.1328,18086,17967,173,147
94,四川.江龙东线,220,四川.龙头.220.1604,四川.江南.220.1328,18085,17966,173,147
95,四川.姜茂线,220,四川.茂县.220.1759,四川.姜射坝厂.220.1325,18143,17963,181,146
96,四川.江山线,220,四川.江油新厂.220.1336,四川.东山.220.5186,17979,22939,148,514
97,四川.江天线,220,四川.江油新厂.220.1336,四川.天明.220.2991,17977,18443,148,235
98,四川.尖石二线,220,四川.尖山.220.1296,四川.石羊.220.5280,17948,21302,142,547
99,四川.尖石一线,220,四川.石羊.220.5280,四川.尖山.220.1296,21303,17947,547,142
100,四川.吉茂线,220,四川.茂县.220.1759,四川.吉鱼厂.220.1274,18780,17932,181,139
101,四川.荆大东线,220,四川.荆溪.220.nd50193,四川.大方.220.nd50194,50193,50194,154,79
102,四川.荆大西线,220,四川.荆溪.220.nd50195,四川.大方.220.nd50196,50195,50196,154,79
103,四川.金茂一线,220,四川.金龙潭厂.220.5139,四川.茂县.220.1759,19982,18146,483,181
104,四川.金石线,220,四川.石棉.220.2477,四川.大金坪厂.220.601,18319,17664,212,81
105,四川.九朱东线,220,四川.朱坎.220.3557,四川.九里.220.1387,18699,18015,301,156
106,四川.九朱西线,220,四川.朱坎.220.3557,四川.九里.220.1387,18705,18011,301,156
107,四川.冷临线,220,四川.临邛.220.1584,四川.冷竹关厂.220.1558,18071,18037,169,161
108,四川.凉茶线,220,四川.凉水井.220.nd50197,四川.茶山.220.nd50198,50197,50198,166,76
109,四川.临兴一线,220,四川.隆兴.220.1732,四川.临邛.220.1584,18122,18069,177,169
110,四川.临兴二线,220,四川.隆兴.220.1732,四川.临邛.220.1584,18121,18070,177,169
111,四川.林杨二线,220,四川.杨桥.220.3391,四川.林庄.220.1574,18591,18061,274,167
112,四川.林杨一线,220,四川.杨桥.220.3391,四川.林庄.220.1574,18592,18062,274,167
113,四川.柳美线,220,四川.美姑河.220.1790,四川.柳洪厂.220.1600,18167,18082,183,172
114,四川.龙柏线,220,四川.龙王.220.1614,四川.柏合.220.507,18106,17601,174,64
115,四川.龙大东线,220,四川.龙王.220.nd50199,四川.大面铺.220.nd50200,50199,50200,174,83
116,四川.龙大西线,220,四川.龙王.220.nd50201,四川.大面铺.220.nd50202,50201,50202,174,83
117,四川.龙灯线,220,四川.龙王.220.1614,四川.灯塔.220.768,18115,17719,174,89
118,四川.龙荆一线,220,四川.龙头.220.1604,四川.北荆坝.220.552,18087,17633,173,73
119,四川.龙棉东线,220,四川.棉丰.220.5020,四川.龙王.220.1614,20234,18107,445,174
120,四川.龙青西线,220,四川.青白江.220.5082,四川.龙王.220.1614,19508,18101,462,174
121,四川.龙昭二线,220,四川.昭觉寺.220.3534,四川.龙王.220.1614,18682,18103,298,174
122,四川.龙昭一线,220,四川.昭觉寺.220.3534,四川.龙王.220.1614,18683,18102,298,174
123,四川.美普一线,220,西南.普提站.220.2195,四川.美姑河.220.1790,18258,18163,199,183
124,四川.沫槐线,220,四川.双槐.220.nd18368,四川.沫水.220.1810,18368,18188,221,186
125,四川.沫松北线,220,四川.松林.220.2806,四川.沫水.220.1810,18386,18186,225,186
126,四川.沫松南线,220,四川.松林.220.2806,四川.沫水.220.1810,18387,18187,225,186
127,四川.南黄二线,500,四川.南充.500.1822,西南.黄岩站.500.1144,18209,17915,57,135
128,四川.南黄一线,500,四川.南充.500.1822,西南.黄岩站.500.1144,18207,17917,57,135
129,四川.南棉线,220,四川.新棉.220.3149,四川.南桠河厂.220.19763,18532,20579,262,460
130,四川.南西线,220,四川.西昌.220.nd50203,四川.南桠河厂.220.nd50257,50203,50257,252,460
131,四川.牛里线,220,四川.自一里厂.220.3587,四川.水牛家厂.220.2796,18724,18376,308,223
132,四川.平山线,220,四川.太平驿厂.220.2832,四川.二台山.220.878,18408,19497,229,101
133,四川.普洪二线,500,西南.普提站.500.2181,西南.洪沟站.500.990,18247,17882,201,127
134,四川.普洪一线,500,西南.普提站.500.2181,西南.洪沟站.500.990,18246,17879,201,127
135,四川.桥棉线,220,四川.新棉.220.3149,四川.大桥厂.220.620,18531,17681,262,85
136,四川.硗兴线,220,四川.隆兴.220.nd50205,四川.硗碛厂.220.nd50204,50205,50204,177,317
137,四川.青林线,220,四川.桐子林.220.3017,四川.青龙山.220.2261,18463,18276,241,203
138,四川.蓉大北线,220,四川.蓉东.220.2273,四川.大面铺.220.611,18285,17675,204,83
139,四川.蓉大南线,220,四川.蓉东.220.2273,四川.大面铺.220.611,18283,17676,204,83
140,四川.沙江北线,220,四川.江南.220.1328,四川.白沙.220.427,17971,17594,147,44
141,四川.沙江南线,220,四川.江南.220.1328,四川.白沙.220.427,17970,17595,147,44
142,四川.山豆线,220,四川.豆坝.220.nd19456,四川.屏山.220.nd50206,19456,50206,443,198
143,四川.石安二线,220,四川.石羊.220.5280,四川.安顺桥.220.474,21301,17572,547,60
144,四川.石安一线,220,四川.石羊.220.5280,四川.安顺桥.220.19744,21307,17571,547,60
145,四川.石马东线,220,西南.石板箐站.220.2314,四川.马店河.220.1742,18305,18131,209,178
146,四川.石马西线,220,西南.石板箐站.220.2314,四川.马店河.220.1742,18306,18130,209,178
147,四川.石青东线,220,西南.石板箐站.220.2314,四川.青龙山.220.2261,18302,18278,209,203
148,四川.石青西线,220,西南.石板箐站.220.2314,四川.青龙山.220.2261,18301,18279,209,203
149,四川.石雅二线,500,四川.石棉.500.2469,四川.雅安.500.3364,18328,18583,214,273
150,四川.石雅一线,500,四川.石棉.500.2469,四川.雅安.500.3364,18332,18586,214,273
151,四川.石银北线,220,四川.银江.220.3417,西南.石板箐站.220.2314,18605,18300,281,209
152,四川.石银南线,220,四川.银江.220.3417,西南.石板箐站.220.2314,18604,18299,281,209
153,四川.寿凉线,220,四川.寿溪桥.220.nd50207,四川.凉水井.220.nd50208,50207,50208,215,166
154,四川.寿松二线,220,四川.寿溪桥.220.2634,四川.松柏.220.2799,18337,18382,215,224
155,四川.寿松一线,220,四川.寿溪桥.220.2634,四川.松柏.220.2799,18338,18381,215,224
156,四川.蜀山一线,500,四川.蜀州.500.nd50209,四川.尖山.500.nd50210,50209,50210,217,144
157,四川.松范东线,220,四川.松林.220.2806,四川.范坝.220.906,18384,17791,225,106
158,四川.松范西线,220,四川.松林.220.2806,四川.范坝.220.906,18385,17790,225,106
159,四川.松惠东线,220,四川.松柏.220.2799,四川.广惠.220.972,18379,17861,224,121
160,四川.松惠西线,220,四川.松柏.220.2799,四川.广惠.220.972,18380,17860,224,121
161,四川.双赤一线,220,四川.双合.220.2781,四川.赤化.220.584,18365,17651,220,78
162,四川.双万东线,220,四川.万林.220.3046,四川.双堰.220.2789,18482,18374,247,222
163,四川.双万西线,220,四川.万林.220.3046,四川.双堰.220.2789,18483,18375,247,222
164,四川.堂龙二线,220,四川.金堂厂.220.nd50258,四川.龙王.220.nd50262,50258,50262,152,174
165,四川.堂龙一线,220,四川.金堂厂.220.nd50259,四川.龙王.220.nd50263,50259,50263,152,174
166,四川.谭龙一线,500,西南.谭家湾站.500.2846,四川.龙王.500.1611,18426,18095,56,176
167,四川.谭孟二线,220,西南.谭家湾站.220.2851,四川.孟家.220.1797,18414,18172,230,184
168,四川.谭孟一线,220,西南.谭家湾站.220.2851,四川.孟家.220.1797,18413,18171,230,184
169,四川.谭五三线,220,四川.五里堆.220.3070,西南.谭家湾站.220.2851,18502,18417,251,230
170,四川.谭五一线_old,220,四川.五里堆.220.nd50211,西南.谭家湾站.220.nd50212,50211,50212,251,230
171,四川.天大线,220,四川.天明.220.2991,四川.大康.220.604,18444,17668,235,82
172,四川.铜平北线,220,四川.舒平.220.2642,四川.铜街子厂.220.3033,18343,18470,216,242
173,四川.铜平南线,220,四川.舒平.220.2642,四川.铜街子厂.220.3033,18344,18471,216,242
174,四川.铜松东线,220,四川.松林.220.nd50214,四川.铜街子厂.220.nd50213,50214,50213,225,242
175,四川.铜松西线,220,四川.松林.220.nd50216,四川.铜街子厂.220.nd50215,50216,50215,225,242
176,四川.五重线,220,四川.五里堆.220.3070,四川.二重.220.893,18499,17781,251,104
177,四川.向平东线,220,四川.向义.220.5232,四川.舒平.220.2642,21133,18341,537,216
178,四川.小冷线,220,四川.小天都厂.220.3120,四川.冷竹关厂.220.1558,18520,18036,259,161
179,四川.小临线,220,四川.临邛.220.1584,四川.小关子厂.220.3117,18072,18515,169,257
180,四川.兴渡线,220,四川.徐家渡.220.3187,四川.隆兴.220.1732,18554,18120,265,177
181,四川.兴侯北线,220,四川.武侯.220.nd50217,四川.隆兴.220.nd50218,50217,50218,250,177
182,四川.兴侯南线,220,四川.武侯.220.nd50219,四川.隆兴.220.nd50220,50219,50220,250,177
183,四川.新孟北线,220,四川.新市.220.460,四川.孟家.220.1797,24309,18174,48,184
184,四川.新孟南线,220,四川.新市.220.460,四川.孟家.220.1797,24308,18173,48,184
185,四川.雅蜀二线,500,四川.雅安.500.3364,四川.蜀州.500.2649,18578,18363,273,217
186,四川.雅蜀一线,500,四川.雅安.500.3364,四川.蜀州.500.2649,18580,18361,273,217
187,四川.宜江线,220,四川.宜宾二厂.220.nd938,四川.江南.220.nd50221,938,50221,456,147
188,四川.银保线,220,四川.保宁.220.531,四川.金银台厂.220.1366,17616,17992,68,153
189,四川.银坪北线,220,四川.施家坪.220.2299,四川.银江.220.3417,24051,18602,208,281
190,四川.银坪南线,220,四川.施家坪.220.2299,四川.银江.220.3417,18295,18603,208,281
191,四川.永孟东线,220,四川.永兴.220.3446,四川.孟家.220.1797,18622,18170,285,184
192,四川.永孟西线,220,四川.永兴.220.3446,四川.孟家.220.1797,18620,18169,285,184
193,四川.园金北线,220,四川.园湾.220.5039,四川.金鹅.220.1348,19488,17982,451,149
194,四川.园金南线,220,四川.园湾.220.5039,四川.金鹅.220.1348,19489,17981,451,149
195,四川.源山北线,220,四川.聚源.220.1551,四川.二台山.220.878,18029,18864,58,101
196,四川.园松线,220,四川.园湾.220.5039,四川.松柏.220.2799,19487,18378,451,224
197,四川.袁新线,220,四川.袁家坝.220.3490,四川.新广兴.220.3134,18647,18527,293,261
198,四川.玉东线,220,四川.玉龙厂.220.3486,四川.滨东厂.220.559,18644,17634,292,75
199,四川.玉林北线,220,四川.玉观.220.3479,四川.林庄.220.1574,18641,18058,290,167
200,四川.玉林南线,220,四川.玉观.220.3479,四川.林庄.220.1574,18642,18059,290,167
201,四川.云寿线,220,四川.云潭厂.220.3504,四川.寿溪桥.220.2634,946,18335,51,215
202,四川.云新北线,220,四川.云西.220.3512,四川.新市.220.460,18660,18543,295,48
203,四川.云新南线,220,四川.云西.220.3512,四川.新市.220.460,18659,18544,295,48
204,四川.渔山线,220,四川.二台山.220.878,四川.渔子溪厂.220.5036,18957,19509,101,450
205,四川.朱铝线,220,四川.朱坎.220.nd50222,四川.峨铝.220.nd50223,50222,50223,301,98
206,四川.孜平线,220,四川.孜岩.220.3574,四川.舒平.220.2642,18711,18345,305,216
207,四川.棕永线,220,四川.六六六.220.5168,四川.棕坪溪.220.3594,20780,18729,511,311
208,四川.爱东一线,220,四川.东坡.220.788,四川.爱国.220.467,17739,17567,94,59
209,四川.爱文线,220,四川.修文.220.3184,四川.爱国.220.467,18551,20781,264,59
210,四川.百永线,220,四川.永兴.220.3446,四川.百胜.220.520,18623,17606,285,67
211,四川.厂沙线,220,四川.铁厂河厂.220.3005,四川.沙坪厂.220.2285,18455,18287,239,206
212,四川.昌山一线,220,四川.西昌.220.nd50224,四川.冕山.220.nd50225,50224,50225,252,185
213,四川.灯炉线,220,四川.电炉.220.779,四川.灯塔.220.768,17724,17720,90,89
214,四川.方泸二线,220,四川.方山厂.220.914,西南.泸州站.220.3631,17796,18739,107,313
215,四川.方泸三线,220,四川.方山厂.220.914,西南.泸州站.220.3631,17797,18738,107,313
216,四川.方泸一线,220,四川.方山厂.220.914,西南.泸州站.220.3631,17795,18740,107,313
217,四川.范江二线,220,四川.夹江.220.1277,四川.范坝.220.906,17936,25779,140,106
218,四川.洪泸二线,500,西南.泸州站.500.3630,西南.洪沟站.500.990,18746,17890,315,127
219,四川.洪泸一线,500,西南.泸州站.500.3630,西南.洪沟站.500.990,18748,17888,315,127
220,四川.华丰线,220,四川.南华.220.1977,四川.丰谷.220.920,18212,17801,191,108
221,四川.黄代东线,220,西南.黄岩站.220.1145,四川.代市.220.627,17901,17689,55,86
222,四川.黄代西线,220,西南.黄岩站.220.1145,四川.代市.220.627,17900,17692,55,86
223,四川.九石二线,500,四川.石棉.500.2469,四川.九龙.500.1394,18329,20366,214,159
224,四川.九石一线,500,四川.石棉.500.2469,四川.九龙.500.1394,18326,18022,214,159
225,四川.栗石二线,220,四川.石棉.220.2477,四川.栗子坪厂.220.1562,18316,18045,212,163
226,四川.栗石一线,220,四川.石棉.220.2477,四川.栗子坪厂.220.1562,18317,18042,212,163
227,四川.柳盖线,220,四川.柳池.220.nd50226,四川.盖家坪.220.nd50227,50226,50227,170,111
228,四川.柳亭一线,220,四川.亭子.220.3010,四川.柳池.220.1592,18458,18078,240,170
229,四川.芦瓦线,220,四川.瓦屋山厂.220.3040,四川.葫芦坝厂.220.1138,18475,17898,244,133
230,四川.泸玉二线,220,四川.玉观.220.3479,西南.泸州站.220.3631,18637,18737,290,313
231,四川.泸玉一线,220,四川.玉观.220.3479,西南.泸州站.220.3631,18638,18736,290,313
232,四川.茂谭二线,500,西南.谭家湾站.500.2846,四川.茂县.500.1756,18427,18159,56,180
233,四川.茂谭一线,500,西南.谭家湾站.500.2846,四川.茂县.500.1756,18425,18156,56,180
234,四川.马青线,220,四川.青白江.220.5082,四川.马家.220.1749,19505,18137,462,179
235,四川.南谭二线,500,西南.谭家湾站.500.2846,四川.南充.500.1822,18432,18204,56,57
236,四川.平镇线,220,四川.镇江.220.nd50228,四川.平春.220.nd50229,50228,50229,299,197
237,西南.普天线,500,西南.普提站.500.2181,国调.南天站.500.1984,18256,18222,201,192
238,四川.桥竹线,220,四川.竹格多厂.220.3567,四川.二道桥厂.220.876,18708,940,304,100
239,四川.青炉线,220,四川.青白江.220.5082,四川.电炉.220.779,19507,17725,462,90
240,四川.沙九线,220,四川.九龙.220.1399,四川.沙坪厂.220.2285,18019,18288,157,206
241,四川.蜀景二线,500,四川.蜀州.500.2649,四川.丹景.500.634,18358,17708,217,88
242,四川.蜀景一线,500,四川.蜀州.500.2649,四川.丹景.500.634,18354,17707,217,88
243,四川.蜀山二线,500,四川.蜀州.500.nd50230,四川.尖山.500.nd50231,50230,50231,217,144
244,四川.蜀兴二线,220,四川.蜀州.220.2659,四川.隆兴.220.1732,18351,18124,218,177
245,四川.蜀兴一线,220,四川.蜀州.220.2659,四川.隆兴.220.1732,18352,18125,218,177
246,四川.堂云二线,220,四川.金堂厂.220.1358,四川.云绣.220.3520,17991,18672,152,296
247,四川.堂云一线,220,四川.金堂厂.220.1358,四川.云绣.220.3520,17990,18673,152,296
248,四川.谭龙二线,500,西南.谭家湾站.500.2846,四川.龙王.500.1611,18428,18093,56,176
249,四川.天沫二线,220,国调.南天站.220.1999,四川.沫水.220.1810,18217,18184,49,186
250,四川.天沫一线,220,国调.南天站.220.1999,四川.沫水.220.1810,18216,18185,49,186
251,四川.田石二线,220,四川.石棉.220.2477,四川.田湾河厂.220.3002,18321,18452,212,237
252,四川.田石一线,220,四川.石棉.220.2477,四川.田湾河厂.220.3002,18322,18453,212,237
253,四川.天朱二线,220,四川.朱坎.220.3557,国调.南天站.220.1999,18697,18215,301,49
254,四川.天朱一线,220,四川.朱坎.220.3557,国调.南天站.220.1999,18698,18214,301,49
255,四川.瓦东线,220,四川.东坡.220.788,四川.瓦屋山厂.220.3040,17740,18474,94,244
256,四川.威姜线,220,四川.威州厂.220.3053,四川.姜射坝厂.220.1325,18485,17964,249,146
257,四川.薛州线,220,四川.薛城厂.220.3359,四川.宝州厂.220.540,19482,17618,270,70
258,四川.叙江北线,220,西南.叙府站.220.3219,四川.江南.220.1328,18559,17969,266,147
259,四川.叙江南线,220,西南.叙府站.220.3219,四川.江南.220.1328,18558,17968,266,147
260,四川.冶栗二线,220,四川.冶勒厂.220.nd18597,四川.栗子坪厂.220.1562,18597,18044,279,163
261,四川.冶栗一线,220,四川.冶勒厂.220.3406,四川.栗子坪厂.220.1562,18596,18043,279,163
262,四川.鱼发二线,220,四川.鱼凫.220.nd50232,四川.发展.220.nd50233,50232,50233,287,105
263,四川.鱼发一线,220,四川.鱼凫.220.nd50234,四川.发展.220.nd50235,50234,50235,287,105
264,四川.云丰西线,220,四川.云绣.220.3520,四川.丰谷.220.920,18669,17802,296,108
265,四川.云华线,220,四川.云绣.220.3520,四川.南华.220.1977,18668,18211,296,191
266,四川.云龙东线,220,四川.云绣.220.3520,四川.龙王.220.1614,18671,18100,296,174
267,四川.云龙西线,220,四川.云绣.220.3520,四川.龙王.220.1614,18670,18099,296,174
268,四川.舟云线,220,四川.静云.220.1380,四川.舟坝厂.220.3554,18001,18692,155,300
269,四川.紫景线,500,四川.紫坪铺厂.500.3582,四川.丹景.500.634,18716,17710,306,88
270,四川.丹太二线,220,四川.太和.220.2825,四川.丹景.220.640,18402,17699,52,53
271,四川.里木线,220,四川.自一里厂.220.3587,四川.木座厂.220.19750,18725,18190,308,188
272,四川.偏九线,220,四川.九龙.220.1399,四川.偏桥厂.220.3752,18018,18230,157,196
273,四川.源丹北线,220,四川.聚源.220.1551,四川.丹景.220.640,23687,17696,58,53
274,四川.丹太三线,220,四川.太和.220.2825,四川.丹景.220.640,18403,26188,52,53
275,四川.丹太一线,220,四川.太和.220.2825,四川.丹景.220.640,18401,17698,52,53
276,四川.黄铜二线,220,四川.铜堡.220.3026,西南.黄岩站.220.1145,18467,17903,54,55
277,四川.黄铜一线,220,四川.铜堡.220.3026,西南.黄岩站.220.1145,18466,17902,54,55
278,四川.回丹东线,220,四川.回龙.220.446,四川.丹景.220.640,17924,17703,46,53
279,四川.南谭一线,500,西南.谭家湾站.500.2846,四川.南充.500.1822,18888,18202,56,57
280,四川.天亚二线,220,四川.其亚.220.nd50236,国调.南天站.220.1999,50236,18756,50,49
281,四川.天亚一线,220,四川.其亚.220.nd18764,国调.南天站.220.1999,18764,18755,50,49
282,四川.源丹南线,220,四川.聚源.220.1551,四川.丹景.220.640,18030,17697,58,53
283,四川.田复东线,220,四川.复兴.220.437,四川.长田.220.5048,17813,19720,45,454
284,四川.天金线,220,四川.金龙潭厂.220.5139,四川.天龙湖厂.220.2985,19983,18435,483,234
285,四川.丰群线,220,四川.丰谷.220.920,四川.群文.220.4432,17805,19195,108,373
286,四川.龙石线,500,四川.龙头石厂.500.3764,四川.石棉.500.2469,18775,18777,328,214
287,四川.田复西线,220,四川.复兴.220.437,四川.长田.220.5048,17814,19719,45,454
288,四川.五九线,220,四川.九龙.220.1399,四川.五一桥厂.220.3768,18771,18779,157,330
289,四川.柳光线,220,四川.柳池.220.1592,四川.普光.220.4091,18076,19105,170,374
290,四川.回丹西线,220,四川.回龙.220.446,四川.丹景.220.640,17925,18782,46,53
291,四川.董茶线,220,四川.董家湾.220.823,四川.茶山.220.566,18787,23715,97,76
292,四川.金田线,220,四川.田湾河厂.220.3002,四川.金窝厂.220.3778,18450,18792,237,332
293,四川.柳茂线,220,四川.茂县.220.1759,四川.柳坪厂.220.3781,18147,18795,181,334
294,四川.通亭二线,220,四川.亭子.220.3010,四川.通川.220.4094,18461,19162,240,394
295,四川.雅山二线,500,四川.雅安.500.3364,四川.尖山.500.1291,18582,18789,273,144
296,四川.雅山一线,500,四川.雅安.500.3364,四川.尖山.500.1291,18585,17962,273,144
297,四川.岳通二线,220,四川.东岳厂.220.819,四川.通川.220.4094,17754,19178,96,394
298,四川.叙荆线,220,西南.叙府站.220.3219,四川.北荆坝.220.552,18562,18972,266,73
299,四川.雅草一线,220,四川.雅安.220.3368,四川.草坝.220.4435,18798,19193,271,375
300,四川.岳通一线,220,四川.东岳厂.220.819,四川.通川.220.4094,17753,19177,96,394
301,四川.丰高一线,220,四川.丰谷.220.920,四川.高桥.220.4595,17803,19223,108,379
302,四川.黄达一线,500,西南.黄岩站.500.1144,四川.达州.500.4442,17918,19215,135,378
303,四川.纳东二线,220,四川.震东.220.4660,四川.纳溪.220.4602,19258,19247,383,380
304,四川.纳东一线,220,四川.震东.220.4660,四川.纳溪.220.4602,19117,19246,383,380
305,四川.纳杨二线,220,四川.杨桥.220.3391,四川.纳溪.220.4602,18805,19245,274,380
306,四川.纳杨一线,220,四川.杨桥.220.3391,四川.纳溪.220.4602,18590,19244,274,380
307,四川.通复一线,220,四川.通川.220.4094,四川.复兴.220.437,19164,18885,394,45
308,四川.通亭一线,220,四川.亭子.220.3010,四川.通川.220.4094,18460,19163,240,394
309,四川.万高线,220,四川.万安.220.453,四川.高桥.220.4595,18479,19221,47,379
310,四川.泸纳二线,220,四川.纳溪.220.4602,西南.泸州站.220.3631,19243,18742,380,313
311,四川.泸纳一线,220,四川.纳溪.220.4602,西南.泸州站.220.3631,19242,18741,380,313
312,四川.丹桥北线,220,四川.永定桥.220.4674,四川.丹景.220.640,19266,17702,385,53
313,四川.丹桥南线,220,四川.永定桥.220.4674,四川.丹景.220.640,19265,17701,385,53
314,四川.渡文线,220,四川.徐家渡.220.nd50237,四川.文山.220.nd19284,50237,19284,265,387
315,四川.范江一线,220,四川.夹江.220.1277,四川.范坝.220.906,17937,25780,140,106
316,四川.高玉南线,220,四川.高石.220.4683,四川.玉观.220.3479,19281,18639,386,290
317,四川.江东三线,220,四川.夹江.220.1277,四川.东坡.220.788,17938,17743,140,94
318,四川.沙高南线,220,四川.高石.220.nd50244,四川.白沙.220.nd50238,50244,50238,386,44
319,四川.圣天二线,220,四川.圣达厂.220.3786,国调.南天站.220.1999,18810,18807,337,49
320,四川.谭万二线,220,四川.万安.220.453,西南.谭家湾站.220.2851,18813,18812,47,230
321,四川.丰桥二线,220,四川.丰谷.220.920,四川.佳桥.220.1284,18816,18817,108,141
322,四川.高玉北线,220,四川.玉观.220.3479,四川.高石.220.4683,18640,19280,290,386
323,四川.沙高北线,220,四川.高石.220.nd50245,四川.白沙.220.nd50239,50245,50239,386,44
324,四川.白玉线,220,四川.白水河厂.220.3789,四川.玉龙厂.220.3486,18819,5497,339,292
325,四川.光通线,220,四川.通川.220.4094,四川.普光.220.4091,19068,19104,394,374
326,四川.山丹线,220,四川.二台山.220.878,四川.丹景.220.640,18823,17695,101,53
327,四川.映山线,220,四川.映秀湾厂.220.3424,四川.二台山.220.878,18608,18822,282,101
328,四川.都柳线,220,四川.雅都厂.220.3800,四川.柳坪厂.220.3781,18845,18794,345,334
329,四川.洪金线,220,四川.洪一厂.220.3794,四川.大金坪厂.220.601,947,17663,341,81
330,四川.久普线,220,西南.普提站.220.2195,四川.久铁厂.220.3797,18260,18836,199,343
331,四川.联久线,220,四川.联补厂.220.3749,四川.久铁厂.220.3797,18047,18837,165,343
332,四川.亭州二线,220,四川.亭子.220.3010,四川.达州.220.4444,18838,19069,240,376
333,四川.亭州一线,220,四川.亭子.220.3010,四川.达州.220.4444,18459,19070,240,376
334,四川.余州一线,220,四川.余家.220.3454,四川.达州.220.4444,26244,19071,286,376
335,四川.州田二线,220,四川.达州.220.4444,四川.长田.220.5048,19079,19724,376,454
336,四川.州田一线,220,四川.达州.220.4444,四川.长田.220.5048,19078,19723,376,454
337,四川.巴达线,500,四川.临巴厂.500.1581,四川.达州.500.4442,18851,19213,168,378
338,四川.城孜二线,220,四川.孜岩.220.3574,四川.城南.220.4696,18712,19108,305,388
339,四川.城孜一线,220,四川.孜岩.220.3574,四川.城南.220.4696,18713,19109,305,388
340,四川.丰铜二线,220,四川.铜堡.220.3026,四川.建丰.220.4101,18842,19083,54,389
341,四川.丰铜一线,220,四川.铜堡.220.3026,四川.建丰.220.4101,18841,19082,54,389
342,四川.黄渠二线,220,四川.渠县.220.4117,西南.黄岩站.220.1145,19186,17906,391,55
343,四川.黄渠一线,220,四川.渠县.220.4117,西南.黄岩站.220.1145,19185,17907,391,55
344,四川.金仁线,220,四川.仁宗海厂.220.3806,四川.金窝厂.220.3778,18855,18791,349,332
345,四川.木坪线,220,四川.阴坪厂.220.3809,四川.木座厂.220.1819,18862,18191,351,188
346,四川.南双线,220,四川.双合.220.2781,四川.南坪厂.220.3803,18366,18852,220,347
347,四川.仁田线,220,四川.田湾河厂.220.3002,四川.仁宗海厂.220.3806,18451,18856,237,349
348,四川.万石二线,220,四川.万林.220.3046,四川.石门.220.4126,18843,19147,247,392
349,四川.万石一线,220,四川.万林.220.3046,四川.石门.220.4126,18844,19146,247,392
350,四川.叙城东线,220,西南.叙府站.220.3219,四川.城南.220.4696,18560,19122,266,388
351,四川.叙城西线,220,西南.叙府站.220.3219,四川.城南.220.4696,18561,19121,266,388
352,四川.保仪线,220,四川.仪陇.220.3410,四川.保宁.220.531,18869,18863,280,68
353,四川.黄孜二线,220,四川.黄桷庄厂.220.nd17920,四川.孜岩.220.3574,17920,18873,136,305
354,四川.黄孜三线,220,四川.黄桷庄厂.220.nd17919,四川.孜岩.220.3574,17919,18872,136,305
355,四川.金侯二线,220,四川.武侯.220.nd50240,四川.金牛.220.nd50246,50240,50246,250,390
356,四川.金侯一线,220,四川.武侯.220.nd50241,四川.金牛.220.nd50247,50241,50247,250,390
357,四川.太金二线,220,四川.太和.220.2825,四川.金牛.220.4108,18400,19182,52,390
358,四川.太金一线,220,四川.太和.220.2825,四川.金牛.220.4108,18399,19181,52,390
359,四川.下石二线,220,四川.下坪.220.5075,四川.石棉.220.2477,19501,18320,461,212
360,四川.下石一线,220,四川.下坪.220.5075,四川.石棉.220.2477,19500,18866,461,212
361,四川.孜沙二线,220,四川.孜岩.220.3574,四川.白沙.220.427,18871,17590,305,44
362,四川.孜沙一线,220,四川.孜岩.220.3574,四川.白沙.220.427,18870,17591,305,44
363,四川.充丰二线,220,四川.南充.220.1823,四川.建丰.220.4101,18193,19075,189,389
364,四川.东兴线,220,四川.东风厂.220.782,四川.宝兴厂.220.3816,17726,18879,92,353
365,四川.福山线,220,四川.二台山.220.878,四川.福堂坝厂.220.927,18883,17810,101,110
366,四川.高群线,220,四川.群文.220.4432,四川.高桥.220.4595,21319,19222,373,379
367,四川.广丰一线,220,四川.广安厂.220.961,四川.建丰.220.4101,17857,19066,120,389
368,四川.永高二线,220,四川.永兴.220.3446,四川.高桥.220.4595,18890,19220,285,379
369,四川.永高一线,220,四川.永兴.220.3446,四川.高桥.220.4595,18889,19219,285,379
370,四川.充丰一线,220,四川.南充.220.1823,四川.建丰.220.4101,18194,19077,189,389
371,四川.广丰二线,220,四川.广安厂.220.961,四川.建丰.220.4101,17858,19067,120,389
372,四川.尖文线,220,四川.文山.220.nd19203,四川.尖山.220.nd50242,19203,50242,387,142
373,四川.马岩线,220,四川.岩神山.220.4133,四川.马店河.220.1742,19226,18128,395,178
374,四川.攀岩二线,220,四川.攀煤电厂.220.2160,四川.岩神山.220.4133,18227,19229,194,395
375,四川.攀岩一线,220,四川.攀煤电厂.220.2160,四川.岩神山.220.4133,18226,19228,194,395
376,四川.源山南线,220,四川.聚源.220.1551,四川.二台山.220.878,18028,18892,58,101
377,四川.布坡二线,500,四川.东坡.500.786,四川.瀑布沟厂.500.3823,18896,18915,93,355
378,四川.布坡三线,500,四川.东坡.500.786,四川.瀑布沟厂.500.3823,18899,18922,93,355
379,四川.布坡四线,500,四川.东坡.500.786,四川.瀑布沟厂.500.3823,17751,18928,93,355
380,四川.布坡一线,500,四川.东坡.500.786,四川.瀑布沟厂.500.3823,17749,18908,93,355
381,四川.美普二线,220,西南.普提站.220.2195,四川.美姑河.220.1790,18259,18164,199,183
382,四川.巴定线,220,四川.康定.220.4158,四川.巴郎口厂.220.3812,19087,18933,397,357
383,四川.地联线,220,四川.联补厂.220.19758,四川.地洛厂.220.3820,18938,18936,165,359
384,四川.黄范二线,220,西南.黄岩站.220.1145,四川.范家湾.220.4140,17904,19269,55,396
385,四川.黄范一线,220,西南.黄岩站.220.1145,四川.范家湾.220.4140,17905,19285,55,396
386,四川.理会一线,220,四川.会理.220.4187,四川.会东.220.1267,19085,17931,400,137
387,四川.联普线,220,西南.普提站.220.2195,四川.联补厂.220.19758,18943,18937,199,165
388,四川.永理一线,220,四川.永郎.220.3431,四川.会理.220.4187,18610,19297,284,400
389,四川.余渠一线,220,四川.余家.220.3454,四川.渠县.220.4117,19701,19187,286,391
390,四川.理会二线,220,四川.会理.220.4187,四川.会东.220.1267,19086,18952,400,137
391,四川.云庙二线,220,四川.天宫庙.220.4194,四川.静云.220.1380,19091,18003,393,155
392,四川.云庙一线,220,四川.天宫庙.220.4194,四川.静云.220.1380,19090,18002,393,155
393,四川.爱镇二线,220,四川.镇江.220.3545,四川.爱国.220.467,18690,18955,299,59
394,四川.爱镇一线,220,四川.镇江.220.3545,四川.爱国.220.467,18689,18956,299,59
395,四川.江东二线,220,四川.夹江.220.1277,四川.东坡.220.788,17939,17742,140,94
396,四川.江东一线,220,四川.夹江.220.1277,四川.东坡.220.788,17940,17741,140,94
397,四川.狮红线,220,四川.狮子坪厂.220.3848,四川.红房子厂.220.1131,18966,19300,363,131
398,四川.朱江二线,220,四川.朱坎.220.3557,四川.夹江.220.1277,18696,17942,301,140
399,四川.朱江一线,220,四川.朱坎.220.3557,四川.夹江.220.1277,18703,17941,301,140
400,四川.桃龙一线,500,四川.桃乡.500.4706,四川.龙王.500.1611,19111,18089,403,176
401,四川.山桃一线,500,四川.桃乡.500.4706,四川.尖山.500.1291,19096,17957,403,144
402,四川.桃龙二线,500,四川.桃乡.500.4706,四川.龙王.500.1611,19114,18090,403,176
403,四川.山桃二线,500,四川.桃乡.500.4706,四川.尖山.500.1291,19099,17959,403,144
404,四川.桃资一线,500,西南.资阳站.500.4744,四川.桃乡.500.4706,19208,19110,407,403
405,四川.桃资二线,500,西南.资阳站.500.4744,四川.桃乡.500.4706,19204,19112,407,403
406,四川.山桃三线,500,四川.桃乡.500.4706,四川.尖山.500.1291,19101,18788,403,144
407,西南.叙泸一线,500,西南.叙府站.500.3215,西南.泸州站.500.3630,18986,18960,268,315
408,西南.叙泸二线,500,西南.叙府站.500.3215,西南.泸州站.500.3630,18984,18958,268,315
409,四川.坡资二线,500,西南.资阳站.500.4744,四川.东坡.500.786,19230,17750,407,93
410,四川.坡资一线,500,西南.资阳站.500.4744,四川.东坡.500.786,19210,18898,407,93
411,四川.山圣线,220,四川.圣音寺.220.2288,四川.二台山.220.878,18291,18971,207,101
412,四川.圣德线,220,四川.圣达厂.220.3786,四川.德胜.220.4703,18809,19092,337,401
413,四川.天德线,220,国调.南天站.220.1999,四川.德胜.220.4703,18808,19093,49,401
414,四川.深布线,500,四川.深溪沟厂.500.3853,四川.瀑布沟厂.500.3823,948,18930,364,355
415,四川.资棉二线,220,四川.棉丰.220.5020,西南.资阳站.220.4746,20235,20603,445,405
416,四川.大河线,220,四川.河西.220.3884,四川.大康.220.604,19027,17670,365,82
417,四川.资凉二线,220,四川.凉水井.220.1565,西南.资阳站.220.4746,18050,19273,166,405
418,四川.资凉一线,220,四川.凉水井.220.1565,西南.资阳站.220.4746,18051,19274,166,405
419,四川.草名二线,220,四川.草坝.220.4435,四川.名山.220.3911,19275,19009,375,371
420,四川.草名一线,220,四川.草坝.220.4435,四川.名山.220.3911,19294,19008,375,371
421,四川.东瑞二线,220,四川.瑞能.220.4609,四川.东坡.220.788,19253,19030,381,94
422,四川.河永二线,220,四川.永兴.220.3446,四川.河西.220.3884,18619,19025,285,365
423,四川.侯核二线,220,四川.核桃村.220.19759,四川.武侯.220.3058,18999,18488,370,250
424,四川.侯核一线,220,四川.核桃村.220.3901,四川.武侯.220.3058,18998,18489,370,250
425,四川.江河二线,220,四川.江油新厂.220.1336,四川.河西.220.3884,17974,19028,148,365
426,四川.石钒东线,220,四川.新钒.220.3921,西南.石板箐站.220.2314,19018,19012,372,209
427,四川.石钒西线,220,四川.新钒.220.3921,西南.石板箐站.220.2314,19019,18304,372,209
428,四川.石核二线,220,四川.核桃村.220.19759,四川.石羊.220.5280,19001,21304,370,547
429,四川.石核一线,220,四川.核桃村.220.3901,四川.石羊.220.5280,19000,21305,370,547
430,四川.太乐线,500,四川.富乐.500.3856,四川.太白厂.500.nd18394,18995,18394,369,227
431,四川.谭乐一线,500,四川.富乐.500.3856,西南.谭家湾站.500.2846,19048,18431,369,56
432,四川.天爱二线,220,四川.天井坎.220.2978,四川.爱国.220.467,18785,18783,232,59
433,四川.资棉一线,220,四川.棉丰.220.5020,西南.资阳站.220.4746,20236,20604,445,405
434,四川.资孙二线,220,四川.孙家坝.220.2815,西南.资阳站.220.4746,26138,19271,226,405
435,四川.资孙一线,220,四川.孙家坝.220.2815,西南.资阳站.220.4746,26142,19272,226,405
436,西南.月普一线,500,国调.月城站.500.3933,西南.普提站.500.2181,19050,18253,426,201
437,西南.月普二线,500,国调.月城站.500.3933,西南.普提站.500.2181,19051,18265,426,201
438,四川.安桑线,220,四川.安县.220.481,四川.桑枣.220.4247,17576,19318,61,416
439,四川.斑村线,220,四川.新二村.220.3126,四川.斑竹园.220.4201,18525,19131,260,410
440,四川.宝黄线,220,四川.黄岗.220.4240,四川.宝兴厂.220.3816,19303,18881,415,353
441,四川.昌木线,220,四川.西昌.220.3081,四川.樟木.220.4392,19358,19380,252,427
442,四川.充果二线,220,四川.南充.220.1823,四川.果州.220.4233,18199,19175,189,414
443,四川.充果一线,220,四川.南充.220.1823,四川.果州.220.4233,19310,19072,189,414
444,四川.东冲二线,220,四川.冯冲湾.220.4226,四川.震东.220.4660,19170,19257,413,383
445,四川.东冲一线,220,四川.冯冲湾.220.4226,四川.震东.220.4660,19169,19405,413,383
446,四川.钒五线,220,四川.新钒.220.3921,四川.五贵塘.220.4377,19017,19357,372,422
447,四川.果大二线,220,四川.果州.220.4233,四川.大方.220.592,19174,17662,414,79
448,四川.果大一线,220,四川.果州.220.4233,四川.大方.220.592,19173,19150,414,79
449,四川.河永一线,220,四川.永兴.220.3446,四川.河西.220.3884,18618,19024,285,365
450,四川.洪遂线,500,西南.洪沟站.500.990,四川.遂宁.500.4255,17884,19342,127,417
451,四川.洪园三线,220,四川.园湾.220.nd50267,西南.洪沟站.220.nd50243,50267,50243,451,125
452,四川.红孟线,220,四川.红房子厂.220.1131,四川.下孟.220.4385,18834,19363,131,423
453,四川.江河一线,220,四川.江油新厂.220.1336,四川.河西.220.3884,17973,19029,148,365
454,四川.江乐线,220,四川.富乐.220.3858,四川.江油新厂.220.1336,19039,17978,367,148
455,四川.金发二线,220,四川.金牛.220.4108,四川.发展.220.897,19308,19156,390,105
456,四川.金发一线,220,四川.金牛.220.4108,四川.发展.220.897,19307,19157,390,105
457,四川.乐百二线,220,四川.富乐.220.3858,四川.百胜.220.520,19041,17608,367,67
458,四川.乐百一线,220,四川.富乐.220.3858,四川.百胜.220.520,19040,17607,367,67
459,四川.乐昭一线,500,四川.富乐.500.3856,四川.昭化.500.4406,18991,19404,369,428
460,四川.马斑二线,220,四川.马家.220.19749,四川.斑竹园.220.4201,18139,19137,179,410
461,四川.棉汉二线,220,四川.新棉.220.3149,四川.汉源.220.4901,18536,19417,262,525
462,四川.棉汉一线,220,四川.新棉.220.3149,四川.汉源.220.4901,26023,19416,262,525
463,四川.南遂线,500,四川.南充.500.1822,四川.遂宁.500.4255,18208,19335,57,417
464,四川.桥华一线,220,四川.桥沟.220.2250,四川.新华.220.4912,18271,19422,202,432
465,四川.全雅二线,220,四川.雅安.220.3368,四川.天全.220.4363,19369,23468,271,420
466,四川.全雅一线,220,四川.雅安.220.3368,四川.天全.220.4363,19368,23464,271,420
467,四川.蓉郊二线,220,四川.蓉东.220.2273,四川.东郊.220.4216,18282,19154,204,412
468,四川.蓉郊一线,220,四川.蓉东.220.2273,四川.东郊.220.4216,18286,19153,204,412
469,四川.遂石二线,220,四川.遂宁.220.4256,四川.石门.220.4126,19330,19322,418,392
470,四川.遂石一线,220,四川.遂宁.220.4256,四川.石门.220.4126,19329,19321,418,392
471,四川.谭乐二线,500,四川.富乐.500.3856,西南.谭家湾站.500.2846,18988,18429,369,56
472,四川.文草二线,220,四川.兴文.220.3174,四川.草池.220.4212,19365,19149,263,411
473,四川.文草一线,220,四川.兴文.220.3174,四川.草池.220.4212,19364,19148,263,411
474,四川.雅黄一线,220,四川.雅安.220.3368,四川.黄岗.220.4240,19367,19304,271,415
475,四川.雅名二线,220,四川.雅安.220.3368,四川.名山.220.3911,18574,19011,271,371
476,四川.雅名一线,220,四川.雅安.220.3368,四川.名山.220.3911,19366,19010,271,371
477,四川.永桑线,220,四川.永兴.220.nd50248,四川.桑枣.220.nd50249,50248,50249,285,416
478,四川.月昌线,220,国调.月城站.220.3940,四川.西昌.220.3081,19055,18509,424,252
479,四川.月木二线,220,国调.月城站.220.3940,四川.樟木.220.4392,19063,19382,424,427
480,四川.月木一线,220,国调.月城站.220.3940,四川.樟木.220.4392,19057,19381,424,427
481,四川.月永三线,220,国调.月城站.220.3940,四川.永郎.220.3431,19059,18615,424,284
482,四川.州桃线,220,四川.宝州厂.220.540,四川.桃坪厂.220.4898,17617,19239,70,409
483,四川.资天二线,220,西南.资阳站.220.4746,四川.天星.220.4370,19406,19353,405,421
484,四川.资天一线,220,西南.资阳站.220.4746,四川.天星.220.4370,19407,19352,405,421
485,四川.华坝二线,220,四川.新华.220.4912,四川.西坝.220.nd50250,19425,50250,432,382
486,四川.华坝一线,220,四川.新华.220.4912,四川.西坝.220.nd50251,19424,50251,432,382
487,四川.桥华二线,220,四川.桥沟.220.2250,四川.新华.220.4912,18803,19423,202,432
488,四川.雅黄二线,220,四川.雅安.220.3368,四川.黄岗.220.4240,19409,19305,271,415
489,四川.耿山线,220,四川.耿达厂.220.939,四川.二台山.220.878,17822,19427,113,101
490,四川.江九线,220,四川.江边厂.220.4919,四川.九龙.220.1399,19429,19431,542,157
491,四川.平荆二线,220,四川.新平厂.220.4934,四川.北荆坝.220.552,19441,17632,441,73
492,四川.平荆一线,220,四川.新平厂.220.4934,四川.北荆坝.220.552,19440,19426,441,73
493,四川.晴竹线,220,四川.晴朗厂.220.nd50253,四川.竹格多厂.220.nd50252,50253,50252,436,304
494,四川.山桃四线,500,四川.桃乡.500.4706,四川.尖山.500.1291,19103,17961,403,144
495,四川.苏雷线,220,四川.苏巴姑厂.220.4942,四川.雷波.220.5057,19437,19494,437,455
496,四川.苏美线,220,四川.苏巴姑厂.220.4942,四川.美姑河.220.1790,19436,18166,437,183
497,四川.踏九线,220,四川.踏卡厂.220.4931,四川.九龙.220.1399,19438,19430,439,157
498,四川.永理二线,220,四川.永郎.220.3431,四川.会理.220.4187,18611,19298,284,400
499,四川.洪园一线,220,四川.园湾.220.5039,西南.洪沟站.220.995,19490,17872,451,125
500,四川.洪园二线,220,四川.园湾.220.nd50261,西南.洪沟站.220.nd50264,50261,50264,451,125
501,四川.黄孜一线,220,四川.黄桷庄厂.220.nd17921,四川.孜岩.220.3574,17921,18710,136,305
502,四川.谭万一线,220,四川.万安.220.453,西南.谭家湾站.220.2851,18478,18418,47,230
503,四川.向平西线,220,四川.向义.220.5232,四川.舒平.220.2642,21134,18342,537,216
504,四川.天爱一线,220,四川.天井坎.220.2978,四川.爱国.220.467,18434,17569,232,59
505,四川.镇锋线,220,四川.镇江.220.nd50265,四川.先锋.220.nd50266,50265,50266,299,253
506,四川.洪渡一线,220,四川.王渡.220.4667,西南.洪沟站.220.995,19261,18800,384,125
507,四川.洪渡二线,220,四川.王渡.220.4667,西南.洪沟站.220.995,19262,18801,384,125
508,四川.沟木线,110,四川.足木厂.110.5117,四川.四板沟厂.110.5113,19544,20755,468,469
509,四川.丰桥一线,220,四川.丰谷.220.920,四川.佳桥.220.1284,17800,18818,108,141
510,四川.雨铜线,110,四川.雨城厂.110.3477,四川.铜头厂.110.5135,20040,19953,488,482
511,四川.双赤二线,220,四川.双合.220.2781,四川.赤化.220.584,19744,17650,220,78
512,四川.正东线,110,四川.正源厂.110.5147,四川.滨东厂.110.560,20277,20286,500,502
513,四川.白柳线,35,四川.白溪厂.35.5110,四川.柳坪厂.35.3782,7800,5925,464,335
514,四川.叶子线,110,四川.红叶厂.110.nd19960,四川.红房子厂.110.1134,19960,17895,478,130
515,四川.坝沟线,35,四川.刘河坝厂.35.5143,四川.小沟头厂.35.3114,20088,20822,491,505
516,四川.耿龙线,110,四川.耿达厂.110.940,四川.龙潭厂.110.5149,20598,22077,509,510
517,四川.湾滨线,10,四川.湾坝厂.10.5120,四川.滨东厂.10.563,19936,23339,476,74
518,四川.湾水线,10,四川.湾坝厂.10.nd50260,四川.白水河厂.10.3792,50260,8223,476,338
519,四川.银水线,10,四川.银泉厂.10.5145,四川.白水河厂.10.3792,20108,8221,494,338
520,四川.木格线,110,四川.足木厂.110.5117,四川.竹格多厂.110.3569,19543,20316,468,303
521,四川.乐天线,220,四川.富乐.220.3858,四川.天明.220.2991,19042,18447,367,235
522,四川.乐河一线,220,四川.富乐.220.3858,四川.河西.220.3884,19043,19022,367,365
523,四川.乐河二线,220,四川.富乐.220.3858,四川.河西.220.3884,19044,19023,367,365
524,四川.月永一线,220,国调.月城站.220.3940,四川.永郎.220.3431,19056,18613,424,284
525,四川.月永二线,220,国调.月城站.220.3940,四川.永郎.220.3431,19058,18614,424,284
526,四川.马斑一线,220,四川.马家.220.19749,四川.斑竹园.220.4201,18138,19135,179,410
527,四川.桥斑一线,220,四川.永定桥.220.nd50268,四川.斑竹园.220.nd50269,50268,50269,385,410
528,四川.桥村线,220,四川.永定桥.220.nd50270,四川.新二村.220.nd50271,50270,50271,385,260
529,四川.遂双一线,220,四川.遂宁.220.4256,四川.双堰.220.2789,19328,21091,418,222
530,四川.遂双二线,220,四川.遂宁.220.4256,四川.双堰.220.2789,19327,18371,418,222
531,四川.遂双三线,220,四川.遂宁.220.4256,四川.双堰.220.2789,19326,18370,418,222
532,四川.遂惠一线,220,四川.遂宁.220.4256,四川.广惠.220.19748,19331,17863,418,121
533,四川.遂惠二线,220,四川.遂宁.220.4256,四川.广惠.220.19748,19332,17862,418,121
534,四川.戎叙一线,500,四川.戎州厂.500.5195,西南.叙府站.500.3215,21060,18564,527,268
535,四川.戎叙二线,500,四川.戎州厂.500.5195,西南.叙府站.500.3215,21062,18982,527,268
536,四川.坪柳线,220,四川.坪头厂.220.5200,四川.柳洪厂.220.1600,21067,18081,529,172
537,四川.坪雷线,220,四川.坪头厂.220.nd50272,四川.雷波.220.nd50273,50272,50273,529,455
538,四川.赤天一线,220,四川.赤化.220.nd50274,四川.天明.220.nd50275,50274,50275,78,235
539,四川.溪黄线,220,四川.灵溪厂.220.5193,四川.黄岗.220.4240,21044,19306,523,415
540,四川.平叙一线,500,四川.新平Ⅱ厂.500.nd21420,西南.叙府站.500.3215,21420,20249,569,268
541,四川.沟溪线,220,四川.灵溪厂.220.5193,四川.小沟头厂.220.3113,21045,18512,523,255
542,四川.金定线,220,四川.金康厂.220.1355,四川.康定.220.4158,17987,20487,151,397
543,四川.都定线,220,四川.小天都厂.220.19754,四川.康定.220.4158,18519,20489,259,397
544,四川.柏大一线,220,四川.柏合.220.507,四川.大面铺.220.611,18825,21094,64,83
545,四川.柏大二线,220,四川.柏合.220.507,四川.大面铺.220.611,18826,21095,64,83
546,四川.桃柏一线,220,四川.柏合.220.507,四川.桃乡.220.4710,17602,20522,64,402
547,四川.桃柏二线,220,四川.柏合.220.507,四川.桃乡.220.4710,18827,20523,64,402
548,四川.龙同一线,220,四川.龙王.220.1614,四川.大同.220.5204,18098,21099,174,532
549,四川.龙同二线,220,四川.龙王.220.1614,四川.大同.220.5204,18108,21100,174,532
550,四川.同古二线,220,四川.大同.220.5204,四川.古城.220.953,21101,17849,532,119
551,四川.复盖线,220,四川.盖家坪.220.932,四川.复兴.220.437,17821,17818,111,45
552,四川.河坪线,220,四川.施家坪.220.2299,四川.河门口厂.220.5225,18296,937,208,536
553,四川.通复二线,220,四川.通川.220.4094,四川.复兴.220.437,19176,17817,394,45
554,四川.桃棉线,220,四川.桃乡.220.nd50276,四川.棉丰.220.nd50277,50276,50277,402,445
555,四川.向董线,220,四川.向义.220.5232,四川.董家湾.220.823,21141,17756,537,97
556,四川.向园北线,220,四川.向义.220.5232,四川.园湾.220.5039,21138,19485,537,451
557,四川.向园南线,220,四川.向义.220.5232,四川.园湾.220.5039,21137,19486,537,451
558,四川.茂槽线,220,四川.茂县.220.1759,四川.槽木.220.5214,18150,21142,181,533
559,四川.金槽线,220,四川.金龙潭厂.220.5139,四川.槽木.220.5214,19981,21146,483,533
560,四川.天坡一线,500,国调.南天站.500.1984,四川.东坡.500.786,18219,18784,192,93
561,四川.福雅线,220,四川.幸福.220.19765,四川.雅安.220.3368,21163,18576,540,271
562,四川.都福线,220,四川.小天都厂.220.19754,四川.幸福.220.5253,18521,21164,259,540
563,四川.昭郊线,220,四川.昭觉寺.220.3534,四川.东郊.220.4216,18680,21004,298,412
564,四川.岭新二线,220,四川.九岭.220.5260,四川.新市.220.460,21198,21092,541,48
565,四川.桑岭线,220,四川.桑枣.220.4247,四川.九岭.220.5260,19313,21200,416,541
566,四川.天坡二线,500,国调.南天站.500.1984,四川.东坡.500.786,21173,21172,192,93
567,四川.岭新一线,220,四川.九岭.220.5260,四川.新市.220.460,21199,18542,541,48
568,四川.核塘二线,220,四川.核桃村.220.19759,四川.塘坎街.220.19762,20915,19465,370,447
569,四川.侯塘一线,220,四川.武侯.220.nd50255,四川.塘坎街.220.nd50256,50255,50256,250,447
570,四川.蜀曹一线,220,四川.蜀州.220.2659,四川.曹家寺.220.5273,21242,21448,218,546
571,四川.蜀曹二线,220,四川.蜀州.220.2659,四川.曹家寺.220.5273,21241,21453,218,546
572,四川.天嘉一线,500,国调.南天站.500.1984,四川.嘉州.500.5287,21178,21264,192,550
573,四川.天嘉二线,500,国调.南天站.500.1984,四川.嘉州.500.5287,21176,21266,192,550
574,四川.嘉沐一线,500,四川.嘉州.500.5287,西南.沐溪站.500.5341,21261,21291,550,551
575,四川.嘉沐二线,500,四川.嘉州.500.5287,西南.沐溪站.500.5341,21263,21293,550,551
576,四川.沐叙二线,500,西南.沐溪站.500.5341,西南.叙府站.500.3215,21298,18567,551,268
577,四川.沐叙一线,500,西南.沐溪站.500.5341,西南.叙府站.500.3215,21300,18565,551,268
578,四川.永合线,220,四川.永郎.220.3431,四川.合力.220.5372,18612,21353,284,552
579,四川.石雅四线,500,四川.石棉.500.2469,四川.雅安.500.3364,18778,21311,214,273
580,四川.石雅三线,500,四川.石棉.500.2469,四川.雅安.500.3364,21314,18581,214,273
581,四川.窦河线,220,四川.窦团厂.220.5382,四川.河西.220.3884,21374,20685,558,365
582,四川.色茂一线,500,四川.色尔古.500.5386,四川.茂县.500.1756,21375,21396,559,180
583,四川.色茂二线,500,四川.色尔古.500.5386,四川.茂县.500.1756,21379,18158,559,180
584,四川.毛色线,500,四川.毛尔盖厂.500.5512,四川.色尔古.500.5386,935,21378,562,559
585,四川.叶薛线,110,四川.绿叶厂.110.nd50278,四川.薛城厂.110.nd20700,50278,20700,556,512
586,四川.石贵线,220,西南.石板箐站.220.2314,四川.五贵塘.220.4377,18303,21447,209,422
587,四川.楼芦线,110,四川.楼方厂.110.5518,四川.葫芦坝厂.110.1139,21438,21444,570,572
588,四川.雪江一线,220,四川.雪峰.220.5522,四川.洪江.220.1124,21460,17893,890,128
589,四川.雪江二线,220,四川.雪峰.220.5522,四川.洪江.220.1124,21461,21428,890,128
590,四川.昭雪一线,220,四川.昭化.220.4408,四川.雪峰.220.5522,19395,21464,429,890
591,四川.昭雪二线,220,四川.昭化.220.4408,四川.雪峰.220.5522,19396,21463,429,890
592,四川.袁雪线,220,四川.袁家坝.220.3490,四川.雪峰.220.5522,18648,21465,293,890
593,四川.昭赤一线,220,四川.昭化.220.4408,四川.赤化.220.584,19388,17654,429,78
594,四川.昭袁二线,220,四川.昭化.220.4408,四川.袁家坝.220.3490,19391,18649,429,293
595,四川.昭袁一线,220,四川.昭化.220.4408,四川.袁家坝.220.3490,19390,18650,429,293
596,四川.棉竹线,220,四川.新棉.220.3149,四川.竹马.220.5529,26024,21477,262,893
597,四川.竹越线,220,四川.竹马.220.5529,四川.越西.220.3497,21472,18656,893,294
598,四川.月爱二线,220,国调.月城站.220.3940,四川.爱民.220.5544,20959,21489,424,897
599,四川.月爱一线,220,国调.月城站.220.3940,四川.爱民.220.5544,20958,21488,424,897
600,四川.山水线,220,四川.二台山.220.878,四川.水磨.220.5557,18884,21497,101,899
601,四川.渠田二线,220,四川.渠县.220.nd50279,四川.长田.220.nd50280,50279,50280,391,454
602,四川.山彭二线,500,四川.尖山.500.1291,四川.彭祖.500.5570,19002,21527,144,904
603,四川.坡彭二线,500,四川.东坡.500.786,四川.彭祖.500.5570,18895,21525,93,904
604,四川.坡彭一线,500,四川.东坡.500.786,四川.彭祖.500.5570,17746,21524,93,904
605,四川.山彭一线,500,四川.尖山.500.1291,四川.彭祖.500.5570,19004,21526,144,904
606,四川.渠田一线,220,四川.渠县.220.nd50282,四川.长田.220.nd50281,50282,50281,391,454
607,四川.岩庄一线,220,四川.岩神山.220.4133,四川.庄上.220.5606,20861,21566,395,906
608,四川.岩庄二线,220,四川.岩神山.220.4133,四川.庄上.220.5606,20862,21565,395,906
609,四川.平福一线,220,四川.平春.220.2165,四川.福盛.220.5614,18237,21576,197,909
610,四川.福枣线,220,四川.福盛.220.5614,四川.枣树.220.3527,21575,18676,909,297
611,四川.锋福线,220,四川.先锋.220.nd50283,四川.福盛.220.5614,50283,21574,253,909
612,四川.汉音一线,220,四川.汉源.220.4901,四川.清音.220.5621,19414,21582,525,912
613,四川.汉音二线,220,四川.汉源.220.4901,四川.清音.220.5621,19415,21585,525,912
614,四川.音朱一线,220,四川.清音.220.5621,四川.朱坎.220.3557,21590,18704,912,301
615,四川.音朱二线,220,四川.清音.220.5621,四川.朱坎.220.3557,21587,18700,912,301
616,四川.祖锋一线,220,四川.彭祖.220.5582,四川.先锋.220.3102,21509,20639,902,253
617,四川.祖锋二线,220,四川.彭祖.220.5582,四川.先锋.220.3102,21530,18868,902,253
618,四川.昭赤二线,220,四川.昭化.220.4408,四川.赤化.220.584,19389,17647,429,78
619,四川.宝袁二线,220,四川.袁家坝.220.3490,四川.宝珠寺厂.220.543,18651,17625,293,72
620,四川.华巴线,220,四川.华山沟厂.220.5628,四川.巴郎口厂.220.3812,21602,20688,916,357
621,四川.乐劲一线,220,四川.富乐.220.3858,四川.劲松.220.5632,20903,21604,367,917
622,四川.乐劲二线,220,四川.富乐.220.3858,四川.劲松.220.5632,20904,21605,367,917
623,四川.宝劲线,220,四川.宝珠寺厂.220.543,四川.劲松.220.5632,17623,21608,72,917
624,四川.赤劲线,220,四川.赤化.220.584,四川.劲松.220.5632,17652,21609,78,917
625,四川.劲丰一线,220,四川.劲松.220.5632,四川.丰谷.220.920,21610,18766,917,108
626,四川.劲丰二线,220,四川.劲松.220.5632,四川.丰谷.220.920,21611,18765,917,108
627,四川.尖湾一线,220,四川.尖山.220.1296,四川.毛家湾.220.5639,17950,21620,142,920
628,四川.尖湾二线,220,四川.尖山.220.1296,四川.毛家湾.220.5639,17949,21621,142,920
629,四川.福回二线,220,四川.福堂坝厂.220.927,四川.回龙.220.446,17809,17927,110,46
630,四川.福回一线,220,四川.福堂坝厂.220.927,四川.回龙.220.446,17808,17926,110,46
631,四川.普洪三线,500,西南.普提站.500.2181,西南.洪沟站.500.990,18252,17885,201,127
632,四川.凤充线,220,四川.凤仪厂.220.5646,四川.南充.220.1823,21629,18196,924,189
633,四川.万凤线,220,四川.万和厂.220.3043,四川.凤仪厂.220.5646,18480,21628,246,924
634,四川.团马一线,220,四川.团结.220.5649,四川.马家.220.1749,21642,18136,926,179
635,四川.团马二线,220,四川.团结.220.5649,四川.马家.220.1749,21641,18135,926,179
636,四川.龙团一线,220,四川.龙王.220.1614,四川.团结.220.5649,18114,21643,174,926
637,四川.龙团二线,220,四川.龙王.220.1614,四川.团结.220.5649,18113,21644,174,926
638,四川.沙保线,220,四川.沙溪厂.220.5660,四川.保宁.220.531,21657,21656,930,68
639,四川.苏临一线,220,四川.苏场.220.5663,四川.临邛.220.1584,21668,21677,932,169
640,四川.苏临二线,220,四川.苏场.220.5663,四川.临邛.220.1584,21669,21676,932,169
641,四川.蜀苏二线,220,四川.蜀州.220.2659,四川.苏场.220.5663,21679,21671,218,932
642,四川.蜀苏一线,220,四川.蜀州.220.2659,四川.苏场.220.5663,21678,21670,218,932
643,四川.丹梓一线,220,四川.丹景.220.640,四川.梓桐.220.5686,26236,21680,53,935
644,四川.丹梓二线,220,四川.丹景.220.640,四川.梓桐.220.5686,20547,21681,53,935
645,四川.曹梓一线,220,四川.曹家寺.220.5273,四川.梓桐.220.5686,21449,21684,546,935
646,四川.曹梓二线,220,四川.曹家寺.220.5273,四川.梓桐.220.5686,21452,21682,546,935
647,四川.梓发一线,220,四川.梓桐.220.5686,四川.发展.220.897,21685,18832,935,105
648,四川.梓发二线,220,四川.梓桐.220.5686,四川.发展.220.897,21683,18831,935,105
649,四川.康甘一线,500,四川.康定.500.4147,四川.甘谷地.500.5695,19291,21692,399,938
650,四川.康甘二线,500,四川.康定.500.4147,四川.甘谷地.500.5695,19292,21694,399,938
651,四川.泸甘线,500,四川.泸定厂.500.5267,四川.甘谷地.500.5695,934,21695,544,938
652,四川.甘蜀一线,500,四川.甘谷地.500.5695,四川.蜀州.500.2649,21693,18947,938,217
653,四川.甘蜀二线,500,四川.甘谷地.500.5695,四川.蜀州.500.2649,21696,18945,938,217
654,四川.脚全线,220,四川.脚基坪厂.220.5722,四川.天全.220.4363,21698,19349,939,420
655,四川.九狮一线,35,四川.九架棚厂.35.nd21820,四川.狮子坪厂.35.nd21709,21820,21709,941,942
656,西南.里月一线,500,西南.木里站.500.5728,国调.月城站.500.3933,21782,19373,958,426
657,西南.里月二线,500,西南.木里站.500.5728,国调.月城站.500.3933,21787,19375,958,426
658,四川.乐向一线,220,四川.乐德.220.5925,四川.向义.220.5232,21713,21135,943,537
659,四川.乐向二线,220,四川.乐德.220.5925,四川.向义.220.5232,21712,21136,943,537
660,四川.桥乐二线,220,四川.桥沟.220.2250,四川.乐德.220.nd50284,18273,50284,202,943
661,四川.桥乐一线,220,四川.桥沟.220.2250,四川.乐德.220.nd50285,18272,50285,202,943
662,四川.景邡一线,500,四川.丹景.500.634,四川.什邡.500.5940,17715,21724,88,946
663,四川.景邡二线,500,四川.丹景.500.634,四川.什邡.500.5940,17713,21725,88,946
664,四川.谭邡一线,500,西南.谭家湾站.500.2846,四川.什邡.500.5940,18423,21720,56,946
665,四川.谭邡二线,500,西南.谭家湾站.500.2846,四川.什邡.500.5940,18422,21723,56,946
666,四川.丰高二线,220,四川.丰谷.220.920,四川.高桥.220.4595,17804,21728,108,379
667,四川.高动一线,220,四川.高桥.220.4595,四川.气动中心.220.6061,21727,21729,379,949
668,四川.高动二线,220,四川.高桥.220.4595,四川.气动中心.220.6061,21726,21730,379,949
669,四川.云为二线,220,四川.静云.220.1380,四川.犍为.220.6068,18007,21738,155,951
670,四川.云为一线,220,四川.静云.220.1380,四川.犍为.220.6068,18008,21737,155,951
671,四川.为桥一线,220,四川.犍为.220.6068,四川.桥沟.220.2250,21736,18804,951,202
672,四川.为桥二线,220,四川.犍为.220.6068,四川.桥沟.220.2250,21735,18944,951,202
673,四川.爱东二线,220,四川.爱国.220.467,四川.东坡.220.788,17568,21744,59,94
674,四川.邡云二线,220,四川.什邡.220.5941,四川.云西.220.3512,21751,18665,947,295
675,四川.邡云一线,220,四川.什邡.220.5941,四川.云西.220.3512,21750,18664,947,295
676,四川.邡古一线,220,四川.什邡.220.5941,四川.古城.220.953,21752,17852,947,119
677,四川.邡古二线,220,四川.什邡.220.5941,四川.古城.220.953,21753,17853,947,119
678,四川.邡井二线,220,四川.什邡.220.5941,四川.马井.220.5246,21749,21160,947,539
679,四川.邡井一线,220,四川.什邡.220.5941,四川.马井.220.5246,21748,21159,947,539
680,四川.财双线,220,四川.交财湾厂.220.6075,四川.双合.220.2781,21764,19746,955,220
681,四川.孟汶一线,220,四川.下孟.220.4385,四川.汶川.220.6078,19361,21777,423,957
682,四川.孟汶二线,220,四川.下孟.220.4385,四川.汶川.220.6078,19362,21778,423,957
683,四川.桃汶线,220,四川.桃坪厂.220.4898,四川.汶川.220.6078,19238,21776,409,957
684,四川.汶茂一线,220,四川.汶川.220.6078,四川.茂县.220.1759,21773,18145,957,181
685,四川.汶茂二线,220,四川.汶川.220.6078,四川.茂县.220.1759,21774,18144,957,181
686,四川.汶茂三线,220,四川.汶川.220.6078,四川.茂县.220.1759,21775,19309,957,181
687,四川.榆定一线,220,四川.榆林.220.6085,四川.康定.220.4158,21801,20488,961,397
688,四川.榆定二线,220,四川.榆林.220.6085,四川.康定.220.4158,21800,19089,961,397
689,四川.尖邓线,220,四川.尖山.220.1296,四川.邓双.220.6093,17952,21808,142,964
690,四川.雨邓线,220,四川.雨城厂.220.3476,四川.邓双.220.6093,18635,21807,289,964
691,四川.邓渡线,220,四川.邓双.220.6093,四川.徐家渡.220.19756,21809,18556,964,265
692,四川.同青线,220,四川.大同.220.5204,四川.青白江.220.5082,21102,19506,532,462
693,国调.月锦Ⅰ线,500,国调.月城站.500.3933,国调.锦屏换流站.500.240,19052,17408,426,15
694,国调.月锦Ⅱ线,500,国调.月城站.500.3933,国调.锦屏换流站.500.240,19372,17423,426,15
695,四川.西木线,220,四川.布西厂.220.6101,西南.木里站.220.5733,21823,21796,968,959
696,四川.朗木线,220,四川.茶布朗厂.220.6103,西南.木里站.220.5733,21850,21788,969,959
697,四川.跑烟线,220,四川.跑马坪厂.220.6117,四川.烟岗厂.220.6111,21841,21832,974,972
698,四川.烟西线,220,四川.烟岗厂.220.6111,四川.布西厂.220.6101,21831,21824,972,968
699,西南.城沐一线,500,国调.月城站.500.3933,西南.沐溪站.500.5341,19053,21299,426,551
700,西南.城沐二线,500,国调.月城站.500.3933,西南.沐溪站.500.5341,19371,21297,426,551
701,四川.垭江线,110,四川.三垭河厂.110.6119,四川.江边厂.110.4920,21883,19428,980,434
702,四川.桥石线,220,四川.永定桥.220.4674,四川.石化.220.6125,19689,21889,385,981
703,四川.回石线,220,四川.回龙.220.446,四川.石化.220.6125,21899,21888,46,981
704,四川.武昭线,500,四川.平武.500.6129,四川.昭化.500.4406,1334,19400,983,428
705,四川.乐武线,500,四川.富乐.500.3856,四川.平武.500.6129,18994,21902,369,983
706,西南.榄普一线,500,西南.橄榄站.500.6156,西南.普提站.500.19753,21905,18264,984,201
707,西南.二榄一线,500,西南.二滩厂.500.885,西南.橄榄站.500.6156,17760,21903,103,984
708,西南.泉榄一线,500,西南.甘泉站.500.6188,西南.橄榄站.500.6156,21908,21904,985,984
709,西南.石泉一线,500,西南.石板箐站.500.2311,西南.甘泉站.500.6188,22074,21907,211,985
710,西南.石泉二线,500,西南.石板箐站.500.2311,西南.甘泉站.500.6188,18313,21911,211,985
711,四川.范佛一线,220,四川.佛光.220.6309,四川.范坝.220.906,21923,17788,988,106
712,四川.范佛二线,220,四川.佛光.220.6309,四川.范坝.220.906,21922,17789,988,106
713,四川.水武一线,220,四川.水晶.220.6316,四川.平武.220.6130,22056,21931,993,991
714,四川.水武二线,220,四川.水晶.220.6316,四川.平武.220.6130,22057,21934,993,991
715,四川.武天一线,220,四川.平武.220.6130,四川.天明.220.2991,21932,21446,991,235
716,四川.武天二线,220,四川.平武.220.6130,四川.天明.220.2991,21933,24624,991,235
717,四川.阴武线,220,四川.阴坪厂.220.3809,四川.平武.220.6130,18861,21927,351,991
718,四川.泉岩二线,220,西南.甘泉站.220.6189,四川.岩神山.220.4133,21955,20859,986,395
719,四川.泉岩一线,220,西南.甘泉站.220.6189,四川.岩神山.220.4133,21954,19227,986,395
720,四川.泉马一线,220,西南.甘泉站.220.6189,四川.马店河.220.1742,21952,18129,986,178
721,四川.泉马二线,220,西南.甘泉站.220.6189,四川.马店河.220.1742,21953,23323,986,178
722,四川.州桥一线,220,四川.嘉州.220.5291,四川.桥沟.220.2250,21280,21924,548,202
723,四川.州桥二线,220,四川.嘉州.220.5291,四川.桥沟.220.2250,21279,21965,548,202
724,四川.州佛二线,220,四川.嘉州.220.5291,四川.佛光.220.6309,21272,21914,548,988
725,四川.州佛一线,220,四川.嘉州.220.5291,四川.佛光.220.6309,21271,21915,548,988
726,四川.竹色线,220,四川.竹格多厂.220.3567,四川.色尔古.220.5405,18707,21384,304,560
727,四川.桃圣一线,220,四川.桃乡.220.4710,四川.三圣.220.6323,20520,21975,402,994
728,四川.桃圣二线,220,四川.桃乡.220.4710,四川.三圣.220.6323,20521,21972,402,994
729,四川.大圣二线,220,四川.大面铺.220.611,四川.三圣.220.6323,17679,21974,83,994
730,四川.大圣一线,220,四川.大面铺.220.611,四川.三圣.220.6323,17678,21971,83,994
731,四川.圣石一线,220,四川.三圣.220.6323,四川.石羊.220.5280,21973,21256,994,547
732,四川.圣石二线,220,四川.三圣.220.6323,四川.石羊.220.5280,21976,21255,994,547
733,四川.沫竹二线,220,四川.沫水.220.1810,四川.黑竹沟.220.6333,21981,21978,186,999
734,四川.沫竹一线,220,四川.沫水.220.1810,四川.黑竹沟.220.6333,21982,21977,186,999
735,四川.棉安一线,220,四川.棉丰.220.5020,四川.普安.220.6340,22037,21987,445,1000
736,四川.棉安二线,220,四川.棉丰.220.5020,四川.普安.220.6340,22036,21986,445,1000
737,四川.文安二线,220,四川.文峰.220.6347,四川.普安.220.6340,21991,21984,1005,1000
738,四川.文安一线,220,四川.文峰.220.6347,四川.普安.220.6340,21992,21985,1005,1000
739,四川.天文一线,220,四川.天星.220.4370,四川.文峰.220.6347,21998,21993,421,1005
740,四川.天文二线,220,四川.天星.220.4370,四川.文峰.220.6347,22008,21994,421,1005
741,四川.黄星二线,220,西南.黄岩站.220.1145,四川.金星.220.6354,22006,22002,55,1006
742,四川.黄星一线,220,西南.黄岩站.220.1145,四川.金星.220.6354,20379,22003,55,1006
743,四川.巴永线,110,四川.巴溪厂.110.nd22009,四川.六六六.110.nd22026,22009,22026,1009,768
744,四川.湾铜一线,220,四川.毛家湾.220.5639,四川.铜牌.220.6366,21619,22044,920,1013
745,四川.湾铜二线,220,四川.毛家湾.220.5639,四川.铜牌.220.6366,21618,22045,920,1013
746,四川.顺铜一线,220,四川.长顺.220.574,四川.铜牌.220.6366,22062,22046,77,1013
747,四川.顺铜二线,220,四川.长顺.220.574,四川.铜牌.220.6366,22063,22047,77,1013
748,四川.山越一线,220,四川.越西.220.3497,四川.冕山.220.1804,18655,18176,294,185
749,四川.越尔二线,220,四川.越西.220.3497,四川.尔足.220.6373,22064,22066,294,1018
750,四川.越尔一线,220,四川.越西.220.3497,四川.尔足.220.19770,22065,22067,294,1018
751,四川.山越二线,220,四川.越西.220.3497,四川.冕山.220.1804,22072,18177,294,185
752,四川.洪滨线,10,四川.洪坝厂.10.nd50286,四川.滨东厂.10.nd50287,50286,50287,1019,74
753,四川.锋邓线,220,四川.先锋.220.nd50288,四川.邓双.220.6093,50288,21810,253,964
754,四川.普西一线,220,西南.普提站.220.2195,四川.越西.220.3497,22079,22076,199,294
755,四川.普西二线,220,西南.普提站.220.2195,四川.越西.220.3497,22080,22075,199,294
756,四川.小岩线,110,四川.小河厂.110.6389,四川.丰岩堡厂.110.6384,22110,22094,1024,1021
757,四川.岩水线,220,四川.丰岩堡厂.220.6383,四川.水晶.220.6316,22092,22054,1020,993
758,四川.云古二线,220,四川.云西.220.nd50289,四川.古城.220.nd50290,50289,50290,295,119
759,四川.景谭二线,500,西南.谭家湾站.500.nd50292,四川.丹景.500.nd50295,50292,50295,56,88
760,四川.景谭一线,500,西南.谭家湾站.500.nd50293,四川.丹景.500.nd50296,50293,50296,56,88
761,国调.复奉直流极1线路,500,国调.复龙换流直流部分.500.35,重庆.宝鸡等值虚厂.500.366,28020,28022,2,38
762,国调.复奉直流极2线路,500,国调.复龙换流直流部分.500.36,重庆.宝鸡等值虚厂.500.367,28021,28023,2,38
763,国调.复奉直流极二二线,500,国调.复龙换流直流部分.500.36,国调.复龙换流站.500.2,28021,17380,2,1
764,国调.复奉直流极二一线,500,国调.复龙换流直流部分.500.36,国调.复龙换流站.500.2,28021,17375,2,1
765,国调.复奉直流极一二线,500,国调.复龙换流直流部分.500.35,国调.复龙换流站.500.2,28020,17382,2,1
766,国调.复奉直流极一一线,500,国调.复龙换流直流部分.500.35,国调.复龙换流站.500.2,28020,17389,2,1
767,四川.杉铁一线,35,四川.杉树坪厂.35.6581,四川.铁厂河厂.35.3006,22341,7849,1155,470
768,四川.杉铁二线,35,四川.杉树坪厂.35.6583,四川.铁厂河厂.35.3006,22342,7850,1155,470
769,四川.杉铁三线,35,四川.杉树坪厂.35.19772,四川.铁厂河厂.35.3006,22347,7851,1155,470
770,四川.叙洪线,500,西南.叙府站.500.nd50291,西南.洪沟站.500.nd50294,50291,50294,268,127
771,四川.拟中线,110,四川.马拟厂.110.nd22150,四川.中山厂.110.nd22909,22150,22909,1079,1218
772,四川.坡兴线,110,四川.英雄坡厂.110.nd22435,四川.小兴场厂.110.nd22619,22435,22619,1180,1219
773,四川.赵雅线,110,四川.赵家山厂.110.nd22378,四川.雅家埂厂.110.nd22800,22378,22800,1169,1220
774,四川.雅沙线,110,四川.沙嘴厂.110.nd22468,四川.雅家埂厂.110.nd22801,22468,22801,1184,1220
775,四川.乐昭二线,500,四川.富乐.500.nd50297,四川.昭化.500.nd50298,50297,50298,369,428
776,四川.汉朱一线_old,220,四川.汉源.220.nd50299,四川.朱坎.220.nd50300,50299,50300,525,301
777,四川.汉朱二线_old,220,四川.汉源.220.nd50301,四川.朱坎.220.nd50302,50301,50302,525,301
778,四川.洼德线,110,四川.洼垴厂.110.nd50303,四川.德昌风电厂.110.nd50304,50303,50304,1172,1323
779,四川.泸蜀线,500,四川.泸定厂.500.nd50305,四川.蜀州.500.nd50306,50305,50306,544,217
780,四川.红坝线,110,四川.红叶厂.110.nd50307,四川.龙日坝厂.110.nd50308,50307,50308,478,1210
781,四川.共磨线,110,四川.共和厂.110.nd23085,四川.磨西厂.110.nd23084,23085,23084,1345,1091
782,四川.大客线,220,四川.大面铺.220.611,四川.东客牵引站.220.19775,17677,23101,83,1349
783,四川.蓉客线,220,四川.蓉东.220.nd50309,四川.东客牵引站.220.nd50310,50309,50310,204,1349
784,国调.长南Ⅰ线,1000,国调.长治站.1000.nd50156,国调.南阳.1000.nd50157,50156,50157,6,7
785,国调.南荆Ⅰ线,1000,国调.南阳.1000.nd50158,国调.荆门.1000.nd50159,50158,50159,7,8
786,四川.松内线,110,四川.上松厂.110.nd23156,四川.下松厂.110.nd23165,23156,23165,1364,1366
787,四川.下杵线,110,四川.下松厂.110.nd23166,四川.杵坝厂.110.nd23173,23166,23173,1366,1363
788,四川.新永线,220,四川.新马厂.220.7133,四川.永郎.220.3431,23209,23335,1373,284
789,四川.磨家线,110,四川.磨西厂.110.nd22158,四川.龚家河厂.110.nd23221,22158,23221,1091,1166
790,四川.祖镇一线,220,四川.彭祖.220.5582,四川.镇江.220.3545,21532,21594,902,299
791,四川.祖镇二线,220,四川.彭祖.220.5582,四川.镇江.220.3545,21531,21593,902,299
792,四川.祖枣二线,220,四川.彭祖.220.5582,四川.枣树.220.3527,21533,20633,902,297
793,四川.祖枣一线,220,四川.彭祖.220.5582,四川.枣树.220.3527,21534,20632,902,297
794,四川.祖福一线,220,四川.彭祖.220.5582,四川.福盛.220.5614,21516,21572,902,909
795,四川.祖福二线,220,四川.彭祖.220.5582,四川.福盛.220.5614,21517,21573,902,909
796,四川.叙丰一线,220,西南.叙府站.220.3219,四川.丰收.220.7169,20273,23301,266,1395
797,四川.叙丰二线,220,西南.叙府站.220.3219,四川.丰收.220.7169,20274,23302,266,1395
798,国调.东锦Ⅰ线,500,国调.锦东厂.500.263,国调.锦屏换流站.500.240,17438,17420,18,15
799,国调.东锦Ⅱ线,500,国调.锦东厂.500.263,国调.锦屏换流站.500.240,17435,17421,18,15
800,四川.茶威一线,220,四川.茶山.220.566,四川.川威.220.7179,23347,23341,76,1403
801,国调.东天一线,500,国调.锦东厂.500.263,国调.南天站.500.1984,17430,18221,18,192
802,国调.东天二线,500,国调.锦东厂.500.263,国调.南天站.500.1984,17427,23430,18,192
803,四川.沙孟线,220,四川.沙坝.220.7186,四川.下孟.220.4385,23361,20922,1404,423
804,西南.泉榄二线,500,西南.甘泉站.500.6188,西南.橄榄站.500.6156,21910,23467,985,984
805,四川.田尔线,220,四川.玉田厂.220.7193,四川.尔足.220.6373,23384,23399,1408,1018
806,四川.俄垭线,110,四川.俄尔厂.110.nd23400,四川.三垭河厂.110.6119,23400,21884,1410,980
807,四川.洪内一线,500,西南.洪沟站.500.990,四川.内江.500.7203,17881,23423,127,1412
808,四川.洪内二线,500,西南.洪沟站.500.990,四川.内江.500.7203,17878,23424,127,1412
809,四川.内凉一线,220,四川.内江.220.7208,四川.凉水井.220.1565,23409,18053,1413,166
810,四川.内凉二线,220,四川.内江.220.7208,四川.凉水井.220.1565,23410,18054,1413,166
811,四川.白内一线,220,四川.白马新厂.220.488,四川.内江.220.7208,17585,23412,62,1413
812,四川.白内二线,220,四川.白马新厂.220.488,四川.内江.220.7208,17584,23413,62,1413
813,四川.内董一线,220,四川.内江.220.7208,四川.董家湾.220.823,23414,23525,1413,97
814,四川.内董二线,220,四川.内江.220.7208,四川.董家湾.220.823,23415,23524,1413,97
815,四川.内寿一线,220,四川.内江.220.7208,四川.寿溪桥.220.2634,23411,18336,1413,215
816,四川.云内线,500,四川.云潭二期.500.7363,四川.内江.500.7203,1354,23426,1415,1412
817,四川.遂清一线,220,四川.遂宁.220.4256,四川.清河.220.7365,21032,23447,418,1425
818,四川.遂清二线,220,四川.遂宁.220.4256,四川.清河.220.7365,21033,23448,418,1425
819,四川.州化二线,220,四川.达州.220.4444,四川.化工园.220.7372,20254,23453,376,1458
820,四川.州化一线,220,四川.达州.220.4444,四川.化工园.220.7372,20253,23454,376,1458
821,四川.龙荆二线,220,四川.龙头.220.1604,四川.北荆坝.220.552,23465,19705,173,73
822,四川.资内一线,500,西南.资阳站.500.4744,四川.内江.500.7203,19233,23425,407,1412
823,四川.资内二线,500,西南.资阳站.500.4744,四川.内江.500.7203,19235,23422,407,1412
824,四川.木岩线,35,四川.木瓜墩厂.35.nd12211,四川.丰岩堡厂.35.6385,12211,22102,1463,1022
825,西南.榄普二线,500,西南.橄榄站.500.6156,西南.普提站.500.19752,23466,18263,984,201
826,西南.二榄二线,500,西南.二滩厂.500.885,西南.橄榄站.500.6156,17770,23477,103,984
827,四川.榄林一线,220,西南.橄榄站.220.nd50311,四川.桐子林.220.nd50312,50311,50312,1471,241
828,四川.榄林二线,220,西南.橄榄站.220.nd50313,四川.桐子林.220.nd50314,50313,50314,1471,241
829,四川.榄合一线,220,西南.橄榄站.220.6157,四川.合力.220.5372,23482,21351,1471,552
830,四川.榄合二线,220,西南.橄榄站.220.6157,四川.合力.220.5372,23483,21350,1471,552
831,四川.榄合三线,220,西南.橄榄站.220.6157,四川.合力.220.5372,23484,21349,1471,552
832,四川.榄青线,220,西南.橄榄站.220.6157,四川.青龙山.220.2261,23479,19686,1471,203
833,四川.扎色一线,220,四川.扎窝.220.19782,四川.色尔古.220.5405,23498,21387,1480,560
834,四川.扎色二线,220,四川.扎窝.220.7385,四川.色尔古.220.5405,23497,21388,1480,560
835,四川.蜀驾一线,220,四川.蜀州.220.2659,四川.驾青桥.220.7402,23514,23552,218,1486
836,四川.蜀驾二线,220,四川.蜀州.220.2659,四川.驾青桥.220.7402,23515,23548,218,1486
837,四川.奥瑞线,220,四川.奥光-old.220.nd23517,四川.瑞能.220.nd50315,23517,50315,1487,381
838,四川.东奥线,220,四川.东坡.220.nd50316,四川.奥光-old.220.nd23516,50316,23516,94,1487
839,四川.多黑线,220,四川.多诺厂.220.7421,四川.黑河塘厂.220.988,23527,17870,1489,124
840,四川.全荥一线,220,四川.天全.220.4363,四川.荥经.220.7423,19346,23536,420,1491
841,四川.全荥二线,220,四川.天全.220.4363,四川.荥经.220.7423,19347,23537,420,1491
842,四川.观鱼一线,220,四川.观胜.220.7436,四川.鱼凫.220.3465,23555,18629,1501,287
843,四川.观鱼二线,220,四川.观胜.220.7436,四川.鱼凫.220.3465,23554,18630,1501,287
844,四川.蜀观一线,220,四川.蜀州.220.2659,四川.观胜.220.7436,18349,23556,218,1501
845,四川.蜀观二线,220,四川.蜀州.220.2659,四川.观胜.220.7436,18350,23557,218,1501
846,四川.路茂一线,500,四川.路平.500.7443,四川.茂县.500.1756,23564,21397,1504,180
847,四川.路茂二线,500,四川.路平.500.7443,四川.茂县.500.1756,23563,23581,1504,180
848,四川.会家一线,220,四川.会东.220.1267,四川.杜家湾.220.7592,23590,23584,137,1507
849,四川.会家二线,220,四川.会东.220.1267,四川.杜家湾.220.7592,23589,23585,137,1507
850,四川.草观一线,220,四川.草池.220.4212,四川.观井.220.7618,23642,23635,411,1514
851,四川.草观二线,220,四川.草池.220.4212,四川.观井.220.7618,23641,23636,411,1514
852,四川.雅色线,220,四川.雅都厂.220.3800,四川.色尔古.220.5405,18846,21381,345,560
853,四川.口达线,500,四川.亭子口厂.500.nd50317,四川.达州.500.nd50318,50317,50318,1519,378
854,四川.路槽一线,220,四川.路平.220.7444,四川.槽木.220.5214,23569,21144,1505,533
855,四川.路槽二线,220,四川.路平.220.7444,四川.槽木.220.5214,23568,21145,1505,533
856,四川.路东二线,220,四川.路平.220.7444,四川.东兴.220.3894,23572,19036,1505,366
857,四川.路东一线,220,四川.路平.220.7444,四川.东兴.220.3894,23573,19035,1505,366
858,四川.庙路二线,220,四川.庙坪.220.5239,四川.路平.220.7444,21158,23570,538,1505
859,四川.庙路一线,220,四川.庙坪.220.5239,四川.路平.220.7444,21157,23571,538,1505
860,国调.西锦Ⅰ线,500,国调.锦西厂.500.296,国调.锦屏换流站.500.240,17546,17412,24,15
861,国调.西锦Ⅱ线,500,国调.锦西厂.500.296,国调.锦屏换流站.500.240,17543,17413,24,15
862,国调.西锦Ⅲ线,500,国调.锦西厂.500.296,国调.锦屏换流站.500.240,17540,17416,24,15
863,四川.月周一线,220,国调.月城站.220.3940,四川.周家堡.220.19784,20956,23689,424,1527
864,四川.月周二线,220,国调.月城站.220.3940,四川.周家堡.220.7636,20957,23688,424,1527
865,四川.乐轮一线,220,四川.富乐.220.3858,四川.涡轮院.220.7631,20902,23700,367,1522
866,四川.毛江线,220,四川.毛滩厂.220.7643,四川.夹江.220.1277,23701,19778,1536,140
867,四川.茶威二线,220,四川.茶山.220.566,四川.川威.220.7179,18786,23342,76,1403
868,四川.德周线,220,四川.德昌风电厂.220.6810,四川.周家堡.220.19784,23734,23764,1543,1527
869,四川.丹金一线,220,四川.丹巴.220.7654,四川.小金.220.7681,23779,23796,1576,1581
870,四川.丹金二线,220,四川.丹巴.220.7654,四川.小金.220.7681,23780,23795,1576,1581
871,四川.牛丹线,220,四川.吉牛厂.220.7646,四川.丹巴.220.7654,23768,23778,1574,1576
872,四川.丹康一线,500,四川.丹巴.500.nd50319,四川.康定.500.nd50320,50319,50320,1578,399
873,四川.丹康二线,500,四川.丹巴.500.nd50321,四川.康定.500.nd50322,50321,50322,1578,399
874,四川.回双线,220,四川.回龙.220.446,四川.双马.220.7693,23523,23810,46,1584
875,四川.源双线,220,四川.聚源.220.1551,四川.双马.220.7693,23816,23812,58,1584
876,四川.碉色线,220,四川.石碉楼厂.220.7700,四川.色尔古.220.5405,23827,21386,1589,560
877,四川.井双一线,220,四川.马井.220.5246,四川.双福.220.8011,23872,23860,539,1595
878,四川.井双二线,220,四川.马井.220.5246,四川.双福.220.8011,23873,23861,539,1595
879,四川.古双一线,220,四川.古城.220.953,四川.双福.220.8011,17848,23866,119,1595
880,四川.古双二线,220,四川.古城.220.953,四川.双福.220.8011,17847,23867,119,1595
881,四川.双五一线,220,四川.双福.220.8011,四川.五里堆.220.3070,23864,18500,1595,251
882,四川.双五二线,220,四川.双福.220.8011,四川.五里堆.220.3070,23865,18501,1595,251
883,四川.宁洛一线,220,四川.宁朗厂.220.8026,四川.水洛.220.7733,23896,23876,1603,1601
884,四川.宁洛二线,220,四川.宁朗厂.220.8026,四川.水洛.220.7733,23897,23880,1603,1601
885,四川.水里二线,500,四川.水洛.500.7715,西南.木里站.500.5728,23888,21786,1604,958
886,四川.水里一线,500,四川.水洛.500.7715,西南.木里站.500.5728,23891,21785,1604,958
887,四川.泉富一线,220,西南.甘泉站.220.6189,四川.富邦.220.nd23892,23946,23892,986,1606
888,四川.泉富二线,220,西南.甘泉站.220.6189,四川.富邦.220.nd23893,23947,23893,986,1606
889,四川.撒宁线,220,四川.撒多厂.220.8029,四川.宁朗厂.220.8026,23909,23898,1609,1603
890,四川.燃化一线,220,四川.达州燃机厂.220.8033,四川.化工园.220.7372,24067,23922,1612,1458
891,四川.燃化二线,220,四川.达州燃机厂.220.8033,四川.化工园.220.7372,24068,23921,1612,1458
892,四川.燃州线,220,四川.达州燃机厂.220.8033,四川.达州.220.4444,24069,20255,1612,376
893,四川.乡水一线,500,四川.乡城.500.7879,四川.水洛.500.7715,23942,24012,1616,1604
894,四川.海亚线,220,四川.海虹厂.220.nd17867,四川.其亚.220.nd18763,17867,18763,122,50
895,四川.乡水二线,500,四川.乡城.500.7879,四川.水洛.500.7715,23945,24010,1616,1604
896,四川.泉瑞一线,220,西南.甘泉站.220.6189,四川.瑞钢.220.8037,21949,23963,986,1620
897,四川.泉瑞二线,220,西南.甘泉站.220.6189,四川.瑞钢.220.8037,21950,23964,986,1620
898,四川.俄木线,220,四川.俄公堡厂.220.8040,西南.木里站.220.5733,23952,21789,1626,959
899,四川.邡秋一线,220,四川.什邡.220.5941,四川.秋月.220.8043,21746,23969,947,1630
900,四川.邡秋二线,220,四川.什邡.220.5941,四川.秋月.220.8043,21747,23970,947,1630
901,四川.新秋一线,220,四川.新市.220.460,四川.秋月.220.8043,18545,23971,48,1630
902,四川.新秋二线,220,四川.新市.220.460,四川.秋月.220.8043,18546,23972,48,1630
903,四川.昭苍线,220,四川.昭化.220.4408,四川.苍溪.220.8001,19397,23977,429,1633
904,四川.苍江线,220,四川.苍溪.220.8001,四川.洪江.220.1124,23978,21427,1633,128
905,四川.元热线,110,四川.天元厂.110.nd23995,四川.热水塘厂.110.nd24020,23995,24020,1638,1640
906,四川.昌山二线,220,四川.西昌.220.nd50323,四川.冕山.220.nd50324,50323,50324,252,185
907,四川.邡付线,220,四川.什邡.220.5941,四川.付家牵引站.220.10122,24029,24600,947,1818
908,四川.木金线,220,四川.木坡厂.220.nd50325,四川.小金.220.nd50326,50325,50326,1645,1581
909,四川.木龙线,220,四川.木座厂.220.19750,四川.龙安厂.220.8473,18189,24048,188,1647
910,四川.龙武线,220,四川.龙安厂.220.8473,四川.平武.220.6130,24049,21928,1647,991
911,四川.曲桑线,220,四川.曲山.220.8476,四川.桑枣.220.4247,24052,19316,1650,416
912,四川.河曲线,220,四川.河西.220.3884,四川.曲山.220.8476,19026,24053,365,1650
913,四川.东曲线,220,四川.东兴.220.3894,四川.曲山.220.8476,19034,24056,366,1650
914,四川.曲安线,220,四川.曲山.220.8476,四川.安县.220.481,24054,17578,1650,61
915,四川.宝枣线,220,四川.宝飞.220.8482,四川.枣树.220.3527,24061,18677,1653,297
916,四川.东飞线,220,四川.东坡.220.788,四川.宝飞.220.8482,17732,24060,94,1653
917,四川.伊普线,220,四川.伊达厂.220.8489,西南.普提站.220.2195,24082,24388,1659,199
918,四川.桃双一线,220,四川.桃乡.220.4710,四川.双桥子.220.8840,20518,24085,402,1662
919,四川.桃双二线,220,四川.桃乡.220.4710,四川.双桥子.220.19787,20519,24086,402,1662
920,四川.杨双一线,220,四川.杨胡.220.8864,四川.双堰.220.2789,24091,18372,1665,222
921,四川.杨双二线,220,四川.杨胡.220.8864,四川.双堰.220.2789,24092,18373,1665,222
922,四川.大杨二线,220,四川.大方.220.592,四川.杨胡.220.8864,17660,24093,79,1665
923,四川.大杨一线,220,四川.大方.220.592,四川.杨胡.220.8864,17661,24094,79,1665
924,四川.硕乡一线,220,四川.硕中厂.220.8870,四川.乡城.220.7883,24098,24004,1668,1617
925,四川.硕乡二线,220,四川.硕中厂.220.8870,四川.乡城.220.7883,24099,24003,1668,1617
926,四川.蓬仪线,220,四川.蓬安.220.8879,四川.仪陇.220.3410,24131,18599,1672,280
927,四川.充蓬一线,220,四川.南充.220.1823,四川.蓬安.220.8879,18195,24132,189,1672
928,四川.充蓬二线,220,四川.南充.220.1823,四川.蓬安.220.8879,24387,24133,189,1672
929,四川.丰屏线,220,四川.屏山.220.2173,四川.丰收.220.7169,18244,26586,198,1395
930,四川.寿五一线,220,四川.寿丰.220.8892,四川.五里堆.220.3070,24146,18504,1679,251
931,四川.寿五二线,220,四川.寿丰.220.8892,四川.五里堆.220.3070,24147,18503,1679,251
932,四川.谭寿一线,220,西南.谭家湾站.220.2851,四川.寿丰.220.8892,18415,24144,230,1679
933,四川.谭寿二线,220,西南.谭家湾站.220.2851,四川.寿丰.220.8892,18416,24145,230,1679
934,国调.宾复Ⅰ线,500,国调.宜宾换流.500.8912,国调.复龙换流站.500.2,24198,17373,1685,1
935,四川.尖文渡线,220,四川.尖山.220.1296,四川.徐家渡.220.19756,18893,18815,142,265
936,西南.宾叙一线,500,国调.宜宾换流.500.8912,西南.叙府站.500.3215,24183,20250,1685,268
937,西南.宾叙二线,500,国调.宜宾换流.500.8912,西南.叙府站.500.3215,24186,18987,1685,268
938,四川.丹连一线,220,四川.丹景.220.640,四川.连封.220.8950,24219,24212,53,1696
939,四川.丹连二线,220,四川.丹景.220.640,四川.连封.220.8950,24220,24211,53,1696
940,四川.连桥一线,220,四川.连封.220.8950,四川.永定桥.220.4674,24213,24109,1696,385
941,四川.连桥二线,220,四川.连封.220.8950,四川.永定桥.220.4674,24214,24108,1696,385
942,四川.康蜀三线,500,四川.康定.500.4147,四川.蜀州.500.2649,24243,18362,399,217
943,四川.康蜀四线,500,四川.康定.500.4147,四川.蜀州.500.2649,24246,18360,399,217
944,四川.木盐线,220,西南.木里站.220.5733,四川.盐源.220.8855,21793,24247,959,1710
945,四川.孜高线,220,四川.孜岩.220.nd50327,四川.高石.220.nd50328,50327,50328,305,386
946,四川.飞雅线,220,四川.飞仙关厂.220.9593,四川.雅安.220.3368,24259,20327,1714,271
947,四川.中达一线,500,四川.巴中.500.9601,四川.达州.500.4442,24254,19201,1713,378
948,四川.中达二线,500,四川.巴中.500.9601,四川.达州.500.4442,24257,19202,1713,378
949,四川.亭中线,500,四川.亭子口厂.500.7625,四川.巴中.500.9601,1467,24258,1519,1713
950,四川.巴复二线,220,四川.巴中.220.nd50329,四川.复兴.220.nd50330,50329,50330,1718,45
951,四川.巴复一线,220,四川.巴中.220.nd50331,四川.复兴.220.nd50332,50331,50332,1718,45
952,四川.巴文二线,220,四川.巴中.220.9602,四川.兴文.220.3174,24271,18860,1718,263
953,四川.巴文一线,220,四川.巴中.220.9602,四川.兴文.220.3174,24272,18859,1718,263
954,四川.巴观二线,220,四川.巴中.220.9602,四川.观井.220.7618,24274,24329,1718,1514
955,四川.巴观一线,220,四川.巴中.220.9602,四川.观井.220.7618,24273,24328,1718,1514
956,四川.鲁拉线,110,四川.鲁南厂.110.9344,四川.拉马厂.110.8958,24232,24225,1706,1700
957,四川.拉会线,220,四川.拉马厂.220.8957,四川.会东.220.1267,24221,24295,1699,137
958,四川.斜踏线,220,四川.斜卡厂.220.9763,四川.踏卡厂.220.4931,24296,20929,1722,439
959,四川.永向一线,220,四川.永安.220.9768,四川.向义.220.5232,24312,21139,1724,537
960,四川.永向二线,220,四川.永安.220.9768,四川.向义.220.5232,24313,21140,1724,537
961,四川.白安二线,220,四川.白马新厂.220.488,四川.永安.220.9768,17582,24310,62,1724
962,四川.白安一线,220,四川.白马新厂.220.488,四川.永安.220.9768,17583,24311,62,1724
963,四川.跑卡线,220,四川.跑马坪厂.220.6117,四川.卡拉.220.9837,24318,24319,974,1762
964,四川.卡杨线,220,四川.卡拉.220.9837,四川.杨房沟.220.9830,24320,24324,1762,1763
965,四川.铜武一线,220,四川.铜堡.220.3026,四川.武胜.220.9775,18839,24365,54,1735
966,四川.铜武二线,220,四川.铜堡.220.3026,四川.武胜.220.9775,18840,24366,54,1735
967,四川.汉江线,220,四川.汉阳厂.220.9785,四川.夹江.220.1277,24330,24347,1736,140
968,四川.河定线,220,四川.两河口.220.9791,四川.康定.220.4158,24348,19088,1738,397
969,四川.下河线,220,四川.下索子厂.220.3830,四川.两河口.220.9791,18950,24349,361,1738
970,四川.三德线,110,四川.三奥厂.110.9792,四川.德美厂.110.7070,24352,23043,1741,1334
971,四川.平福二线,220,四川.平春.220.2165,四川.福盛.220.5614,18238,21571,197,909
972,四川.卧盐线,220,四川.卧罗桥厂.220.9788,四川.盐源.220.8855,24372,24253,1747,1710
973,四川.磨桑线,220,四川.磨家梁.220.9795,四川.桑枣.220.4247,24381,19315,1749,416
974,四川.永磨线,220,四川.永兴.220.3446,四川.磨家梁.220.9795,18621,24380,285,1749
975,四川.龙万一线,220,四川.龙王.220.1614,四川.万福.220.9802,18112,24398,174,1752
976,四川.龙万二线,220,四川.龙王.220.1614,四川.万福.220.9802,18111,24397,174,1752
977,四川.堂福一线,220,四川.金堂厂.220.1358,四川.万福.220.9802,17988,24395,152,1752
978,四川.堂福二线,220,四川.金堂厂.220.1358,四川.万福.220.9802,17989,24396,152,1752
979,四川.坪庄线,220,四川.施家坪.220.nd50343,四川.庄上.220.nd50344,50343,50344,208,906
980,四川.郭发一线,220,四川.郭家堰.220.9809,四川.发展.220.897,24416,17784,1757,105
981,四川.郭发二线,220,四川.郭家堰.220.9809,四川.发展.220.897,24417,17785,1757,105
982,四川.鱼郭二线,220,四川.鱼凫.220.nd50345,四川.郭家堰.220.nd50346,50345,50346,287,1757
983,四川.鱼郭一线,220,四川.鱼凫.220.nd50347,四川.郭家堰.220.nd50348,50347,50348,287,1757
984,四川.充汉一线,220,四川.南充.220.1823,四川.汉塘.220.9855,24436,24430,189,1768
985,四川.充汉二线,220,四川.南充.220.1823,四川.汉塘.220.9855,24437,24431,189,1768
986,四川.林安线,220,四川.桐子林.220.3017,四川.安宁.220.9862,18464,24438,241,1771
987,四川.榄安一线,220,西南.橄榄站.220.6157,四川.安宁.220.9862,23496,24440,1471,1771
988,四川.榄安二线,220,西南.橄榄站.220.6157,四川.安宁.220.9862,23495,24439,1471,1771
989,四川.付双线,220,四川.双福.220.8011,四川.付家牵引站.220.10123,23863,24602,1595,1818
990,四川.永盐线,220,四川.永宁河厂.220.9869,四川.盐源.220.8855,24446,24252,1775,1710
991,四川.永长线,220,四川.永宁河厂.220.9869,四川.长柏厂.220.9876,24447,24456,1775,1777
992,四川.永甲线,220,四川.永宁河厂.220.9869,四川.甲米河二级厂.220.9879,24448,24462,1775,1778
993,四川.甲一线,110,四川.甲米河二级厂.110.9880,四川.甲米河一级厂.110.9884,24464,24475,1782,1783
994,四川.安天一线,220,四川.安谷厂.220.9844,国调.南天站.220.1999,24478,24501,1785,49
995,四川.安天二线,220,四川.安谷厂.220.9844,国调.南天站.220.1999,24479,24502,1785,49
996,西藏.澜邦Ⅱ线,110,西南.澜沧江站.110.9895,西藏.邦达.110.9908,24693,24562,1790,1794
997,西藏.澜邦Ⅰ线,110,西南.澜沧江站.110.9895,西藏.邦达.110.9908,24692,24561,1790,1794
998,西藏.澜玉Ⅰ线,220,西南.澜沧江站.220.9888,西藏.玉龙.220.9913,24658,24549,2452,1792
999,西藏.澜玉Ⅱ线,220,西南.澜沧江站.220.nd50349,西藏.玉龙.220.nd50350,50349,50350,2452,1792
1000,四川.塘澜一线,220,西南.巴塘站.220.nd50351,西南.澜沧江站.220.nd50352,50351,50352,1793,2452
1001,四川.塘澜二线,220,西南.巴塘站.220.nd50353,西南.澜沧江站.220.nd50354,50353,50354,1793,2452
1002,四川.甘桥二线,500,四川.甘谷地.500.5695,四川.新都桥.500.9978,24569,24525,938,1795
1003,四川.甘桥一线,500,四川.甘谷地.500.5695,四川.新都桥.500.9978,24568,24524,938,1795
1004,四川.新孜二线,220,四川.新都桥.220.9985,四川.甘孜.220.7138,24526,24540,1796,1377
1005,四川.新孜一线,220,四川.新都桥.220.9985,四川.甘孜.220.7138,24527,23235,1796,1377
1006,四川.新雅二线,220,四川.新都桥.220.9985,四川.雅江.220.10096,24529,24542,1796,1799
1007,四川.新雅一线,220,四川.新都桥.220.9985,四川.雅江.220.10096,24528,24543,1796,1799
1008,四川.新榆线,220,四川.新都桥.220.9985,四川.榆林.220.6085,24530,25879,1796,961
1009,四川.雅西线,220,四川.雅江.220.10096,四川.西地.220.5094,24541,20477,1799,463
1010,四川.高赖线,220,四川.高桥.220.4595,四川.赖家牵引站.220.10104,24559,24553,379,1806
1011,四川.谭赖线,220,西南.谭家湾站.220.2851,四川.赖家牵引站.220.10105,24560,24556,230,1806
1012,四川.乐迎线,220,四川.富乐.220.3858,四川.迎宾牵引站.220.10106,24567,24632,367,1810
1013,四川.镇通线,220,四川.镇江.220.3545,四川.通义牵引站.220.10121,18691,24596,299,1815
1014,四川.平通线,220,四川.平春.220.2165,四川.通义牵引站.220.10120,18239,24594,197,1815
1015,四川.州肖线,220,四川.嘉州.220.5291,四川.肖坝牵引站.220.10125,21269,24610,548,1819
1016,四川.天肖线,220,国调.南天站.220.1999,四川.肖坝牵引站.220.10124,20385,24609,49,1819
1017,四川.塘乡一线,500,西南.巴塘站.500.9921,四川.乡城.500.7879,26753,23944,2455,1616
1018,四川.塘乡二线,500,西南.巴塘站.500.9921,四川.乡城.500.7879,26756,26721,2455,1616
1019,四川.邓曾线,220,四川.邓双.220.6093,四川.曾坝牵引站.220.10126,24626,24628,964,1823
1020,四川.泸盘一线,220,西南.泸州站.220.3631,四川.罗盘山.220.10128,20460,24635,313,1824
1021,四川.泸盘二线,220,西南.泸州站.220.3631,四川.罗盘山.220.10128,20461,24634,313,1824
1022,四川.圣客线,220,四川.三圣.220.6323,四川.东客牵引站.220.7085,24640,23102,994,1349
1023,西藏.金澜一线,110,西藏.金河厂.110.10108,西南.澜沧江站.110.9895,24573,24690,1812,1790
1024,西藏.金澜二线,110,西藏.金河厂.110.10108,西南.澜沧江站.110.9895,24572,24691,1812,1790
1025,四川.拉塘线,220,四川.拉拉山厂.220.10146,西南.巴塘站.220.9922,24655,24678,1831,1793
1026,四川.天迎线,220,四川.天明.220.2991,四川.迎宾牵引站.220.10107,18445,24630,235,1810
1027,四川.哈登线,110,四川.哈雅沟厂.110.nd24708,四川.登棚沟厂.110.nd24716,24708,24716,1843,1753
1028,四川.托雅线,220,四川.康托厂.220.nd50355,四川.雅江.220.nd50356,50355,50356,1845,1799
1029,四川.茂樊一线,220,四川.茂县.220.1759,四川.樊江关.220.10157,18148,24725,181,1848
1030,四川.茂樊二线,220,四川.茂县.220.1759,四川.樊江关.220.10157,18149,24726,181,1848
1031,四川.杜格一线,220,四川.杜家湾.220.7592,四川.普格.220.10161,24737,24732,1507,1851
1032,西藏.澜昌Ⅰ线,110,西南.澜沧江站.110.9895,西藏.中心.110.10174,24688,24751,1790,1856
1033,西藏.澜昌Ⅱ线,110,西南.澜沧江站.110.nd50357,西藏.中心.110.nd50358,50357,50358,1790,1856
1034,西藏.昌柴线,110,西藏.中心.110.10174,西藏.柴维.110.10183,24750,1643,1856,1859
1035,西藏.青铜线,110,西藏.青泥洞.110.10196,西藏.铜业.110.nd1645,24758,1645,1863,1862
1036,西藏.柴青线,110,西藏.柴维.110.10183,西藏.青泥洞.110.10196,24746,24757,1859,1863
1037,西藏.玉青线,110,西藏.玉龙.110.9915,西藏.青泥洞.110.10196,24679,24759,1805,1863
1038,四川.关丹线,220,四川.关州厂.220.10187,四川.丹巴.220.7654,24762,23808,1869,1576
1039,四川.周格一线,220,四川.周家堡.220.7636,四川.普格.220.10161,24736,24733,1527,1851
1040,四川.石银坪南线,220,西南.石板箐站.220.nd50359,四川.施家坪.220.nd50360,50359,50360,209,208
1041,四川.火伊线,220,四川.火烈风电厂.220.10200,四川.伊达厂.220.8489,24779,24785,1871,1659
1042,四川.乡茨一线,220,四川.乡城.220.7883,四川.茨巫.220.10592,23932,24794,1617,1877
1043,四川.乡茨二线,220,四川.乡城.220.7883,四川.茨巫.220.10592,23933,24793,1617,1877
1044,四川.桃海线,220,四川.桃乡.220.4710,四川.海鸣.220.10606,20515,24801,402,1880
1045,四川.资海二线,220,西南.资阳站.220.4746,四川.海鸣.220.10606,19259,24802,405,1880
1046,四川.资海一线,220,西南.资阳站.220.4746,四川.海鸣.220.10606,19270,24803,405,1880
1047,西藏.澜高线,110,西南.澜沧江站.110.nd50361,西藏.高争.110.nd50362,50361,50362,1790,1884
1048,西藏.昌高线,110,西藏.中心.110.10174,西藏.高争.110.10615,24749,50363,1856,1884
1049,四川.全田一线,220,四川.全胜.220.10617,四川.长田.220.5048,24812,19717,1886,454
1050,四川.全田二线,220,四川.全胜.220.10617,四川.长田.220.5048,24811,19718,1886,454
1051,四川.渠全二线,220,四川.渠县.220.4117,四川.全胜.220.10617,19125,24813,391,1886
1052,四川.渠全一线,220,四川.渠县.220.4117,四川.全胜.220.10617,19141,24814,391,1886
1053,四川.雪明一线,220,四川.雪峰.220.5522,四川.明月峡.220.10624,21458,24959,890,1889
1054,四川.雪明二线,220,四川.雪峰.220.5522,四川.明月峡.220.10624,21459,24960,890,1889
1055,四川.桃应一线,220,四川.桃乡.220.4710,四川.应龙.220.10631,20516,24823,402,1890
1056,四川.桃应二线,220,四川.桃乡.220.4710,四川.应龙.220.10631,20517,24824,402,1890
1057,四川.白盐线,220,四川.白乌光伏厂.220.10641,四川.盐源.220.8855,24843,24842,1895,1710
1058,四川.铜唐线,220,四川.铜陵厂.220.11131,四川.唐元厂.220.11134,24847,24860,1897,1899
1059,四川.唐河线,220,四川.唐元厂.220.11134,四川.两河口.220.9791,24861,24360,1899,1738
1060,四川.龙陵一线,220,四川.龙王.220.1614,四川.十陵.220.11324,18105,24889,174,1906
1061,四川.龙陵二线,220,四川.龙王.220.1614,四川.十陵.220.11324,18104,24888,174,1906
1062,四川.大陵一线,220,四川.大面铺.220.611,四川.十陵.220.11324,17673,24890,83,1906
1063,四川.大陵二线,220,四川.大面铺.220.611,四川.十陵.220.11324,17674,24887,83,1906
1064,四川.卡里线,500,四川.卡基娃厂.500.11339,西南.木里站.500.5728,24895,24919,1909,958
1065,四川.溪九线,220,四川.溪古厂.220.11347,四川.九龙.220.1399,24922,20362,1914,157
1066,四川.国丹线,220,四川.国如厂.220.nd24936,四川.丹巴.220.7654,24936,23908,1917,1576
1067,四川.泸杨一线,220,西南.泸州站.220.3631,四川.杨桥.220.3391,20462,20788,313,274
1068,四川.泸杨二线,220,西南.泸州站.220.3631,四川.杨桥.220.3391,20463,20789,313,274
1069,四川.锋曾线,220,四川.先锋.220.3102,四川.曾坝牵引站.220.10127,18511,25049,253,1823
1070,四川.工腾线,110,四川.工棚厂.110.7176,四川.腾达厂.110.11427,23336,24974,1399,1924
1071,四川.榄禹一线,220,西南.橄榄站.220.6157,四川.禹王宫.220.18488,23480,26349,1471,2320
1072,四川.榄禹二线,220,西南.橄榄站.220.6157,四川.禹王宫.220.18488,23481,26350,1471,2320
1073,四川.若林一线,220,四川.若水厂.220.11471,四川.桐子林.220.3017,25004,19710,1931,241
1074,四川.若林二线,220,四川.若水厂.220.11471,四川.桐子林.220.3017,25003,19709,1931,241
1075,四川.野定线,220,四川.野牛厂.220.nd25027,四川.康定.220.nd50364,25027,50364,1935,397
1076,四川.巴野线,220,四川.巴郎口厂.220.nd50365,四川.野牛厂.220.nd25028,50365,25028,357,1935
1077,四川.色野线,110,四川.色玉厂.110.nd50366,四川.野牛厂.110.nd25033,50366,25033,1938,1936
1078,四川.角河线,220,四川.拉角沟厂.220.11843,四川.两河口.220.9791,25051,24361,1944,1738
1079,四川.纳九线,500,四川.纳日.500.nd25289,四川.九龙.500.1394,25289,18025,1948,159
1080,四川.大雅二线,500,四川.大岗山厂.500.12029,四川.雅安.500.3364,25077,21312,1949,273
1081,四川.大雅一线,500,四川.大岗山厂.500.12029,四川.雅安.500.3364,25082,21872,1949,273
1082,四川.官庙线,220,四川.官帽舟厂.220.12036,四川.天宫庙.220.4194,25113,20839,1953,393
1083,四川.枕深线,500,四川.枕头坝厂.500.12042,四川.深溪沟厂.500.3853,25141,18976,1961,364
1084,四川.古茨线,220,四川.古学厂.220.12458,四川.茨巫.220.10592,1879,24798,1964,1877
1085,四川.毕红线,35,四川.毕棚沟厂.35.nd11033,四川.红叶厂.35.nd7958,11033,7958,1203,479
1086,四川.三杜线,220,四川.杜家湾.220.7592,四川.三地风电厂.220.12470,25180,25186,1507,1969
1087,四川.凉汉线,220,四川.凉水井.220.1565,四川.汉安牵引站.220.12886,18055,25182,166,1970
1088,四川.内汉线,220,四川.汉安牵引站.220.12887,四川.内江.220.7208,25184,25185,1970,1413
1089,四川.关垭线,35,四川.关山厂.35.8948,四川.三垭河厂.35.6120,24168,24170,1689,979
1090,四川.西庄一线,220,四川.西佛寺.220.12460,四川.庄上.220.5606,25215,21562,1974,906
1091,四川.西庄二线,220,四川.西佛寺.220.12460,四川.庄上.220.5606,25216,21561,1974,906
1092,四川.银西线,220,四川.西佛寺.220.12460,四川.银江.220.3417,25220,25223,1974,281
1093,四川.坪西线,220,四川.西佛寺.220.12460,四川.施家坪.220.2299,25221,18294,1974,208
1094,四川.资陈线,220,西南.资阳站.220.4746,四川.陈家湾牵引站.220.12889,20611,25248,405,1977
1095,四川.孜仁线,220,四川.甘孜.220.7138,四川.仁达.220.12891,25228,25229,1377,1978
1096,四川.内陈线,220,四川.内江.220.nd50367,四川.陈家湾牵引站.220.nd50368,50367,50368,1413,1977
1097,四川.海李线,220,四川.海鸣.220.10606,四川.李家湾牵引站.220.12896,25233,25241,1880,1981
1098,四川.棉李线,220,四川.棉丰.220.5020,四川.李家湾牵引站.220.12895,20233,25239,445,1981
1099,四川.坝泉线,220,四川.干坝子风电厂.220.12897,西南.甘泉站.220.6189,25250,21956,1984,986
1100,四川.拥硕线,220,四川.娘拥厂.220.13267,四川.硕中厂.220.8870,25259,25272,1988,1668
1101,四川.祖庙一线,220,四川.彭祖.220.5582,四川.文庙.220.13275,21510,25284,902,1992
1102,四川.祖庙二线,220,四川.彭祖.220.5582,四川.文庙.220.13275,21511,25283,902,1992
1103,四川.下竹二线,220,四川.下坪.220.5075,四川.竹马.220.5529,19628,21473,461,893
1104,四川.下竹一线,220,四川.下坪.220.5075,四川.竹马.220.5529,19627,21474,461,893
1105,四川.锋庙线,220,四川.先锋.220.3102,四川.文庙.220.13275,18814,25281,253,1992
1106,四川.镇庙线,220,四川.镇江.220.3545,四川.文庙.220.13275,18687,25282,299,1992
1107,四川.充搬一线,220,四川.南充.220.1823,四川.搬罾.220.13294,18198,25303,189,1999
1108,四川.充搬二线,220,四川.南充.220.1823,四川.搬罾.220.13294,18197,25302,189,1999
1109,四川.保搬线,220,四川.保宁.220.nd50369,四川.搬罾.220.nd50370,50369,50370,68,1999
1110,四川.黄康线,500,四川.黄金坪厂.500.13283,四川.康定.500.4147,25312,24241,2001,399
1111,四川.红安线,220,四川.红和风电厂.220.11478,四川.安宁.220.9862,25353,25352,2007,1771
1112,四川.腾脚线,110,四川.腾达厂.110.11427,四川.瓦古脚厂.110.13296,24975,25359,1924,2010
1113,四川.搬荆一线,220,四川.搬罾.220.13294,四川.荆溪.220.1369,25305,17995,1999,154
1114,四川.搬荆二线,220,四川.搬罾.220.13294,四川.荆溪.220.1369,25304,17996,1999,154
1115,四川.大搬二线,220,四川.大方.220.592,四川.搬罾.220.13294,17658,25306,79,1999
1116,四川.大搬一线,220,四川.大方.220.592,四川.搬罾.220.13294,17659,25307,79,1999
1117,四川.坊曲线,220,四川.油坊沟厂.220.10138,四川.曲山.220.8476,24670,24057,1835,1650
1118,四川.坊泗线,110,四川.泗耳厂.110.7093,四川.油坊沟厂.110.10139,23112,24677,1354,1836
1119,四川.广泗线,110,四川.广草坪厂.110.10142,四川.泗耳厂.110.19776,24649,23113,1830,1354
1120,四川.美雷线,220,四川.美姑河.220.1790,四川.雷波.220.5057,18165,19496,183,455
1121,四川.黄达二线,500,西南.黄岩站.500.1144,四川.达州.500.4442,17916,25374,135,378
1122,四川.广山一线,500,四川.广都.500.13298,四川.尖山.500.1291,25379,17956,2015,144
1123,四川.广山二线,500,四川.广都.500.13298,四川.尖山.500.1291,25380,17958,2015,144
1124,四川.广蜀一线,500,四川.广都.500.13298,四川.蜀州.500.2649,25382,18357,2015,217
1125,四川.广蜀二线,500,四川.广都.500.13298,四川.蜀州.500.2649,25381,18359,2015,217
1126,四川.雷斑一线,220,四川.雷剑.220.13489,四川.斑竹园.220.4201,25416,19130,2018,410
1127,四川.雷斑二线,220,四川.雷剑.220.13489,四川.斑竹园.220.4201,25417,19132,2018,410
1128,四川.昭雷二线,220,四川.昭觉寺.220.3534,四川.雷剑.220.19800,18684,25419,298,2018
1129,四川.昭雷一线,220,四川.昭觉寺.220.3534,四川.雷剑.220.19800,20010,25418,298,2018
1130,四川.大月线,220,四川.大德厂.220.13496,国调.月城站.220.3940,25420,20961,2024,424
1131,四川.淉乡线,220,四川.硕淉厂.220.13982,四川.乡城.220.7883,25426,23931,2031,1617
1132,四川.巴张一线,220,四川.巴中.220.9602,四川.张公.220.13993,24269,25451,1718,2036
1133,四川.巴张二线,220,四川.巴中.220.9602,四川.张公.220.13993,24270,25452,1718,2036
1134,四川.张复二线,220,四川.张公.220.13993,四川.复兴.220.437,25449,17816,2036,45
1135,四川.张复一线,220,四川.张公.220.13993,四川.复兴.220.437,25450,17815,2036,45
1136,四川.洲木线,220,四川.立洲厂.220.14002,西南.木里站.220.5733,25480,25491,2043,959
1137,四川.攀庄线,220,四川.攀钢电厂.220.nd1936,四川.庄上.220.5606,1936,21563,2047,906
1138,四川.早广线路,220,四川.白石岩.220.nd50371,四川.测试三厂.220.nd50372,50371,50372,63,2049
1139,四川.汗丹线,220,四川.汗牛河厂.220.14013,四川.丹巴.220.7654,25502,25510,2052,1576
1140,四川.泉丹一线,500,四川.白泉.500.14018,四川.丹景.500.634,25566,25135,2057,88
1141,四川.泉丹二线,500,四川.白泉.500.14018,四川.丹景.500.634,25565,17711,2057,88
1142,四川.泉龙一线,500,四川.白泉.500.14018,四川.龙王.500.1611,25567,18094,2057,176
1143,四川.泉龙二线,500,四川.白泉.500.14018,四川.龙王.500.1611,25568,18092,2057,176
1144,四川.湾盐线,220,四川.塘泥湾光伏厂.220.14152,四川.盐源.220.8855,25525,25538,2061,1710
1145,四川.洪天一线,220,西南.洪沟站.220.995,四川.天成.220.14145,17873,25512,125,2055
1146,四川.洪天二线,220,西南.洪沟站.220.995,四川.天成.220.14145,19299,25511,125,2055
1147,四川.园天一线,220,四川.园湾.220.5039,四川.天成.220.14145,19491,25513,451,2055
1148,四川.波金一线,220,四川.清波.220.14401,四川.金牛.220.4108,25539,19179,2065,390
1149,四川.波金二线,220,四川.清波.220.14401,四川.金牛.220.4108,25543,19180,2065,390
1150,四川.侯波一线,220,四川.武侯.220.3058,四川.清波.220.14401,18491,25540,250,2065
1151,四川.侯波二线,220,四川.武侯.220.3058,四川.清波.220.14401,18490,25544,250,2065
1152,四川.腾波一线,220,四川.腾飞.220.14441,四川.清波.220.14401,25552,25542,2066,2065
1153,四川.腾波二线,220,四川.腾飞.220.14441,四川.清波.220.14401,25555,25545,2066,2065
1154,四川.下盐线,220,四川.下大沟光伏厂.220.nd50373,四川.盐源.220.nd50374,50373,50374,2074,1710
1155,四川.园天二线,220,四川.园湾.220.5039,四川.天成.220.14145,21011,25514,451,2055
1156,四川.浑下线,220,四川.浑水塘光伏厂.220.15065,四川.下大沟光伏厂.220.14448,1970,25642,2099,2074
1157,四川.盖芭线,220,四川.盖家坪.220.932,四川.芭蕉.220.14951,17820,25646,111,2095
1158,四川.柳芭线,220,四川.柳池.220.1592,四川.芭蕉.220.14951,18075,25645,170,2095
1159,四川.东瑞一线,220,四川.瑞能.220.4609,四川.东坡.220.788,19254,19031,381,94
1160,四川.益榄线,220,四川.益门光伏厂.220.14960,西南.橄榄站.220.6157,25656,25735,2103,1471
1161,四川.颗子线,110,四川.一颗印厂.110.14945,四川.红房子厂.110.1134,25607,25668,2091,130
1162,四川.巴瓦线,110,四川.巴青厂.110.15950,四川.纳瓦厂.110.15952,25693,25680,2123,2126
1163,四川.姓天线,110,四川.小姓厂.110.nd50375,四川.天龙湖厂.110.nd50376,50375,50376,1116,489
1164,四川.鲁月线,220,四川.鲁基厂.220.16011,国调.月城站.220.3940,25702,20960,2129,424
1165,四川.晴扎线,220,四川.晴朗厂.220.4926,四川.扎窝.220.19782,19434,23501,436,1480
1166,四川.尖黄一线,220,四川.尖山.220.1296,四川.黄水.220.16217,25797,25710,142,2134
1167,四川.尖黄二线,220,四川.尖山.220.1296,四川.黄水.220.16217,25796,25711,142,2134
1168,西藏.果柴线,110,西藏.果多厂.110.16819,西藏.柴维.110.10183,25744,25720,2449,1859
1169,西藏.果玉线,220,西藏.果多厂.220.16818,西藏.玉龙.220.9913,25737,24548,2448,1792
1170,西藏.果澜线,220,西藏.果多厂.220.16818,西南.澜沧江站.220.9888,25739,24659,2448,2452
1171,四川.春金线,220,四川.春厂坝厂.220.16234,四川.小金.220.7681,25766,25778,2139,1581
1172,四川.马拥线,110,四川.马熊沟厂.110.nd25825,四川.娘拥厂.110.nd25842,25825,25842,2158,2160
1173,四川.柳亭二线,220,四川.柳池.220.1592,四川.亭子.220.3010,18077,25843,170,240
1174,四川.清陈线,35,四川.清水沟厂.35.16831,四川.陈昌厂.35.16829,25847,25877,2165,2167
1175,四川.布陈线,35,四川.布昌厂.35.16826,四川.陈昌厂.35.16829,25856,25874,2168,2167
1176,四川.高台一线,220,四川.高石.220.4683,四川.云台.220.16833,19278,25882,386,2172
1177,四川.高台二线,220,四川.高石.220.4683,四川.云台.220.16833,19279,25883,386,2172
1178,四川.沙台一线,220,四川.白沙.220.427,四川.云台.220.16833,17593,25889,44,2172
1179,四川.沙台二线,220,四川.白沙.220.427,四川.云台.220.16833,17592,25887,44,2172
1180,四川.叙台一线,220,西南.叙府站.220.3219,四川.云台.220.16833,20271,25881,266,2172
1181,四川.叙台二线,220,西南.叙府站.220.3219,四川.云台.220.16833,20272,25880,266,2172
1182,四川.木争线,220,西南.木里站.220.5733,四川.争西.220.16814,25890,25846,959,2162
1183,四川.州涌一线,220,四川.嘉州.220.5291,四川.涌斯.220.nd25891,21273,25891,548,2175
1184,四川.州涌二线,220,四川.嘉州.220.5291,四川.涌斯.220.nd25892,21274,25892,548,2175
1185,四川.华涌一线,220,四川.新华.220.4912,四川.涌斯.220.nd25896,20946,25896,432,2175
1186,四川.华涌二线,220,四川.新华.220.4912,四川.涌斯.220.nd25895,20947,25895,432,2175
1187,四川.白云线,220,四川.白马新厂.220.nd50377,四川.云潭厂.220.nd50378,50377,50378,62,51
1188,四川.长康一线,500,四川.长河坝厂.500.16954,四川.康定.500.4147,26070,24244,2178,399
1189,四川.长康二线,500,四川.长河坝厂.500.16954,四川.康定.500.4147,26066,24245,2178,399
1190,四川.甘石线,110,四川.甘孜.110.7140,四川.石渠.110.7149,23312,23255,1378,1384
1191,四川.硗民线,220,四川.硗碛厂.220.3743,四川.民治厂.220.16963,18752,25915,317,2187
1192,四川.民兴线,220,四川.民治厂.220.16963,四川.隆兴.220.1732,25914,18123,2187,177
1193,四川.塘滩线,220,西南.巴塘站.220.9922,四川.叶巴滩.220.16959,25913,25911,1793,2184
1194,四川.凉盐线,220,四川.凉风坳风电厂.220.nd50379,四川.盐源.220.nd50380,50379,50380,2189,1710
1195,四川.坝棉汉线,220,四川.姚河坝厂.220.nd50381,四川.汉源.220.nd50382,50381,50382,276,525
1196,四川.硗兴临线,220,四川.硗碛厂.220.nd50383,四川.临邛.220.nd50384,50383,50384,317,169
1197,四川.桥棉竹线,220,四川.大桥厂.220.nd50385,四川.竹马.220.nd50386,50385,50386,85,893
1198,四川.南棉汉线,220,四川.南桠河厂.220.nd50387,四川.汉源.220.nd50388,50387,50388,460,525
1199,四川.丹猴一线,500,四川.丹巴.500.7649,四川.猴子岩厂.500.17199,23791,25986,1578,2194
1200,四川.丹猴二线,500,四川.丹巴.500.7649,四川.猴子岩厂.500.17199,23793,25987,1578,2194
1201,四川.猴康一线,500,四川.猴子岩厂.500.17199,四川.康定.500.4147,25959,19290,2194,399
1202,四川.猴康二线,500,四川.猴子岩厂.500.17199,四川.康定.500.4147,25963,19293,2194,399
1203,四川.猴康三线,500,四川.猴子岩厂.500.17199,四川.康定.500.4147,25954,19289,2194,399
1204,四川.龙榆线,220,四川.龙洞厂.220.17204,四川.榆林.220.6085,25990,21799,2197,961
1205,四川.去茨线,220,四川.去学厂.220.17331,四川.茨巫.220.10592,26033,24799,2224,1877
1206,四川.都侯一线,220,四川.广都.220.13301,四川.武侯.220.3058,25394,18493,2016,250
1207,四川.都侯二线,220,四川.广都.220.13301,四川.武侯.220.3058,25395,18492,2016,250
1208,四川.华搬一线,220,四川.龙华寺.220.17334,四川.搬罾.220.13294,26056,25308,2229,1999
1209,四川.华搬二线,220,四川.龙华寺.220.17334,四川.搬罾.220.13294,26057,26060,2229,1999
1210,四川.保华一线,220,四川.保宁.220.531,四川.龙华寺.220.17334,17615,26059,68,2229
1211,四川.保华二线,220,四川.保宁.220.531,四川.龙华寺.220.17334,20882,26053,68,2229
1212,四川.充搬三线,220,四川.南充.220.1823,四川.搬罾.220.13294,26062,26061,189,1999
1213,四川.都兴一线,220,四川.广都.220.13301,四川.隆兴.220.1732,25403,18119,2016,177
1214,四川.都兴二线,220,四川.广都.220.13301,四川.隆兴.220.1732,25402,18118,2016,177
1215,四川.都郭一线,220,四川.广都.220.13301,四川.郭家堰.220.9809,25401,24415,2016,1757
1216,四川.都鱼二线,220,四川.广都.220.13301,四川.鱼凫.220.3465,25398,18631,2016,287
1217,四川.都郭二线,220,四川.广都.220.13301,四川.郭家堰.220.9809,25400,24414,2016,1757
1218,四川.都鱼一线,220,四川.广都.220.13301,四川.鱼凫.220.3465,25399,18632,2016,287
1219,四川.杨泰一线,220,四川.杨桥.220.3391,四川.泰安.220.17424,26126,26119,274,2244
1220,四川.杨泰二线,220,四川.杨桥.220.3391,四川.泰安.220.17424,26125,26118,274,2244
1221,四川.南岭线,220,四川.南桠河厂.220.5067,四川.相岭.220.17431,20577,26109,460,2247
1222,四川.山岭一线,220,四川.冕山.220.1804,四川.相岭.220.17431,24009,26112,185,2247
1223,四川.山岭二线,220,四川.冕山.220.1804,四川.相岭.220.17431,22073,26110,185,2247
1224,四川.西岭一线,220,四川.西昌.220.3081,四川.相岭.220.17431,18508,26113,252,2247
1225,四川.西岭二线,220,四川.西昌.220.3081,四川.相岭.220.17431,18507,26117,252,2247
1226,四川.梓东一线,220,四川.梓桐.220.5686,四川.京东方.220.17445,26106,26127,935,2255
1227,四川.梓东二线,220,四川.梓桐.220.5686,四川.京东方.220.17445,26107,26128,935,2255
1228,四川.茶佛一线,220,四川.茶山.220.566,四川.铁佛.220.17438,17637,16357,76,2252
1229,四川.茶佛二线,220,四川.茶山.220.566,四川.铁佛.220.17438,26141,16359,76,2252
1230,四川.内佛一线,220,四川.内江.220.7208,四川.铁佛.220.17438,25232,16353,1413,2252
1231,四川.内佛二线,220,四川.内江.220.7208,四川.铁佛.220.17438,26143,16355,1413,2252
1232,四川.凉佛一线,220,四川.凉水井.220.1565,四川.铁佛.220.17438,18052,16351,166,2252
1233,四川.佛陈线,220,四川.铁佛.220.17438,四川.陈家湾牵引站.220.12888,16349,25245,2252,1977
1234,四川.泉桥一线,220,四川.白泉.220.14019,四川.永定桥.220.4674,25578,19690,2058,385
1235,四川.泉桥二线,220,四川.白泉.220.14019,四川.永定桥.220.4674,25579,21745,2058,385
1236,四川.泉青二线,220,四川.白泉.220.14019,四川.青白江.220.nd50389,25577,50389,2058,462
1237,四川.泉青一线,220,四川.白泉.220.14019,四川.青白江.220.nd50390,25576,50390,2058,462
1238,四川.泉家一线,220,四川.白泉.220.14019,四川.马家.220.19749,25574,26665,2058,179
1239,四川.泉家二线,220,四川.白泉.220.14019,四川.马家.220.19749,25575,18140,2058,179
1240,四川.泉斑线,220,四川.白泉.220.14019,四川.斑竹园.220.4201,25573,19133,2058,410
1241,四川.泉村线,220,四川.白泉.220.14019,四川.新二村.220.3126,25572,18526,2058,260
1242,四川.博鲁线,220,四川.博洛拉达风电厂.220.17449,四川.鲁基厂.220.16011,26144,25700,2259,2129
1243,西南.沙天线,500,西南.沙南厂.500.17659,国调.南天站.500.1984,26153,23431,2262,192
1244,四川.尖罗一线,220,四川.尖山.220.1296,四川.罗家店.220.17695,26214,26201,142,2269
1245,四川.尖罗二线,220,四川.尖山.220.1296,四川.罗家店.220.17695,17946,26205,142,2269
1246,四川.应罗一线,220,四川.应龙.220.10631,四川.罗家店.220.17695,26017,26203,1890,2269
1247,四川.应罗二线,220,四川.应龙.220.10631,四川.罗家店.220.17695,26018,26207,1890,2269
1248,西南.资思Ⅰ线,500,西南.资阳站.500.4744,重庆.思源.500.420,19209,17562,407,41
1249,西南.资思Ⅱ线,500,西南.资阳站.500.4744,重庆.思源.500.19743,19207,17564,407,41
1250,四川.余州二线,220,四川.余家.220.3454,四川.达州.220.4444,26245,20263,286,376
1251,四川.余渠二线,220,四川.余家.220.3454,四川.渠县.220.4117,18625,19188,286,391
1252,四川.余团一线,220,四川.余家.220.3454,四川.团坝.220.17790,18626,26246,286,2279
1253,四川.余团二线,220,四川.余家.220.3454,四川.团坝.220.17790,26243,26247,286,2279
1254,四川.黑童线,220,四川.黑河塘厂.220.988,四川.童家山.220.17786,26252,26254,124,2282
1255,四川.达玛一线,500,四川.达州.500.4442,四川.玛瑙.500.17797,19212,26412,378,2285
1256,四川.达玛二线,500,四川.达州.500.4442,四川.玛瑙.500.17797,19216,26413,378,2285
1257,四川.明丁线,220,四川.明月峡.220.10624,四川.五丁牵引站.220.17950,26256,26257,1889,2290
1258,四川.都腾一线,220,四川.广都.220.13301,四川.腾飞.220.14441,25396,25553,2016,2066
1259,四川.都腾二线,220,四川.广都.220.13301,四川.腾飞.220.14441,25397,25556,2016,2066
1260,四川.驷城线,110,四川.驷马桥厂.110.nd23126,四川.炉城厂.110.nd23117,23126,23117,1351,1352
1261,四川.洪佛一线,220,西南.洪沟站.220.995,四川.古佛.220.17959,26741,26267,125,2293
1262,四川.洪佛二线,220,西南.洪沟站.220.995,四川.古佛.220.17959,26740,26268,125,2293
1263,四川.禹开线,110,四川.禹源坝厂.110.18045,四川.开坪厂.110.9828,26284,26291,2301,1760
1264,四川.正茨线,220,四川.正斗光伏厂.220.18110,四川.茨巫.220.10592,26313,26312,2311,1877
1265,四川.海兴线,110,四川.小南海光伏厂.110.18215,四川.美兴光伏厂.110.14733,26317,26322,2314,2082
1266,四川.若禹一线,220,四川.若水厂.220.11471,四川.禹王宫.220.18488,25001,26352,1931,2320
1267,四川.若禹二线,220,四川.若水厂.220.11471,四川.禹王宫.220.18488,25002,26351,1931,2320
1268,四川.马三线,220,四川.马宗风电厂.220.18314,四川.三地风电厂.220.12470,26324,26346,2317,1969
1269,四川.若榄一线,220,四川.若水厂.220.nd50391,西南.橄榄站.220.nd50392,50391,50392,1931,1471
1270,四川.若榄二线,220,四川.若水厂.220.nd50393,西南.橄榄站.220.nd50394,50393,50394,1931,1471
1271,四川.赤天青支(青林侧)线,220,四川.赤天青T接虚拟站.220.18497,四川.青林口牵引站.220.18495,1996,26357,2324,2323
1272,四川.赤天青支(赤化侧)线,220,四川.赤化.220.584,四川.赤天青T接虚拟站.220.18497,17655,1996,78,2324
1273,四川.赤天青支(天明侧)线,220,四川.天明.220.2991,四川.赤天青T接虚拟站.220.18497,18442,1996,235,2324
1274,四川.赤青线,220,四川.赤化.220.584,四川.青林口牵引站.220.18496,26363,26361,78,2323
1275,四川.昭丁线,220,四川.昭化.220.4408,四川.五丁牵引站.220.19805,26260,26258,429,2290
1276,四川.明斗线,220,四川.明月峡.220.10624,四川.转斗牵引站.220.18568,26382,26387,1889,2330
1277,四川.雪斗线,220,四川.雪峰.220.5522,四川.转斗牵引站.220.18567,21462,26383,890,2330
1278,四川.双蓉一线,220,四川.双桥子.220.19788,四川.蓉东.220.2273,26012,26014,1662,204
1279,四川.双蓉二线,220,四川.双桥子.220.19789,四川.蓉东.220.2273,26013,18284,1662,204
1280,四川.昭剑线,220,四川.昭化.220.4408,四川.剑门关牵引站.220.18569,19392,26389,429,2331
1281,四川.赤剑线,220,四川.赤化.220.584,四川.剑门关牵引站.220.18570,26395,26392,78,2331
1282,四川.玛柳一线,220,四川.玛瑙.220.17798,四川.柳池.220.1592,26421,18080,2286,170
1283,四川.玛柳二线,220,四川.玛瑙.220.17798,四川.柳池.220.1592,26422,18079,2286,170
1284,四川.玛芭一线,220,四川.玛瑙.220.17798,四川.芭蕉.220.14951,26419,25644,2286,2095
1285,四川.玛芭二线,220,四川.玛瑙.220.17798,四川.芭蕉.220.14951,26420,25643,2286,2095
1286,四川.玛鲁线,220,四川.玛施金风电厂.220.18574,四川.鲁基厂.220.16011,2058,26451,2338,2129
1287,四川.湾中线,220,四川.毛家湾.220.5639,四川.中电熊猫.220.18612,21622,26467,920,2341
1288,四川.上卡线,220,四川.上通坝厂.220.18625,四川.卡基娃厂.220.11341,26454,24921,2342,1911
1289,四川.尖中线,220,四川.尖山.220.1296,四川.中电熊猫.220.18612,26477,26469,142,2341
1290,四川.路乐一线,500,四川.路平.500.7443,四川.富乐.500.3856,26647,18990,1504,369
1291,四川.路乐二线,500,四川.路平.500.7443,四川.富乐.500.3856,26649,18993,1504,369
1292,四川.州溪一线,220,四川.嘉州.220.5291,四川.茫溪.220.18676,21267,26487,548,2349
1293,四川.州溪二线,220,四川.嘉州.220.5291,四川.茫溪.220.18676,21268,26486,548,2349
1294,四川.云昭线,220,四川.云顶山风电场.220.18628,四川.昭化.220.4408,26480,20976,2346,429
1295,四川.黄普线,220,四川.黄茅埂风电场.220.18685,西南.普提站.220.2195,26525,26744,2360,199
1296,四川.核塘一线,220,四川.核桃村.220.3901,四川.塘坎街.220.5028,20914,19464,370,447
1297,四川.应悦一线,220,四川.应龙.220.10631,四川.锦悦.220.18764,26549,26540,1890,2368
1298,四川.应悦二线,220,四川.应龙.220.10631,四川.锦悦.220.18764,26550,26542,1890,2368
1299,四川.果通线,220,四川.达阿果厂.220.18772,四川.金通.220.18771,26563,26559,2372,2371
1300,四川.通雅一线,220,四川.金通.220.18771,四川.雅江.220.10096,26560,24724,2371,1799
1301,四川.托通线,220,四川.康托厂.220.10153,四川.金通.220.18771,24717,26558,1845,2371
1302,四川.水圣线,220,四川.水磨.220.5557,四川.圣音寺.220.2288,21553,18886,899,207
1303,四川.沐为一线,220,西南.沐溪站.220.5343,四川.犍为.220.6068,26025,26579,1330,951
1304,四川.沐为二线,220,西南.沐溪站.220.5343,四川.犍为.220.6068,26026,26580,1330,951
1305,四川.丰沙线,220,四川.丰收.220.7169,四川.白沙.220.427,23303,17589,1395,44
1306,四川.木赞线,220,四川.木坡厂.220.8470,四川.赞拉厂.220.18798,24031,26587,1645,2377
1307,四川.赞金线,220,四川.赞拉厂.220.18798,四川.小金.220.7681,26588,24152,2377,1581
1308,四川.石五龙支线,110,四川.五一桥厂.110.3769,四川.龙溪沟厂.110.7101,20341,23144,506,1359
1309,四川.石五出支线,110,四川.五一桥厂.110.3769,四川.出龙沟厂.110.7611,20341,24878,506,1517
1310,四川.热油一线,35,四川.石化.35.nd11866,四川.石化自备厂.35.nd11825,11866,11825,982,1371
1311,四川.热油二线,35,四川.石化.35.nd11868,四川.石化自备厂.35.nd11831,11868,11831,982,1371
1312,四川.热化二线,35,四川.石化.35.nd11872,四川.石化自备厂.35.nd11833,11872,11833,982,1371
1313,四川.热化一线,35,四川.石化.35.nd11870,四川.石化自备厂.35.nd11827,11870,11827,982,1371
1314,四川.热化三线,35,四川.石化.35.nd11874,四川.石化自备厂.35.nd11829,11874,11829,982,1371
1315,四川.热化四线,35,四川.石化.35.nd11876,四川.石化自备厂.35.nd12896,11876,12896,982,1371
1316,四川.铜乐一线,220,四川.铜街子厂.220.3033,四川.乐德.220.5925,18469,21715,242,943
1317,四川.铜乐二线,220,四川.铜街子厂.220.3033,四川.乐德.220.5925,18468,21714,242,943
1318,四川.磨峰一线,220,四川.磨家梁.220.9795,四川.海峰.220.18801,26600,26601,1749,2379
1319,四川.磨峰二线,220,四川.磨家梁.220.9795,四川.海峰.220.18801,26599,26602,1749,2379
1320,四川.杉铁水支线,35,四川.杉树坪厂.35.nd1284,四川.水打坝厂.35.nd22877,1284,22877,1155,1283
1321,四川.明宝水铜线,35,四川.明礼厂.35.6652,四川.铜头厂.35.5136,22584,27983,1212,2381
1322,四川.毕红二支线,35,四川.毕棚沟厂.35.nd1144,四川.毕棚沟二级厂.35.nd11038,1144,11038,1203,1205
1323,四川.龚松一线,220,四川.龚嘴上厂.220.945,四川.松林.220.2806,19458,18389,115,225
1324,四川.龚松二线,220,四川.龚嘴下厂.220.949,四川.松林.220.2806,17842,18388,116,225
1325,四川.固洛线,220,四川.固滴厂.220.18806,四川.水洛.220.7733,26625,23881,2382,1601
1326,四川.文惠一线,220,四川.文峰.220.6347,四川.广惠.220.972,26642,26644,1005,121
1327,四川.文惠二线,220,四川.文峰.220.6347,四川.广惠.220.972,26643,26645,1005,121
1328,西南.百普线,500,西南.百灵站.500.18860,西南.普提站.500.19751,26663,18262,2388,201
1329,四川.灵盐一线,220,西南.百灵站.220.18863,四川.盐源.220.8855,26614,25989,2389,1710
1330,四川.灵盐二线,220,西南.百灵站.220.18863,四川.盐源.220.8855,26615,25551,2389,1710
1331,四川.凉灵线,220,四川.凉风坳风电厂.220.16967,西南.百灵站.220.18863,25926,26618,2189,2389
1332,四川.下灵线,220,四川.下大沟光伏厂.220.14448,西南.百灵站.220.18863,25592,26620,2074,2389
1333,西南.二百线,500,西南.二滩厂.500.885,西南.百灵站.500.18860,17778,26661,103,2388
1334,西南.水百一线,500,四川.水洛.500.nd50395,西南.百灵站.500.nd50396,50395,50396,1604,2388
1335,西南.水百二线,500,四川.水洛.500.nd50397,西南.百灵站.500.nd50398,50397,50398,1604,2388
1336,四川.九河线,110,四川.九源厂.110.nd26689,四川.河口厂.110.nd22174,26689,22174,2395,1104
1337,西南.塘芒Ⅱ线,500,西南.巴塘站.500.9921,西藏.芒康站.500.nd26777,26757,26777,2455,2456
1338,西南.塘芒Ⅰ线,500,西南.巴塘站.500.9921,西藏.芒康站.500.nd26780,26755,26780,2455,2456
1339,西藏.芒澜Ⅰ线,500,西藏.芒康站.500.nd26776,西南.澜沧江站.500.nd26768,26776,26768,2456,2418
1340,西藏.芒澜Ⅱ线,500,西藏.芒康站.500.nd26778,西南.澜沧江站.500.nd26769,26778,26769,2456,2418
1341,四川.灵黑线,35,四川.灵官庙厂.35.nd22872,四川.黑土坡厂.35.nd17262,22872,17262,1280,1253
1342,四川.内寿二线,220,四川.内江.220.7208,四川.寿溪桥.220.2634,26725,26724,1413,215
1343,四川.赛格线,220,四川.赛果乐风电场.220.nd26728,四川.普格.220.10161,26728,26732,2424,1851
