transformer_id,middle_point,CN_transformer,taid
1,-1,41380,11
2,-1,41382,12
3,-1,41381,13
4,-2,41383,21
5,-2,41385,22
6,-2,41384,23
7,-3,41386,31
8,-3,41388,32
9,-3,41387,33
10,-4,41389,41
11,-4,41391,42
12,-4,41390,43
13,-42,2463,421
14,-42,26815,422
15,-42,26817,423
16,-43,2472,431
17,-43,26816,432
18,-43,26818,433
19,-57,18962,571
20,-57,20661,572
21,-57,17683,573
22,-103,944,1031
23,-103,8468,1032
24,-103,18513,1033
25,-108,18517,1081
26,-108,7983,1082
27,-108,18522,1083
28,-110,18571,1101
29,-110,20699,1102
30,-110,19479,1103
31,-123,5660,1231
32,-123,5650,1232
33,-123,27720,1233
34,-129,18723,1291
35,-129,7749,1292
36,-129,18721,1293
37,-147,18224,1471
38,-147,26828,1472
39,-147,19460,1473
40,-154,2975,1541
41,-154,26838,1542
42,-154,17728,1543
43,-170,18484,1701
44,-170,8027,1702
45,-170,417,1703
46,-225,7617,2251
47,-225,7609,2252
48,-225,27596,2253
49,-239,18949,2391
50,-239,27662,2392
51,-239,6319,2393
52,-240,3713,2401
53,-240,26830,2402
54,-240,26827,2403
55,-243,18793,2431
56,-243,5926,2432
57,-243,510,2433
58,-244,4995,2441
59,-244,7847,2442
60,-244,27721,2443
61,-249,17579,2491
62,-249,26824,2492
63,-249,26852,2493
64,-250,17580,2501
65,-250,26825,2502
66,-250,26829,2503
67,-253,19861,2531
68,-253,26845,2532
69,-253,26832,2533
70,-254,19862,2541
71,-254,26846,2542
72,-254,26833,2543
73,-255,3513,2551
74,-255,26834,2552
75,-255,26835,2553
76,-256,17748,2561
77,-256,17729,2562
78,-256,17744,2563
79,-257,17747,2571
80,-257,17730,2572
81,-257,17745,2573
82,-258,3667,2581
83,-258,26848,2582
84,-258,26837,2583
85,-259,19881,2591
86,-259,26849,2592
87,-259,26836,2593
88,-260,18728,2601
89,-260,18726,2602
90,-260,18730,2603
91,-265,7952,2651
92,-265,7955,2652
93,-265,733,2653
94,-268,18266,2681
95,-268,18257,2682
96,-268,18261,2683
97,-276,19200,2761
98,-276,19196,2762
99,-276,19198,2763
100,-277,19214,2771
101,-277,19197,2772
102,-277,19199,2773
103,-278,18566,2781
104,-278,18557,2782
105,-278,18563,2783
106,-279,18983,2791
107,-279,18980,2792
108,-279,18981,2793
109,-281,2724,2811
110,-281,20287,2812
111,-281,755,2813
112,-285,17896,2851
113,-285,17894,2852
114,-285,48,2853
115,-286,18579,2861
116,-286,18572,2862
117,-286,18577,2863
118,-287,5860,2871
119,-287,8136,2872
120,-287,759,2873
121,-288,20342,2881
122,-288,20343,2882
123,-288,26841,2883
124,-290,18024,2901
125,-290,18017,2902
126,-290,18021,2903
127,-291,18325,2911
128,-291,18314,2912
129,-291,18323,2913
130,-292,18331,2921
131,-292,18315,2922
132,-292,18324,2923
133,-293,17910,2931
134,-293,17899,2932
135,-293,17908,2933
136,-294,17911,2941
137,-294,18767,2942
138,-294,18768,2943
139,-295,18220,2951
140,-295,18213,2952
141,-295,18218,2953
142,-296,8203,2961
143,-296,26842,2962
144,-296,766,2963
145,-300,18745,3001
146,-300,18734,3002
147,-300,18743,3003
148,-301,18747,3011
149,-301,18735,3012
150,-301,18744,3013
151,-302,18155,3021
152,-302,18141,3022
153,-302,18151,3023
154,-303,18154,3031
155,-303,18142,3032
156,-303,18152,3033
157,-304,18201,3041
158,-304,18192,3042
159,-304,18200,3043
160,-305,18941,3051
161,-305,18939,3052
162,-305,18940,3053
163,-306,19288,3061
164,-306,19286,3062
165,-306,19287,3063
166,-307,24242,3071
167,-307,20486,3072
168,-307,20494,3073
169,-309,8281,3091
170,-309,27622,3092
171,-309,773,3093
172,-310,18421,3101
173,-310,18411,3102
174,-310,18419,3103
175,-311,18424,3111
176,-311,18412,3112
177,-311,18420,3113
178,-312,19098,3121
179,-312,19094,3122
180,-312,19115,3123
181,-313,19102,3131
182,-313,19095,3132
183,-313,19116,3133
184,-314,18088,3141
185,-314,18096,3142
186,-314,18109,3143
187,-315,18091,3151
188,-315,18097,3152
189,-315,18110,3153
190,-316,20512,3161
191,-316,20528,3162
192,-316,20533,3163
193,-317,17877,3171
194,-317,17871,3172
195,-317,17876,3173
196,-318,17889,3181
197,-318,18799,3182
198,-318,18802,3183
199,-319,17955,3191
200,-319,17944,3192
201,-319,17953,3193
202,-320,17960,3201
203,-320,17945,3202
204,-320,17954,3203
205,-321,17706,3211
206,-321,17693,3212
207,-321,17704,3213
208,-322,17709,3221
209,-322,17694,3222
210,-322,17705,3223
211,-324,20572,3241
212,-324,20567,3242
213,-324,20569,3243
214,-325,18309,3251
215,-325,18297,3252
216,-325,18307,3253
217,-326,18311,3261
218,-326,18298,3262
219,-326,18308,3263
220,-327,18356,3271
221,-327,18348,3272
222,-327,18353,3273
223,-328,7605,3281
224,-328,20597,3282
225,-328,26822,3283
226,-329,19206,3291
227,-329,19126,3292
228,-329,19128,3293
229,-330,19205,3301
230,-330,19127,3302
231,-330,19129,3303
232,-331,41392,3311
233,-331,20608,3312
234,-331,20609,3313
235,-333,5374,3331
236,-333,5379,3332
237,-333,79,3333
238,-334,18811,3341
239,-334,26823,3342
240,-334,26840,3343
241,-335,7666,3351
242,-335,26844,3352
243,-335,26843,3353
244,-336,18989,3361
245,-336,19038,3362
246,-336,19046,3363
247,-337,19047,3371
248,-337,19037,3372
249,-337,19045,3373
250,-338,21871,3381
251,-338,20323,3382
252,-338,20324,3383
253,-339,19049,3391
254,-339,19060,3392
255,-339,19061,3393
256,-340,19054,3401
257,-340,19410,3402
258,-340,19062,3403
259,-341,19403,3411
260,-341,19386,3412
261,-341,19398,3413
262,-342,19402,3421
263,-342,19387,3422
264,-342,19399,3423
265,-343,8642,3431
266,-343,20981,3432
267,-343,20982,3433
268,-344,19337,3441
269,-344,19324,3442
270,-344,19333,3443
271,-345,19336,3451
272,-345,19325,3452
273,-345,19334,3453
274,-346,8717,3461
275,-346,21037,3462
276,-346,21038,3463
277,-353,21122,3531
278,-353,21121,3532
279,-353,21245,3533
280,-355,18355,3551
281,-355,21171,3552
282,-355,21169,3553
283,-356,21174,3561
284,-356,21179,3562
285,-356,21180,3563
286,-362,21265,3621
287,-362,21289,3622
288,-362,21285,3623
289,-363,41393,3631
290,-363,41395,3632
291,-363,41394,3633
292,-364,21258,3641
293,-364,21290,3642
294,-364,21287,3643
295,-365,21313,3651
296,-365,21315,3652
297,-365,846,3653
298,-371,21376,3711
299,-371,21389,3712
300,-371,21391,3713
301,-372,21377,3721
302,-372,21390,3722
303,-372,21392,3723
304,-379,21439,3791
305,-379,21440,3792
306,-379,21441,3793
307,-380,18210,3801
308,-380,26919,3802
309,-380,26920,3803
310,-381,18486,3811
311,-381,26903,3812
312,-381,26901,3813
313,-382,18487,3821
314,-382,26904,3822
315,-382,26902,3823
316,-383,18476,3831
317,-383,26907,3832
318,-383,26909,3833
319,-384,18477,3841
320,-384,26908,3842
321,-384,26910,3843
322,-385,17859,3851
323,-385,26906,3852
324,-385,26905,3853
325,-386,17783,3861
326,-386,26921,3862
327,-386,26922,3863
328,-387,17782,3871
329,-387,26923,3872
330,-387,26924,3873
331,-388,17799,3881
332,-388,26931,3882
333,-388,26932,3883
334,-389,17798,3891
335,-389,26930,3892
336,-389,26929,3893
337,-390,17570,3901
338,-390,26928,3902
339,-390,26927,3903
340,-391,18616,3911
341,-391,26915,3912
342,-391,26917,3913
343,-392,18617,3921
344,-392,26916,3922
345,-392,26918,3923
346,-393,19106,3931
347,-393,26933,3932
348,-393,26934,3933
349,-394,19107,3941
350,-394,26935,3942
351,-394,26936,3943
352,-395,18694,3951
353,-395,26937,3952
354,-395,26939,3953
355,-396,18695,3961
356,-396,26938,3962
357,-396,26940,3963
358,-397,18657,3971
359,-397,26911,3972
360,-397,26913,3973
361,-398,18658,3981
362,-398,26912,3982
363,-398,26914,3983
364,-399,18600,3991
365,-399,26941,3992
366,-399,26942,3993
367,-400,18601,4001
368,-400,26943,4002
369,-400,26944,4003
370,-401,18339,4011
371,-401,26949,4012
372,-401,26950,4013
373,-402,18340,4021
374,-402,26951,4022
375,-402,26952,4023
376,-403,17573,4031
377,-403,26947,4032
378,-403,26946,4033
379,-404,17574,4041
380,-404,26948,4042
381,-404,26945,4043
382,-405,17980,4051
383,-405,26955,4052
384,-405,26956,4053
385,-406,18954,4061
386,-406,26957,4062
387,-406,26958,4063
388,-407,18377,4071
389,-407,26959,4072
390,-407,26960,4073
391,-408,17684,4081
392,-408,26953,4082
393,-408,26961,4083
394,-409,17685,4091
395,-409,26954,4092
396,-409,26962,4093
397,-410,19080,4101
398,-410,26969,4102
399,-410,26968,4103
400,-411,19084,4111
401,-411,26970,4112
402,-411,26967,4113
403,-412,18383,4121
404,-412,26971,4122
405,-412,26972,4123
406,-413,18781,4131
407,-413,26973,4132
408,-413,26974,4133
409,-414,18636,4141
410,-414,26988,4142
411,-414,26987,4143
412,-415,19498,4151
413,-415,26986,4152
414,-415,26985,4153
415,-416,19499,4161
416,-416,26984,4162
417,-416,26983,4163
418,-417,17922,4171
419,-417,26982,4172
420,-417,26981,4173
421,-418,17923,4181
422,-418,26980,4182
423,-418,26979,4183
424,-419,19183,4191
425,-419,26994,4192
426,-419,26993,4193
427,-420,19184,4201
428,-420,26996,4202
429,-420,26995,4203
430,-421,18009,4211
431,-421,26991,4212
432,-421,26990,4213
433,-422,18010,4221
434,-422,26992,4222
435,-422,26989,4223
436,-423,18891,4231
437,-423,27003,4232
438,-423,27002,4233
439,-424,18709,4241
440,-424,27001,4242
441,-424,27000,4243
442,-425,18073,4251
443,-425,27405,4252
444,-425,26999,4253
445,-426,18074,4261
446,-426,26998,4262
447,-426,26997,4263
448,-427,19483,4271
449,-427,27007,4272
450,-427,27006,4273
451,-428,19484,4281
452,-428,27005,4282
453,-428,27004,4283
454,-429,18000,4291
455,-429,27008,4292
456,-429,27009,4293
457,-430,19064,4301
458,-430,27016,4302
459,-430,27017,4303
460,-431,19065,4311
461,-431,27014,4312
462,-431,27015,4313
463,-432,18397,4321
464,-432,27012,4322
465,-432,27013,4323
466,-433,18398,4331
467,-433,27010,4332
468,-433,27011,4333
469,-434,17786,4341
470,-434,27018,4342
471,-434,27019,4343
472,-435,17787,4351
473,-435,27020,4352
474,-435,27021,4353
475,-436,18048,4361
476,-436,27026,4362
477,-436,27027,4363
478,-437,18049,4371
479,-437,27028,4372
480,-437,27029,4373
481,-438,17993,4381
482,-438,27022,4382
483,-438,27023,4383
484,-439,17994,4391
485,-439,27024,4392
486,-439,27025,4393
487,-440,19014,4401
488,-440,27038,4402
489,-440,27037,4403
490,-441,19015,4411
491,-441,27036,4412
492,-441,27035,4413
493,-442,21130,4421
494,-442,27031,4422
495,-442,27032,4423
496,-443,21244,4431
497,-443,27033,4432
498,-443,27034,4433
499,-444,18645,4441
500,-444,27039,4442
501,-444,27040,4443
502,-445,18646,4451
503,-445,27041,4452
504,-445,27042,4453
505,-446,18440,4461
506,-446,27043,4462
507,-446,27368,4463
508,-447,18441,4471
509,-447,27044,4472
510,-447,27369,4473
511,-448,20231,4481
512,-448,27051,4482
513,-448,27050,4483
514,-449,20232,4491
515,-449,27052,4492
516,-449,27049,4493
517,-450,18132,4501
518,-450,27055,4502
519,-450,27054,4503
520,-451,18133,4511
521,-451,27056,4512
522,-451,27053,4513
523,-452,26139,4521
524,-452,27047,4522
525,-452,27046,4523
526,-453,26137,4531
527,-453,27048,4532
528,-453,27045,4533
529,-454,18056,4541
530,-454,27057,4542
531,-454,27059,4543
532,-455,18057,4551
533,-455,27058,4552
534,-455,27060,4553
535,-456,18116,4561
536,-456,27061,4562
537,-456,27062,4563
538,-457,18117,4571
539,-457,27063,4572
540,-457,27030,4573
541,-458,17671,4581
542,-458,27064,4582
543,-458,27066,4583
544,-459,17672,4591
545,-459,27065,4592
546,-459,27067,4593
547,-460,18274,4601
548,-460,27068,4602
549,-460,27069,4603
550,-461,18275,4611
551,-461,27070,4612
552,-461,27071,4613
553,-462,19263,4621
554,-462,27074,4622
555,-462,27075,4623
556,-463,19264,4631
557,-463,27072,4632
558,-463,27073,4633
559,-464,18496,4641
560,-464,27081,4642
561,-464,27078,4643
562,-465,18497,4651
563,-465,27077,4652
564,-465,27076,4653
565,-466,18498,4661
566,-466,27079,4662
567,-466,27080,4663
568,-467,18126,4671
569,-467,26963,4672
570,-467,26965,4673
571,-468,18127,4681
572,-468,26964,4682
573,-468,26966,4683
574,-469,19502,4691
575,-469,26897,4692
576,-469,26898,4693
577,-470,19504,4701
578,-470,27082,4702
579,-470,27083,4703
580,-471,18624,4711
581,-471,26876,4712
582,-471,27084,4713
583,-472,18770,4721
584,-472,26894,4722
585,-472,27085,4723
586,-473,18628,4731
587,-473,27089,4732
588,-473,27090,4733
589,-474,18627,4741
590,-474,27087,4742
591,-474,27088,4743
592,-475,18529,4751
593,-475,26874,4752
594,-475,27092,4753
595,-476,18530,4761
596,-476,26885,4762
597,-476,27091,4763
598,-477,17892,4771
599,-477,26882,4772
600,-477,27093,4773
601,-478,18456,4781
602,-478,26871,4782
603,-478,27097,4783
604,-479,18457,4791
605,-479,26884,4792
606,-479,27096,4793
607,-480,18462,4801
608,-480,26870,4802
609,-480,27095,4803
610,-481,19503,4811
611,-481,27103,4812
612,-481,27086,4813
613,-482,18540,4821
614,-482,27107,4822
615,-482,27106,4823
616,-483,18541,4831
617,-483,27105,4832
618,-483,27104,4833
619,-484,19722,4841
620,-484,27099,4842
621,-484,27100,4843
622,-485,19721,4851
623,-485,27101,4852
624,-485,27102,4853
625,-492,18857,4921
626,-492,27108,4922
627,-492,27111,4923
628,-493,18369,4931
629,-493,27109,4932
630,-493,27110,4933
631,-494,18026,4941
632,-494,27112,4942
633,-494,27113,4943
634,-495,18027,4951
635,-495,27114,4952
636,-495,27115,4953
637,-496,19493,4961
638,-496,26893,4962
639,-496,27116,4963
640,-497,18666,4971
641,-497,27120,4972
642,-497,27119,4973
643,-498,18667,4981
644,-498,27118,4982
645,-498,27117,4983
646,-499,19191,4991
647,-499,27121,4992
648,-499,27122,4993
649,-500,19192,5001
650,-500,27123,5002
651,-500,27124,5003
652,-503,18178,5031
653,-503,26859,5032
654,-503,27126,5033
655,-504,18179,5041
656,-504,26883,5042
657,-504,27125,5043
658,-505,19255,5051
659,-505,27129,5052
660,-505,27131,5053
661,-506,19256,5061
662,-506,27130,5062
663,-506,27132,5063
664,-509,17605,5091
665,-509,27133,5092
666,-509,27134,5093
667,-510,18267,5101
668,-510,27138,5102
669,-510,27137,5103
670,-511,18268,5111
671,-511,27136,5112
672,-511,27135,5113
673,-512,20165,5121
674,-512,27142,5122
675,-512,27141,5123
676,-513,20166,5131
677,-513,27140,5132
678,-513,27139,5133
679,-514,21317,5141
680,-514,27146,5142
681,-514,27145,5143
682,-515,21318,5151
683,-515,27144,5152
684,-515,27143,5153
685,-516,19276,5161
686,-516,27150,5162
687,-516,27149,5163
688,-517,19277,5171
689,-517,27148,5172
690,-517,27147,5173
691,-518,17639,5181
692,-518,27153,5182
693,-518,27152,5183
694,-519,17638,5191
695,-519,27154,5192
696,-519,27151,5193
697,-522,19241,5221
698,-522,27160,5222
699,-522,27159,5223
700,-523,19323,5231
701,-523,26865,5232
702,-523,27161,5233
703,-524,20475,5241
704,-524,27164,5242
705,-524,27162,5243
706,-525,20476,5251
707,-525,27165,5252
708,-525,27163,5253
709,-526,19217,5261
710,-526,27166,5262
711,-526,27167,5263
712,-527,19218,5271
713,-527,27168,5272
714,-527,27169,5273
715,-528,19161,5281
716,-528,26895,5282
717,-528,27170,5283
718,-529,19863,5291
719,-529,27172,5292
720,-529,27171,5293
721,-530,18821,5301
722,-530,27174,5302
723,-530,27173,5303
724,-531,17934,5311
725,-531,27155,5312
726,-531,27157,5313
727,-532,17935,5321
728,-532,27156,5322
729,-532,27158,5323
730,-533,17965,5331
731,-533,27295,5332
732,-533,27176,5333
733,-534,18953,5341
734,-534,27296,5342
735,-534,27175,5343
736,-535,18232,5351
737,-535,26861,5352
738,-535,26860,5353
739,-536,18233,5361
740,-536,27178,5362
741,-536,27177,5363
742,-537,20367,5371
743,-537,27182,5372
744,-537,27181,5373
745,-538,20370,5381
746,-538,27180,5382
747,-538,27179,5383
748,-539,5222,5391
749,-539,27658,5392
750,-539,27340,5393
751,-540,5220,5401
752,-540,27659,5402
753,-540,27341,5403
754,-541,5218,5411
755,-541,27660,5412
756,-541,27342,5413
757,-542,5216,5421
758,-542,27661,5422
759,-542,27343,5423
760,-549,17631,5491
761,-549,27193,5492
762,-549,27094,5493
763,-550,18465,5501
764,-550,26869,5502
765,-550,27098,5503
766,-551,17716,5511
767,-551,26855,5512
768,-551,27185,5513
769,-552,17717,5521
770,-552,27183,5522
771,-552,27186,5523
772,-553,17718,5531
773,-553,27184,5532
774,-553,27187,5533
775,-554,19462,5541
776,-554,26867,5542
777,-554,27189,5543
778,-555,19463,5551
779,-555,26868,5552
780,-555,27188,5553
781,-556,18280,5561
782,-556,26863,5562
783,-556,26862,5563
784,-557,18281,5571
785,-557,27192,5572
786,-557,27191,5573
787,-559,18523,5591
788,-559,27323,5592
789,-559,26873,5593
790,-560,18524,5601
791,-560,27322,5602
792,-560,26872,5603
793,-561,17665,5611
794,-561,26857,5612
795,-561,27194,5613
796,-562,17666,5621
797,-562,26858,5622
798,-562,27195,5623
799,-563,18679,5631
800,-563,27197,5632
801,-563,27196,5633
802,-564,18678,5641
803,-564,27199,5642
804,-564,27198,5643
805,-565,18552,5651
806,-565,27203,5652
807,-565,27202,5653
808,-566,18553,5661
809,-566,27201,5662
810,-566,27200,5663
811,-567,19453,5671
812,-567,27204,5672
813,-567,27206,5673
814,-568,19455,5681
815,-568,27205,5682
816,-568,27207,5683
817,-569,17845,5691
818,-569,27208,5692
819,-569,27210,5693
820,-570,17846,5701
821,-570,27209,5702
822,-570,27211,5703
823,-571,18168,5711
824,-571,27215,5712
825,-571,27214,5713
826,-572,18769,5721
827,-572,27213,5722
828,-572,27212,5723
829,-573,19144,5731
830,-573,27219,5732
831,-573,27218,5733
832,-574,19145,5741
833,-574,27217,5742
834,-574,27216,5743
835,-575,18951,5751
836,-575,27220,5752
837,-575,27221,5753
838,-576,18175,5761
839,-576,27222,5762
840,-576,27223,5763
841,-577,17755,5771
842,-577,26856,5772
843,-577,27228,5773
844,-578,17587,5781
845,-578,27232,5782
846,-578,27231,5783
847,-579,17588,5791
848,-579,27230,5792
849,-579,27229,5793
850,-580,17656,5801
851,-580,27233,5802
852,-580,27234,5803
853,-581,17657,5811
854,-581,27235,5812
855,-581,27236,5813
856,-582,18674,5821
857,-582,26877,5822
858,-582,26878,5823
859,-583,18675,5831
860,-583,27237,5832
861,-583,27238,5833
862,-584,18685,5841
863,-584,27540,5842
864,-584,27541,5843
865,-585,18510,5851
866,-585,27241,5852
867,-585,27242,5853
868,-586,18084,5861
869,-586,27245,5862
870,-586,27246,5863
871,-587,18083,5871
872,-587,27243,5872
873,-587,27244,5873
874,-588,18505,5881
875,-588,27247,5882
876,-588,27248,5883
877,-589,18506,5891
878,-589,27249,5892
879,-589,27250,5893
880,-590,19260,5901
881,-590,27224,5902
882,-590,27227,5903
883,-591,20620,5911
884,-591,27225,5912
885,-591,27226,5913
886,-592,18240,5921
887,-592,27253,5922
888,-592,27254,5923
889,-593,18942,5931
890,-593,27251,5932
891,-593,27252,5933
892,-594,18970,5941
893,-594,27261,5942
894,-594,27262,5943
895,-595,17636,5951
896,-595,27259,5952
897,-595,27260,5953
898,-596,18867,5961
899,-596,27255,5962
900,-596,27256,5963
901,-597,18481,5971
902,-597,27257,5972
903,-597,27258,5973
904,-598,18858,5981
905,-598,26875,5982
906,-598,26896,5983
907,-599,18547,5991
908,-599,27263,5992
909,-599,27264,5993
910,-600,20678,6001
911,-600,27656,6002
912,-600,26866,6003
913,-601,20675,6011
914,-601,27657,6012
915,-601,26886,6013
916,-602,18653,6021
917,-602,27265,6022
918,-602,27266,6023
919,-603,18654,6031
920,-603,27267,6032
921,-603,27268,6033
922,-604,17943,6041
923,-604,27269,6042
924,-604,27270,6043
925,-605,18367,6051
926,-605,26864,6052
927,-605,27272,6053
928,-606,20682,6061
929,-606,27271,6062
930,-606,27273,6063
931,-607,19021,6071
932,-607,27277,6072
933,-607,27276,6073
934,-608,19020,6081
935,-608,27282,6082
936,-608,27281,6083
937,-612,17819,6121
938,-612,27280,6122
939,-612,22021,6123
940,-613,20739,6131
941,-613,27275,6132
942,-613,27274,6133
943,-614,20773,6141
944,-614,27283,6142
945,-614,27284,6143
946,-615,20772,6151
947,-615,22027,6152
948,-615,27289,6153
949,-616,20778,6161
950,-616,27285,6162
951,-616,27286,6163
952,-617,20779,6171
953,-617,27287,6172
954,-617,27288,6173
955,-618,17566,6181
956,-618,26881,6182
957,-618,27290,6183
958,-619,18588,6191
959,-619,27294,6192
960,-619,27293,6193
961,-620,18589,6201
962,-620,27292,6202
963,-620,27291,6203
964,-623,2608,6231
965,-623,27297,6232
966,-623,27300,6233
967,-624,17596,6241
968,-624,27298,6242
969,-624,27299,6243
970,-627,18289,6271
971,-627,27301,6272
972,-627,27302,6273
973,-628,18292,6281
974,-628,26879,6282
975,-628,27305,6283
976,-629,18293,6291
977,-629,26880,6292
978,-629,27304,6293
979,-630,19073,6301
980,-630,27306,6302
981,-630,27309,6303
982,-631,19074,6311
983,-631,27307,6312
984,-631,27308,6313
985,-634,18598,6341
986,-634,27310,6342
987,-634,27311,6343
988,-635,19267,6351
989,-635,27312,6352
990,-635,27315,6353
991,-636,19268,6361
992,-636,27313,6362
993,-636,27314,6363
994,-637,19224,6371
995,-637,26975,6372
996,-637,26976,6373
997,-638,19225,6381
998,-638,26977,6382
999,-638,26978,6383
1000,-639,19295,6391
1001,-639,27316,6392
1002,-639,27318,6393
1003,-640,19296,6401
1004,-640,27317,6402
1005,-640,27319,6403
1006,-641,17614,6411
1007,-641,27320,6412
1008,-641,27321,6413
1009,-647,20918,6471
1010,-647,27333,6472
1011,-647,27332,6473
1012,-648,18997,6481
1013,-648,27331,6482
1014,-648,27330,6483
1015,-649,18996,6491
1016,-649,27335,6492
1017,-649,27334,6493
1018,-650,19360,6501
1019,-650,27347,6502
1020,-650,27346,6503
1021,-651,19359,6511
1022,-651,27349,6512
1023,-651,27348,6513
1024,-652,19033,6521
1025,-652,27353,6522
1026,-652,27352,6523
1027,-653,19032,6531
1028,-653,27351,6532
1029,-653,27350,6533
1030,-654,20937,6541
1031,-654,27354,6542
1032,-654,27355,6543
1033,-655,19006,6551
1034,-655,27356,6552
1035,-655,27357,6553
1036,-656,19007,6561
1037,-656,27358,6562
1038,-656,27359,6563
1039,-657,19013,6571
1040,-657,27360,6572
1041,-657,27361,6573
1042,-658,19377,6581
1043,-658,27366,6582
1044,-658,27367,6583
1045,-659,19378,6591
1046,-659,27370,6592
1047,-659,27371,6593
1048,-660,19420,6601
1049,-660,27375,6602
1050,-660,27374,6603
1051,-661,19421,6611
1052,-661,27373,6612
1053,-661,27372,6613
1054,-662,19171,6621
1055,-662,27376,6622
1056,-662,27377,6623
1057,-663,19172,6631
1058,-663,27378,6632
1059,-663,27379,6633
1060,-664,19573,6641
1061,-664,26926,6642
1062,-664,26925,6643
1063,-665,19301,6651
1064,-665,27380,6652
1065,-665,27382,6653
1066,-666,19302,6661
1067,-666,27381,6662
1068,-666,27383,6663
1069,-667,19350,6671
1070,-667,27365,6672
1071,-667,27364,6673
1072,-668,19351,6681
1073,-668,27363,6682
1074,-668,27362,6683
1075,-669,19354,6691
1076,-669,27386,6692
1077,-669,27385,6693
1078,-670,19151,6701
1079,-670,27390,6702
1080,-670,27389,6703
1081,-671,19152,6711
1082,-671,27388,6712
1083,-671,27387,6713
1084,-672,21007,6721
1085,-672,27415,6722
1086,-672,27414,6723
1087,-674,19356,6741
1088,-674,27391,6742
1089,-674,27392,6743
1090,-675,19140,6751
1091,-675,27394,6752
1092,-675,27393,6753
1093,-676,19155,6761
1094,-676,27395,6762
1095,-676,27396,6763
1096,-677,18333,6771
1097,-677,27410,6772
1098,-677,27411,6773
1099,-678,19158,6781
1100,-678,27397,6782
1101,-678,27399,6783
1102,-679,19159,6791
1103,-679,27398,6792
1104,-679,27400,6793
1105,-680,19411,6801
1106,-680,27404,6802
1107,-680,27403,6803
1108,-681,19413,6811
1109,-681,27402,6812
1110,-681,27401,6813
1111,-682,19370,6821
1112,-682,27407,6822
1113,-682,27406,6823
1114,-683,19379,6831
1115,-683,27408,6832
1116,-683,27409,6833
1117,-684,19139,6841
1118,-684,27413,6842
1119,-684,27412,6843
1120,-685,19311,6851
1121,-685,27417,6852
1122,-685,27416,6853
1123,-686,19312,6861
1124,-686,27419,6862
1125,-686,27418,6863
1126,-687,19118,6871
1127,-687,27420,6872
1128,-687,27422,6873
1129,-688,19119,6881
1130,-688,27421,6882
1131,-688,27423,6883
1132,-689,19120,6891
1133,-689,27424,6892
1134,-689,27425,6893
1135,-690,19138,6901
1136,-690,27426,6902
1137,-690,27427,6903
1138,-691,19344,6911
1139,-691,27430,6912
1140,-691,27431,6913
1141,-692,19345,6921
1142,-692,27428,6922
1143,-692,27429,6923
1144,-693,19408,6931
1145,-693,27432,6932
1146,-693,22029,6933
1147,-694,21246,6941
1148,-694,27477,6942
1149,-694,27847,6943
1150,-695,21247,6951
1151,-695,27475,6952
1152,-695,27476,6953
1153,-696,19439,6961
1154,-696,27433,6962
1155,-696,27434,6963
1156,-697,21431,6971
1157,-697,27435,6972
1158,-697,27436,6973
1159,-698,21093,6981
1160,-698,27448,6982
1161,-698,27447,6983
1162,-699,21105,6991
1163,-699,27439,6992
1164,-699,27440,6993
1165,-700,21104,7001
1166,-700,27437,7002
1167,-700,27442,7003
1168,-701,21147,7011
1169,-701,27443,7012
1170,-701,27445,7013
1171,-702,21148,7021
1172,-702,27444,7022
1173,-702,27446,7023
1174,-703,21120,7031
1175,-703,27449,7032
1176,-703,27450,7033
1177,-704,21152,7041
1178,-704,27452,7042
1179,-704,27454,7043
1180,-705,21151,7051
1181,-705,27451,7052
1182,-705,27453,7053
1183,-706,21249,7061
1184,-706,27455,7062
1185,-706,27457,7063
1186,-707,21248,7071
1187,-707,27456,7072
1188,-707,27458,7073
1189,-708,21250,7081
1190,-708,27460,7082
1191,-708,27461,7083
1192,-709,21251,7091
1193,-709,27459,7092
1194,-709,27462,7093
1195,-710,21457,7101
1196,-710,27463,7102
1197,-710,27465,7103
1198,-711,21454,7111
1199,-711,27464,7112
1200,-711,27466,7113
1201,-712,21202,7121
1202,-712,27468,7122
1203,-712,27470,7123
1204,-713,21207,7131
1205,-713,27467,7132
1206,-713,27469,7133
1207,-714,21354,7141
1208,-714,27471,7142
1209,-714,27474,7143
1210,-715,21357,7151
1211,-715,27472,7152
1212,-715,27473,7153
1213,-716,21306,7161
1214,-716,27478,7162
1215,-716,27479,7163
1216,-717,21254,7171
1217,-717,27480,7172
1218,-717,27481,7173
1219,-718,21466,7181
1220,-718,27482,7182
1221,-718,27484,7183
1222,-719,21467,7191
1223,-719,27483,7192
1224,-719,27485,7193
1225,-720,21708,7201
1226,-720,27489,7202
1227,-720,27488,7203
1228,-721,21479,7211
1229,-721,27438,7212
1230,-721,27441,7213
1231,-723,21492,7231
1232,-723,27495,7232
1233,-723,27653,7233
1234,-724,21491,7241
1235,-724,27494,7242
1236,-724,27652,7243
1237,-725,21493,7251
1238,-725,27496,7252
1239,-725,27654,7253
1240,-726,21496,7261
1241,-726,27497,7262
1242,-726,27655,7263
1243,-727,21498,7271
1244,-727,27486,7272
1245,-727,27487,7273
1246,-728,21501,7281
1247,-728,26850,7282
1248,-728,26851,7283
1249,-729,21523,7291
1250,-729,21502,7292
1251,-729,21518,7293
1252,-730,21522,7301
1253,-730,21503,7302
1254,-730,21519,7303
1255,-731,9553,7311
1256,-731,21528,7312
1257,-731,21535,7313
1258,-734,21558,7341
1259,-734,27502,7342
1260,-734,27505,7343
1261,-735,21557,7351
1262,-735,27503,7352
1263,-735,27504,7353
1264,-736,21569,7361
1265,-736,27500,7362
1266,-736,27498,7363
1267,-737,21570,7371
1268,-737,27501,7372
1269,-737,27499,7373
1270,-738,21577,7381
1271,-738,27506,7382
1272,-738,27508,7383
1273,-739,21578,7391
1274,-739,27507,7392
1275,-739,27509,7393
1276,-740,21579,7401
1277,-740,27510,7402
1278,-740,27512,7403
1279,-741,21580,7411
1280,-741,27511,7412
1281,-741,27513,7413
1282,-743,21614,7431
1283,-743,27520,7432
1284,-743,27522,7433
1285,-744,21615,7441
1286,-744,27521,7442
1287,-744,27523,7443
1288,-745,21624,7451
1289,-745,27527,7452
1290,-745,27524,7453
1291,-746,21625,7461
1292,-746,27526,7462
1293,-746,27525,7463
1294,-749,21647,7491
1295,-749,27517,7492
1296,-749,27514,7493
1297,-750,21648,7501
1298,-750,27518,7502
1299,-750,27516,7503
1300,-751,9728,7511
1301,-751,27519,7512
1302,-751,27515,7513
1303,-752,21651,7521
1304,-752,27538,7522
1305,-752,27539,7523
1306,-753,21652,7531
1307,-753,27533,7532
1308,-753,27534,7533
1309,-754,21653,7541
1310,-754,27532,7542
1311,-754,27537,7543
1312,-755,21654,7551
1313,-755,27535,7552
1314,-755,27536,7553
1315,-756,21655,7561
1316,-756,27239,7562
1317,-756,27240,7563
1318,-759,21667,7591
1319,-759,27543,7592
1320,-759,27542,7593
1321,-760,21672,7601
1322,-760,27545,7602
1323,-760,27546,7603
1324,-761,21673,7611
1325,-761,27544,7612
1326,-761,27547,7613
1327,-762,21686,7621
1328,-762,27548,7622
1329,-762,27550,7623
1330,-763,21687,7631
1331,-763,27549,7632
1332,-763,27551,7633
1333,-767,21719,7671
1334,-767,27565,7672
1335,-767,27563,7673
1336,-768,21718,7681
1337,-768,27564,7682
1338,-768,27562,7683
1339,-769,21722,7691
1340,-769,21754,7692
1341,-769,21756,7693
1342,-770,21721,7701
1343,-770,21755,7702
1344,-770,21763,7703
1345,-771,21731,7711
1346,-771,27552,7712
1347,-771,27554,7713
1348,-772,21732,7721
1349,-772,27553,7722
1350,-772,27555,7723
1351,-773,21739,7731
1352,-773,27529,7732
1353,-773,27528,7733
1354,-774,21740,7741
1355,-774,27531,7742
1356,-774,27530,7743
1357,-775,21743,7751
1358,-775,27560,7752
1359,-775,27561,7753
1360,-778,21784,7781
1361,-778,21790,7782
1362,-778,23582,7783
1363,-779,21783,7791
1364,-779,21794,7792
1365,-779,23583,7793
1366,-780,21802,7801
1367,-780,27558,7802
1368,-780,27557,7803
1369,-781,21803,7811
1370,-781,27559,7812
1371,-781,27556,7813
1372,-782,21812,7821
1373,-782,27567,7822
1374,-782,27568,7823
1375,-783,21813,7831
1376,-783,27566,7832
1377,-783,27569,7833
1378,-792,21851,7921
1379,-792,26854,7922
1380,-792,26853,7923
1381,-793,21881,7931
1382,-793,24178,7932
1383,-793,21886,7933
1384,-794,21882,7941
1385,-794,24172,7942
1386,-794,21887,7943
1387,-801,21898,8011
1388,-801,27570,8012
1389,-801,27571,8013
1390,-802,21906,8021
1391,-802,21948,8022
1392,-802,21961,8023
1393,-803,21909,8031
1394,-803,21951,8032
1395,-803,21962,8033
1396,-804,21913,8041
1397,-804,27492,8042
1398,-804,27491,8043
1399,-805,21912,8051
1400,-805,27493,8052
1401,-805,27490,8053
1402,-806,21945,8061
1403,-806,21936,8062
1404,-806,21937,8063
1405,-807,21944,8071
1406,-807,21935,8072
1407,-807,21938,8073
1408,-808,21967,8081
1409,-808,27572,8082
1410,-808,27573,8083
1411,-809,21966,8091
1412,-809,27574,8092
1413,-809,27575,8093
1414,-810,21983,8101
1415,-810,27577,8102
1416,-810,27576,8103
1417,-811,21997,8111
1418,-811,27581,8112
1419,-811,27580,8113
1420,-812,21990,8121
1421,-812,27579,8122
1422,-812,27578,8123
1423,-813,22007,8131
1424,-813,27583,8132
1425,-813,27582,8133
1426,-816,22048,8161
1427,-816,27585,8162
1428,-816,27584,8163
1429,-817,22049,8171
1430,-817,27587,8172
1431,-817,27586,8173
1432,-818,22053,8181
1433,-818,27588,8182
1434,-818,27590,8183
1435,-819,22052,8191
1436,-819,27589,8192
1437,-819,27591,8193
1438,-820,22068,8201
1439,-820,27593,8202
1440,-820,27595,8203
1441,-821,22069,8211
1442,-821,27592,8212
1443,-821,27594,8213
1444,-822,10508,8221
1445,-822,1034,8222
1446,-822,1036,8223
1447,-833,22159,8331
1448,-833,27599,8332
1449,-833,10593,8333
1450,-839,10536,8391
1451,-839,27597,8392
1452,-839,27600,8393
1453,-847,10658,8471
1454,-847,10659,8472
1455,-847,1064,8473
1456,-861,22268,8611
1457,-861,10730,8612
1458,-861,22271,8613
1459,-870,22321,8701
1460,-870,10791,8702
1461,-870,22325,8703
1462,-871,22323,8711
1463,-871,10793,8712
1464,-871,22327,8713
1465,-882,27987,8821
1466,-882,27993,8822
1467,-882,27988,8823
1468,-905,22482,9051
1469,-905,22483,9052
1470,-905,10961,9053
1471,-916,11053,9161
1472,-916,27994,9162
1473,-916,22577,9163
1474,-922,22617,9221
1475,-922,11089,9222
1476,-922,11092,9223
1477,-928,22662,9281
1478,-928,22668,9282
1479,-928,22660,9283
1480,-937,22673,9371
1481,-937,11194,9372
1482,-937,1172,9373
1483,-946,41412,9461
1484,-946,41414,9462
1485,-946,41413,9463
1486,-947,11259,9471
1487,-947,11264,9472
1488,-947,11263,9473
1489,-949,22731,9491
1490,-949,22736,9492
1491,-949,22737,9493
1492,-950,22732,9501
1493,-950,22741,9502
1494,-950,22738,9503
1495,-962,22816,9621
1496,-962,27605,9622
1497,-962,22817,9623
1498,-976,11456,9761
1499,-976,11457,9762
1500,-976,11463,9763
1501,-982,22941,9821
1502,-982,27606,9822
1503,-982,22945,9823
1504,-983,22942,9831
1505,-983,22944,9832
1506,-983,22946,9833
1507,-1006,41417,10061
1508,-1006,41419,10062
1509,-1006,41418,10063
1510,-1007,21292,10071
1511,-1007,26030,10072
1512,-1007,26031,10073
1513,-1015,41420,10151
1514,-1015,41422,10152
1515,-1015,41421,10153
1516,-1016,23083,10161
1517,-1016,27868,10162
1518,-1016,27867,10163
1519,-1029,23186,10291
1520,-1029,27862,10292
1521,-1029,1290,10293
1522,-1030,23187,10301
1523,-1030,23184,10302
1524,-1030,23176,10303
1525,-1038,23236,10381
1526,-1038,23314,10382
1527,-1038,23318,10383
1528,-1039,23237,10391
1529,-1039,23313,10392
1530,-1039,23317,10393
1531,-1040,27613,10401
1532,-1040,27612,10402
1533,-1040,27611,10403
1534,-1043,23256,10431
1535,-1043,23311,10432
1536,-1043,11962,10433
1537,-1050,23306,10501
1538,-1050,27616,10502
1539,-1050,27614,10503
1540,-1051,23307,10511
1541,-1051,27617,10512
1542,-1051,27615,10513
1543,-1054,23343,10541
1544,-1054,27618,10542
1545,-1054,27619,10543
1546,-1055,23344,10551
1547,-1055,27620,10552
1548,-1055,27621,10553
1549,-1056,23354,10561
1550,-1056,23355,10562
1551,-1056,23356,10563
1552,-1057,23358,10571
1553,-1057,27623,10572
1554,-1057,27625,10573
1555,-1058,23359,10581
1556,-1058,27624,10582
1557,-1058,27626,10583
1558,-1063,23420,10631
1559,-1063,23407,10632
1560,-1063,23418,10633
1561,-1064,23421,10641
1562,-1064,23408,10642
1563,-1064,23419,10643
1564,-1065,23427,10651
1565,-1065,27628,10652
1566,-1065,27627,10653
1567,-1066,23450,10661
1568,-1066,27629,10662
1569,-1066,27630,10663
1570,-1067,23449,10671
1571,-1067,27631,10672
1572,-1067,27632,10673
1573,-1068,23456,10681
1574,-1068,27636,10682
1575,-1068,27633,10683
1576,-1069,23455,10691
1577,-1069,27635,10692
1578,-1069,27634,10693
1579,-1070,23459,10701
1580,-1070,27637,10702
1581,-1070,27638,10703
1582,-1073,23478,10731
1583,-1073,23486,10732
1584,-1073,23488,10733
1585,-1074,23476,10741
1586,-1074,23485,10742
1587,-1074,23487,10743
1588,-1075,23499,10751
1589,-1075,27645,10752
1590,-1075,27640,10753
1591,-1076,23500,10761
1592,-1076,27644,10762
1593,-1076,27639,10763
1594,-1082,23526,10821
1595,-1082,27646,10822
1596,-1082,27647,10823
1597,-1084,23534,10841
1598,-1084,27651,10842
1599,-1084,27648,10843
1600,-1085,23535,10851
1601,-1085,27650,10852
1602,-1085,27649,10853
1603,-1087,23549,10871
1604,-1087,27663,10872
1605,-1087,27665,10873
1606,-1088,23553,10881
1607,-1088,27664,10882
1608,-1088,27666,10883
1609,-1089,23560,10891
1610,-1089,27670,10892
1611,-1089,27667,10893
1612,-1090,23561,10901
1613,-1090,27669,10902
1614,-1090,27668,10903
1615,-1091,23562,10911
1616,-1091,23566,10912
1617,-1091,23574,10913
1618,-1092,23565,10921
1619,-1092,23567,10922
1620,-1092,23575,10923
1621,-1093,23586,10931
1622,-1093,27672,10932
1623,-1093,27671,10933
1624,-1098,23637,10981
1625,-1098,27679,10982
1626,-1098,27680,10983
1627,-1099,23638,10991
1628,-1099,27677,10992
1629,-1099,27678,10993
1630,-1114,23692,11141
1631,-1114,27682,11142
1632,-1114,27684,11143
1633,-1115,23693,11151
1634,-1115,27681,11152
1635,-1115,27683,11153
1636,-1170,23733,11701
1637,-1170,23736,11702
1638,-1170,12662,11703
1639,-1244,23789,12441
1640,-1244,23781,12442
1641,-1244,23785,12443
1642,-1245,23792,12451
1643,-1245,23782,12452
1644,-1245,23786,12453
1645,-1246,23797,12461
1646,-1246,27691,12462
1647,-1246,27689,12463
1648,-1247,23798,12471
1649,-1247,27692,12472
1650,-1247,27690,12473
1651,-1248,23807,12481
1652,-1248,27693,12482
1653,-1248,27694,12483
1654,-1250,23814,12501
1655,-1250,27695,12502
1656,-1250,27696,12503
1657,-1251,23815,12511
1658,-1251,27697,12512
1659,-1251,27698,12513
1660,-1253,23829,12531
1661,-1253,27699,12532
1662,-1253,12876,12533
1663,-1263,23870,12631
1664,-1263,27700,12632
1665,-1263,27703,12633
1666,-1264,23871,12641
1667,-1264,27701,12642
1668,-1264,27702,12643
1669,-1265,12937,12651
1670,-1265,27705,12652
1671,-1265,27704,12653
1672,-1278,23890,12781
1673,-1278,23882,12782
1674,-1278,23886,12783
1675,-1290,23943,12901
1676,-1290,23934,12902
1677,-1290,23935,12903
1678,-1315,23975,13151
1679,-1315,27712,13152
1680,-1315,27711,13153
1681,-1316,23976,13161
1682,-1316,27713,13162
1683,-1316,27710,13163
1684,-1317,23980,13171
1685,-1317,27714,13172
1686,-1317,27717,13173
1687,-1318,23979,13181
1688,-1318,27715,13182
1689,-1318,27716,13183
1690,-1322,24018,13221
1691,-1322,27718,13222
1692,-1322,27719,13223
1693,-1333,24066,13331
1694,-1333,27722,13332
1695,-1333,27723,13333
1696,-1334,24062,13341
1697,-1334,27725,13342
1698,-1334,27724,13343
1699,-1335,24063,13351
1700,-1335,27727,13352
1701,-1335,27726,13353
1702,-1374,24089,13741
1703,-1374,27732,13742
1704,-1374,27731,13743
1705,-1375,24090,13751
1706,-1375,27730,13752
1707,-1375,27729,13753
1708,-1376,24095,13761
1709,-1376,27733,13762
1710,-1376,27734,13763
1711,-1382,24100,13821
1712,-1382,24106,13822
1713,-1382,27999,13823
1714,-1385,41751,13851
1715,-1385,41752,13852
1716,-1385,41753,13853
1717,-1386,41754,13861
1718,-1386,41755,13862
1719,-1386,41756,13863
1720,-1387,41757,13871
1721,-1387,41758,13872
1722,-1387,41759,13873
1723,-1388,41760,13881
1724,-1388,41761,13882
1725,-1388,41762,13883
1726,-1389,41763,13891
1727,-1389,41764,13892
1728,-1389,41765,13893
1729,-1390,41766,13901
1730,-1390,41767,13902
1731,-1390,41768,13903
1732,-1391,41769,13911
1733,-1391,41770,13912
1734,-1391,41771,13913
1735,-1392,41772,13921
1736,-1392,41773,13922
1737,-1392,41774,13923
1738,-1393,41775,13931
1739,-1393,41776,13932
1740,-1393,41777,13933
1741,-1394,41778,13941
1742,-1394,41779,13942
1743,-1394,41780,13943
1744,-1395,41781,13951
1745,-1395,41782,13952
1746,-1395,41783,13953
1747,-1396,41784,13961
1748,-1396,41785,13962
1749,-1396,41786,13963
1750,-1397,41787,13971
1751,-1397,41788,13972
1752,-1397,41789,13973
1753,-1398,41790,13981
1754,-1398,41791,13982
1755,-1398,41792,13983
1756,-1399,41793,13991
1757,-1399,41794,13992
1758,-1399,41795,13993
1759,-1400,41796,14001
1760,-1400,41797,14002
1761,-1400,41798,14003
1762,-1401,41799,14011
1763,-1401,41800,14012
1764,-1401,41801,14013
1765,-1402,41802,14021
1766,-1402,41803,14022
1767,-1402,41804,14023
1768,-1403,41805,14031
1769,-1403,41806,14032
1770,-1403,41807,14033
1771,-1404,41808,14041
1772,-1404,41809,14042
1773,-1404,41810,14043
1774,-1405,41811,14051
1775,-1405,41812,14052
1776,-1405,41813,14053
1777,-1406,41814,14061
1778,-1406,41815,14062
1779,-1406,41816,14063
1780,-1407,41817,14071
1781,-1407,41818,14072
1782,-1407,41819,14073
1783,-1408,41820,14081
1784,-1408,41821,14082
1785,-1408,41822,14083
1786,-1409,41823,14091
1787,-1409,41824,14092
1788,-1409,41825,14093
1789,-1410,41826,14101
1790,-1410,41827,14102
1791,-1410,41828,14103
1792,-1411,41829,14111
1793,-1411,41830,14112
1794,-1411,41831,14113
1795,-1412,41832,14121
1796,-1412,41833,14122
1797,-1412,41834,14123
1798,-1413,41835,14131
1799,-1413,41836,14132
1800,-1413,41837,14133
1801,-1414,41838,14141
1802,-1414,41839,14142
1803,-1414,41840,14143
1804,-1415,24134,14151
1805,-1415,27736,14152
1806,-1415,27735,14153
1807,-1417,13349,14171
1808,-1417,15945,14172
1809,-1417,24138,14173
1810,-1418,24150,14181
1811,-1418,27740,14182
1812,-1418,27739,14183
1813,-1419,24151,14191
1814,-1419,27738,14192
1815,-1419,27737,14193
1816,-1421,24166,14211
1817,-1421,27742,14212
1818,-1421,27741,14213
1819,-1428,24215,14281
1820,-1428,27746,14282
1821,-1428,27743,14283
1822,-1429,24216,14291
1823,-1429,27745,14292
1824,-1429,27744,14293
1825,-1465,24248,14651
1826,-1465,27748,14652
1827,-1465,27747,14653
1828,-1466,24249,14661
1829,-1466,27750,14662
1830,-1466,27749,14663
1831,-1469,24255,14691
1832,-1469,24276,14692
1833,-1469,24278,14693
1834,-1470,24256,14701
1835,-1470,24275,14702
1836,-1470,24277,14703
1837,-1472,24222,14721
1838,-1472,24224,14722
1839,-1472,13672,14723
1840,-1514,24314,15141
1841,-1514,27756,15142
1842,-1514,27755,15143
1843,-1515,24315,15151
1844,-1515,27757,15152
1845,-1515,27754,15153
1846,-1516,24322,15161
1847,-1516,27760,15162
1848,-1516,27759,15163
1849,-1517,24321,15171
1850,-1517,27761,15172
1851,-1517,27758,15173
1852,-1518,24327,15181
1853,-1518,27764,15182
1854,-1518,27765,15183
1855,-1519,24325,15191
1856,-1519,27762,15192
1857,-1519,27763,15193
1858,-1520,26378,15201
1859,-1520,27955,15202
1860,-1520,27956,15203
1861,-1524,24359,15241
1862,-1524,27766,15242
1863,-1524,27767,15243
1864,-1525,24363,15251
1865,-1525,27768,15252
1866,-1525,27769,15253
1867,-1526,24364,15261
1868,-1526,27770,15262
1869,-1526,27771,15263
1870,-1527,24369,15271
1871,-1527,27774,15272
1872,-1527,27775,15273
1873,-1528,24367,15281
1874,-1528,27772,15282
1875,-1528,27773,15283
1876,-1529,24368,15291
1877,-1529,27776,15292
1878,-1529,27777,15293
1879,-1532,24383,15321
1880,-1532,27778,15322
1881,-1532,27779,15323
1882,-1533,24382,15331
1883,-1533,27780,15332
1884,-1533,27781,15333
1885,-1535,24402,15351
1886,-1535,27782,15352
1887,-1535,27783,15353
1888,-1536,24403,15361
1889,-1536,27784,15362
1890,-1536,27785,15363
1891,-1538,24419,15381
1892,-1538,27788,15382
1893,-1538,27789,15383
1894,-1539,24418,15391
1895,-1539,27786,15392
1896,-1539,27787,15393
1897,-1574,24433,15741
1898,-1574,27790,15742
1899,-1574,27791,15743
1900,-1575,24432,15751
1901,-1575,27792,15752
1902,-1575,27793,15753
1903,-1576,24441,15761
1904,-1576,27796,15762
1905,-1576,27797,15763
1906,-1577,24442,15771
1907,-1577,27794,15772
1908,-1577,27795,15773
1909,-1584,13937,15841
1910,-1584,13947,15842
1911,-1584,27798,15843
1912,-1592,24520,15921
1913,-1592,24685,15922
1914,-1592,14304,15923
1915,-1593,24521,15931
1916,-1593,24686,15932
1917,-1593,14305,15933
1918,-1594,24522,15941
1919,-1594,24534,15942
1920,-1594,24536,15943
1921,-1595,24523,15951
1922,-1595,24535,15952
1923,-1595,24537,15953
1924,-1596,24546,15961
1925,-1596,27799,15962
1926,-1596,27802,15963
1927,-1597,24547,15971
1928,-1597,27800,15972
1929,-1597,27801,15973
1930,-1598,24550,15981
1931,-1598,24681,15982
1932,-1598,14280,15983
1933,-1599,24563,15991
1934,-1599,14340,15992
1935,-1599,14343,15993
1936,-1600,24564,16001
1937,-1600,14342,16002
1938,-1600,14344,16003
1939,-1610,24644,16101
1940,-1610,24645,16102
1941,-1610,14207,16103
1942,-1611,24622,16111
1943,-1611,24625,16112
1944,-1611,24007,16113
1945,-1613,24636,16131
1946,-1613,27803,16132
1947,-1613,27804,16133
1948,-1614,24637,16141
1949,-1614,27805,16142
1950,-1614,27806,16143
1951,-1618,14249,16181
1952,-1618,14260,16182
1953,-1618,24661,16183
1954,-1623,24729,16231
1955,-1623,27807,16232
1956,-1623,27808,16233
1957,-1624,24739,16241
1958,-1624,27809,16242
1959,-1624,27810,16243
1960,-1625,24738,16251
1961,-1625,27811,16252
1962,-1625,27812,16253
1963,-1627,24754,16271
1964,-1627,27818,16272
1965,-1627,27814,16273
1966,-1628,24752,16281
1967,-1628,27819,16282
1968,-1628,27815,16283
1969,-1630,24761,16301
1970,-1630,28000,16302
1971,-1630,27816,16303
1972,-1631,24747,16311
1973,-1631,27820,16312
1974,-1631,27813,16313
1975,-1715,42219,17151
1976,-1715,42221,17152
1977,-1715,42220,17153
1978,-1716,42222,17161
1979,-1716,42223,17162
1980,-1716,42224,17163
1981,-1717,42225,17171
1982,-1717,42226,17172
1983,-1717,42227,17173
1984,-1718,42228,17181
1985,-1718,42229,17182
1986,-1718,42230,17183
1987,-1719,42231,17191
1988,-1719,42232,17192
1989,-1719,42233,17193
1990,-1720,42234,17201
1991,-1720,42235,17202
1992,-1720,42236,17203
1993,-1721,42237,17211
1994,-1721,42238,17212
1995,-1721,42239,17213
1996,-1722,42240,17221
1997,-1722,42241,17222
1998,-1722,42242,17223
1999,-1723,42243,17231
2000,-1723,42244,17232
2001,-1723,42245,17233
2002,-1724,42246,17241
2003,-1724,42247,17242
2004,-1724,42248,17243
2005,-1725,42249,17251
2006,-1725,42250,17252
2007,-1725,42251,17253
2008,-1726,42252,17261
2009,-1726,42253,17262
2010,-1726,42254,17263
2011,-1727,42255,17271
2012,-1727,42256,17272
2013,-1727,42257,17273
2014,-1728,42258,17281
2015,-1728,42259,17282
2016,-1728,42260,17283
2017,-1729,42261,17291
2018,-1729,42262,17292
2019,-1729,42263,17293
2020,-1730,42264,17301
2021,-1730,42265,17302
2022,-1730,42266,17303
2023,-1731,42267,17311
2024,-1731,42268,17312
2025,-1731,42269,17313
2026,-1732,42270,17321
2027,-1732,42271,17322
2028,-1732,42272,17323
2029,-1733,42273,17331
2030,-1733,42274,17332
2031,-1733,42275,17333
2032,-1734,42276,17341
2033,-1734,42277,17342
2034,-1734,42278,17343
2035,-1735,42279,17351
2036,-1735,42280,17352
2037,-1735,42281,17353
2038,-1737,24806,17371
2039,-1737,27824,17372
2040,-1737,27821,17373
2041,-1738,24807,17381
2042,-1738,27823,17382
2043,-1738,27822,17383
2044,-1740,24815,17401
2045,-1740,27826,17402
2046,-1740,27828,17403
2047,-1741,24816,17411
2048,-1741,27827,17412
2049,-1741,27829,17413
2050,-1742,24822,17421
2051,-1742,27830,17422
2052,-1742,27831,17423
2053,-1743,24825,17431
2054,-1743,27834,17432
2055,-1743,27835,17433
2056,-1744,24826,17441
2057,-1744,27832,17442
2058,-1744,27833,17443
2059,-1746,24836,17461
2060,-1746,27836,17462
2061,-1746,27837,17463
2062,-1753,24891,17531
2063,-1753,27840,17532
2064,-1753,27838,17533
2065,-1754,24892,17541
2066,-1754,27841,17542
2067,-1754,27839,17543
2068,-1757,24897,17571
2069,-1757,24920,17572
2070,-1757,14643,17573
2071,-1763,42282,17631
2072,-1763,42283,17632
2073,-1763,42284,17633
2074,-1764,42285,17641
2075,-1764,42286,17642
2076,-1764,42287,17643
2077,-1765,42288,17651
2078,-1765,42289,17652
2079,-1765,42290,17653
2080,-1766,42291,17661
2081,-1766,42292,17662
2082,-1766,42293,17663
2083,-1767,42294,17671
2084,-1767,42295,17672
2085,-1767,42296,17673
2086,-1768,42297,17681
2087,-1768,42298,17682
2088,-1768,42299,17683
2089,-1769,42300,17691
2090,-1769,42301,17692
2091,-1769,42302,17693
2092,-1770,42303,17701
2093,-1770,42304,17702
2094,-1770,42305,17703
2095,-1771,42306,17711
2096,-1771,42307,17712
2097,-1771,42308,17713
2098,-1775,24962,17751
2099,-1775,27845,17752
2100,-1775,27843,17753
2101,-1776,24961,17761
2102,-1776,27844,17762
2103,-1776,27842,17763
2104,-1786,25030,17861
2105,-1786,25031,17862
2106,-1786,14772,17863
2107,-1791,25053,17911
2108,-1791,28004,17912
2109,-1791,14794,17913
2110,-1794,14810,17941
2111,-1794,25065,17942
2112,-1794,25066,17943
2113,-1801,25114,18011
2114,-1801,14870,18012
2115,-1801,25117,18013
2116,-1836,25213,18361
2117,-1836,27848,18362
2118,-1836,27851,18363
2119,-1837,25214,18371
2120,-1837,27849,18372
2121,-1837,27852,18373
2122,-1838,25219,18381
2123,-1838,27850,18382
2124,-1838,27853,18383
2125,-1839,25224,18391
2126,-1839,27856,18392
2127,-1839,27854,18393
2128,-1840,25225,18401
2129,-1840,27857,18402
2130,-1840,27855,18403
2131,-1841,25226,18411
2132,-1841,27858,18412
2133,-1841,27859,18413
2134,-1842,25230,18421
2135,-1842,27861,18422
2136,-1842,27860,18423
2137,-1850,25287,18501
2138,-1850,27863,18502
2139,-1850,27865,18503
2140,-1851,25288,18511
2141,-1851,27864,18512
2142,-1851,27866,18513
2143,-1852,25290,18521
2144,-1852,25291,18522
2145,-1852,25300,18523
2146,-1853,25296,18531
2147,-1853,25460,18532
2148,-1853,42361,18533
2149,-1854,25297,18541
2150,-1854,25462,18542
2151,-1854,42362,18543
2152,-1858,25319,18581
2153,-1858,15129,18582
2154,-1858,25323,18583
2155,-1891,24669,18911
2156,-1891,24676,18912
2157,-1891,14266,18913
2158,-1892,25373,18921
2159,-1892,27870,18922
2160,-1892,27869,18923
2161,-1932,25378,19321
2162,-1932,25388,19322
2163,-1932,25405,19323
2164,-1933,25383,19331
2165,-1933,25389,19332
2166,-1933,25404,19333
2167,-1934,25412,19341
2168,-1934,27874,19342
2169,-1934,27873,19343
2170,-1935,25413,19351
2171,-1935,27872,19352
2172,-1935,27871,19353
2173,-1944,15342,19441
2174,-1944,25432,19442
2175,-1944,25433,19443
2176,-1945,25455,19451
2177,-1945,27877,19452
2178,-1945,27875,19453
2179,-1946,25454,19461
2180,-1946,27878,19462
2181,-1946,27876,19463
2182,-1954,25483,19541
2183,-1954,15418,19542
2184,-1954,25479,19543
2185,-1960,25564,19601
2186,-1960,25582,19602
2187,-1960,25580,19603
2188,-1961,25569,19611
2189,-1961,25583,19612
2190,-1961,25581,19613
2191,-1962,25517,19621
2192,-1962,27887,19622
2193,-1962,27889,19623
2194,-1963,25518,19631
2195,-1963,27888,19632
2196,-1963,27890,19633
2197,-1966,25548,19661
2198,-1966,27879,19662
2199,-1966,27881,19663
2200,-1967,25549,19671
2201,-1967,27880,19672
2202,-1967,27882,19673
2203,-1968,25557,19681
2204,-1968,27885,19682
2205,-1968,27883,19683
2206,-1969,25559,19691
2207,-1969,27884,19692
2208,-1969,27886,19693
2209,-1978,25609,19781
2210,-1978,15664,19782
2211,-1978,25611,19783
2212,-1983,25647,19831
2213,-1983,27894,19832
2214,-1983,27893,19833
2215,-1984,25648,19841
2216,-1984,27891,19842
2217,-1984,27892,19843
2218,-1999,25706,19991
2219,-1999,27896,19992
2220,-1999,27895,19993
2221,-2000,25713,20001
2222,-2000,27897,20002
2223,-2000,27900,20003
2224,-2001,25715,20011
2225,-2001,27898,20012
2226,-2001,27899,20013
2227,-2009,25767,20091
2228,-2009,28008,20092
2229,-2009,25769,20093
2230,-2015,25740,20151
2231,-2015,25745,20152
2232,-2015,25755,20153
2233,-2027,25844,20271
2234,-2027,27902,20272
2235,-2027,27901,20273
2236,-2032,25888,20321
2237,-2032,27905,20322
2238,-2032,27903,20323
2239,-2033,25884,20331
2240,-2033,27906,20332
2241,-2033,27904,20333
2242,-2034,25898,20341
2243,-2034,27907,20342
2244,-2034,27909,20343
2245,-2035,25897,20351
2246,-2035,27908,20352
2247,-2035,27910,20353
2248,-2038,25912,20381
2249,-2038,27912,20382
2250,-2038,27911,20383
2251,-2049,25988,20491
2252,-2049,27914,20492
2253,-2049,27913,20493
2254,-2058,26052,20581
2255,-2058,27916,20582
2256,-2058,27918,20583
2257,-2059,26058,20591
2258,-2059,27915,20592
2259,-2059,27917,20593
2260,-2065,26111,20651
2261,-2065,27919,20652
2262,-2065,27923,20653
2263,-2066,26114,20661
2264,-2066,27920,20662
2265,-2066,27924,20663
2266,-2067,26122,20671
2267,-2067,27922,20672
2268,-2067,27925,20673
2269,-2068,26123,20681
2270,-2068,27921,20682
2271,-2068,27926,20683
2272,-2071,16364,20711
2273,-2071,27931,20712
2274,-2071,27929,20713
2275,-2072,16362,20721
2276,-2072,27932,20722
2277,-2072,27930,20723
2278,-2074,26140,20741
2279,-2074,27933,20742
2280,-2074,27934,20743
2281,-2084,26212,20841
2282,-2084,27935,20842
2283,-2084,27937,20843
2284,-2085,26213,20851
2285,-2085,27936,20852
2286,-2085,27938,20853
2287,-2088,26224,20881
2288,-2088,26225,20882
2289,-2088,16495,20883
2290,-2090,26248,20901
2291,-2090,27939,20902
2292,-2090,27941,20903
2293,-2091,26249,20911
2294,-2091,27940,20912
2295,-2091,27942,20913
2296,-2092,26253,20921
2297,-2092,27943,20922
2298,-2092,27944,20923
2299,-2100,26266,21001
2300,-2100,27945,21002
2301,-2100,27946,21003
2302,-2101,26270,21011
2303,-2101,27947,21012
2304,-2101,27948,21013
2305,-2102,26269,21021
2306,-2102,27949,21022
2307,-2102,27950,21023
2308,-2117,26355,21171
2309,-2117,27951,21172
2310,-2117,27952,21173
2311,-2118,26356,21181
2312,-2118,27953,21182
2313,-2118,27954,21183
2314,-2126,26409,21261
2315,-2126,26416,21262
2316,-2126,26423,21263
2317,-2127,26414,21271
2318,-2127,26431,21272
2319,-2127,26424,21273
2320,-2135,26471,21351
2321,-2135,27957,21352
2322,-2135,27964,21353
2323,-2136,26472,21361
2324,-2136,27958,21362
2325,-2136,27963,21363
2326,-2137,26473,21371
2327,-2137,27959,21372
2328,-2137,27962,21373
2329,-2138,26474,21381
2330,-2138,27960,21382
2331,-2138,27961,21383
2332,-2141,26489,21411
2333,-2141,27966,21412
2334,-2141,27967,21413
2335,-2142,42517,21421
2336,-2142,42519,21422
2337,-2142,42518,21423
2338,-2144,42522,21441
2339,-2144,42524,21442
2340,-2144,42523,21443
2341,-2166,42557,21661
2342,-2166,42559,21662
2343,-2166,42558,21663
2344,-2168,26545,21681
2345,-2168,27971,21682
2346,-2168,27968,21683
2347,-2169,26546,21691
2348,-2169,27970,21692
2349,-2169,27969,21693
2350,-2170,26551,21701
2351,-2170,27972,21702
2352,-2170,27973,21703
2353,-2180,16991,21801
2354,-2180,16990,21802
2355,-2180,17002,21803
2356,-2181,16992,21811
2357,-2181,16993,21812
2358,-2181,17003,21813
2359,-2204,26613,22041
2360,-2204,26619,22042
2361,-2204,26621,22043
2362,-2207,42563,22071
2363,-2207,42564,22072
2364,-2207,42562,22073
2365,-2208,42566,22081
2366,-2208,42567,22082
2367,-2208,42565,22083
2368,-2224,42599,22241
2369,-2224,42600,22242
2370,-2224,42598,22243
2371,-2225,42602,22251
2372,-2225,42603,22252
2373,-2225,42601,22253
2374,-2243,26667,22431
2375,-2243,27981,22432
2376,-2243,27978,22433
2377,-2244,26666,22441
2378,-2244,27980,22442
2379,-2244,27979,22443
2380,-2258,42638,22581
2381,-2258,42639,22582
2382,-2258,42640,22583
2383,-2259,42641,22591
2384,-2259,42643,22592
2385,-2259,42642,22593
2386,-2275,42674,22751
2387,-2275,42675,22752
2388,-2275,42676,22753
2389,-2276,42677,22761
2390,-2276,42679,22762
2391,-2276,42678,22763
2392,-2292,42710,22921
2393,-2292,42711,22922
2394,-2292,42712,22923
2395,-2293,42713,22931
2396,-2293,42715,22932
2397,-2293,42714,22933
2398,-2306,18023,23061
2399,-2306,18016,23062
2400,-2306,18020,23063
2401,-2310,42746,23101
2402,-2310,42747,23102
2403,-2310,42748,23103
2404,-2311,42749,23111
2405,-2311,42751,23112
2406,-2311,42750,23113
2407,-2327,42782,23271
2408,-2327,42783,23272
2409,-2327,42784,23273
2410,-2328,42785,23281
2411,-2328,42786,23282
2412,-2328,42787,23283
2413,-2329,42788,23291
2414,-2329,42789,23292
2415,-2329,42790,23293
2416,-2330,42791,23301
2417,-2330,42792,23302
2418,-2330,42793,23303
2419,-2331,42794,23311
2420,-2331,42795,23312
2421,-2331,42796,23313
2422,-2332,42797,23321
2423,-2332,42798,23322
2424,-2332,42799,23323
2425,-2333,42800,23331
2426,-2333,42801,23332
2427,-2333,42802,23333
2428,-2334,42803,23341
2429,-2334,42804,23342
2430,-2334,42805,23343
2431,-2335,42806,23351
2432,-2335,42807,23352
2433,-2335,42808,23353
2434,-2336,42809,23361
2435,-2336,42810,23362
2436,-2336,42811,23363
2437,-2337,42812,23371
2438,-2337,42813,23372
2439,-2337,42814,23373
2440,-2338,42815,23381
2441,-2338,42816,23382
2442,-2338,42817,23383
2443,-2339,42818,23391
2444,-2339,42819,23392
2445,-2339,42820,23393
2446,-2340,42821,23401
2447,-2340,42822,23402
2448,-2340,42823,23403
2449,-2341,42824,23411
2450,-2341,42825,23412
2451,-2341,42826,23413
2452,-2342,42827,23421
2453,-2342,42828,23422
2454,-2342,42829,23423
2455,-2343,42830,23431
2456,-2343,42831,23432
2457,-2343,42832,23433
2458,-2344,42833,23441
2459,-2344,42834,23442
2460,-2344,42835,23443
2461,-2345,42836,23451
2462,-2345,42837,23452
2463,-2345,42838,23453
2464,-2346,42839,23461
2465,-2346,42840,23462
2466,-2346,42841,23463
2467,-2347,42842,23471
2468,-2347,42843,23472
2469,-2347,42844,23473
2470,-2348,42845,23481
2471,-2348,42846,23482
2472,-2348,42847,23483
2473,-2349,42848,23491
2474,-2349,42849,23492
2475,-2349,42850,23493
2476,-2350,42851,23501
2477,-2350,42852,23502
2478,-2350,42853,23503
2479,-2351,42854,23511
2480,-2351,42855,23512
2481,-2351,42856,23513
2482,-2352,42857,23521
2483,-2352,42858,23522
2484,-2352,42859,23523
2485,-2353,42860,23531
2486,-2353,42861,23532
2487,-2353,42862,23533
2488,-2354,42863,23541
2489,-2354,42864,23542
2490,-2354,42865,23543
2491,-2355,42866,23551
2492,-2355,42867,23552
2493,-2355,42868,23553
2494,-2356,42869,23561
2495,-2356,42870,23562
2496,-2356,42871,23563
2497,-2357,42872,23571
2498,-2357,42873,23572
2499,-2357,42874,23573
2500,-2358,42875,23581
2501,-2358,42876,23582
2502,-2358,42877,23583
2503,-2359,42878,23591
2504,-2359,42879,23592
2505,-2359,42880,23593
2506,-2360,42881,23601
2507,-2360,42882,23602
2508,-2360,42883,23603
2509,-2361,42884,23611
2510,-2361,42885,23612
2511,-2361,42886,23613
2512,-2362,42887,23621
2513,-2362,42888,23622
2514,-2362,42889,23623
2515,-2363,42890,23631
2516,-2363,42891,23632
2517,-2363,42892,23633
2518,-2364,42893,23641
2519,-2364,42894,23642
2520,-2364,42895,23643
2521,-2365,42896,23651
2522,-2365,42897,23652
2523,-2365,42898,23653
2524,-2366,42899,23661
2525,-2366,42900,23662
2526,-2366,42901,23663
2527,-2367,42902,23671
2528,-2367,42903,23672
2529,-2367,42904,23673
2530,-2368,42905,23681
2531,-2368,42906,23682
2532,-2368,42907,23683
2533,-2369,42908,23691
2534,-2369,42909,23692
2535,-2369,42910,23693
2536,-2370,42911,23701
2537,-2370,42912,23702
2538,-2370,42913,23703
2539,-2371,42914,23711
2540,-2371,42915,23712
2541,-2371,42916,23713
2542,-2372,42917,23721
2543,-2372,42918,23722
2544,-2372,42919,23723
2545,-2373,42920,23731
2546,-2373,42921,23732
2547,-2373,42922,23733
2548,-2374,42923,23741
2549,-2374,42924,23742
2550,-2374,42925,23743
2551,-2375,42926,23751
2552,-2375,42927,23752
2553,-2375,42928,23753
2554,-2376,42929,23761
2555,-2376,42930,23762
2556,-2376,42931,23763
2557,-2415,43008,24151
2558,-2415,43009,24152
2559,-2415,43010,24153
2560,-2416,43011,24161
2561,-2416,43012,24162
2562,-2416,43013,24163
2563,-2417,43014,24171
2564,-2417,43015,24172
2565,-2417,43016,24173
2566,-2418,43017,24181
2567,-2418,43018,24182
2568,-2418,43019,24183
2569,-2419,43020,24191
2570,-2419,43021,24192
2571,-2419,43022,24193
2572,-2420,43023,24201
2573,-2420,43024,24202
2574,-2420,43025,24203
2575,-2421,43026,24211
2576,-2421,43027,24212
2577,-2421,43028,24213
2578,-2422,43029,24221
2579,-2422,43030,24222
2580,-2422,43031,24223
2581,-2423,43032,24231
2582,-2423,43033,24232
2583,-2423,43034,24233
2584,-2424,43035,24241
2585,-2424,43036,24242
2586,-2424,43037,24243
2587,-2425,43038,24251
2588,-2425,43039,24252
2589,-2425,43040,24253
2590,-2426,43041,24261
2591,-2426,43042,24262
2592,-2426,43043,24263
2593,-2427,43044,24271
2594,-2427,43045,24272
2595,-2427,43046,24273
2596,-2428,43047,24281
2597,-2428,43048,24282
2598,-2428,43049,24283
2599,-2429,43050,24291
2600,-2429,43051,24292
2601,-2429,43052,24293
2602,-2430,43053,24301
2603,-2430,43054,24302
2604,-2430,43055,24303
2605,-2431,43056,24311
2606,-2431,43057,24312
2607,-2431,43058,24313
2608,-2432,43059,24321
2609,-2432,43060,24322
2610,-2432,43061,24323
2611,-2433,43062,24331
2612,-2433,43063,24332
2613,-2433,43064,24333
2614,-2472,43143,24721
2615,-2472,43144,24722
2616,-2472,43145,24723
2617,-2473,43146,24731
2618,-2473,43147,24732
2619,-2473,43148,24733
2620,-2474,43149,24741
2621,-2474,43150,24742
2622,-2474,43151,24743
2623,-2475,43152,24751
2624,-2475,43153,24752
2625,-2475,43154,24753
2626,-2476,43155,24761
2627,-2476,43156,24762
2628,-2476,43157,24763
2629,-2477,43158,24771
2630,-2477,43159,24772
2631,-2477,43160,24773
2632,-2478,43161,24781
2633,-2478,43162,24782
2634,-2478,43163,24783
2635,-2479,43164,24791
2636,-2479,43165,24792
2637,-2479,43166,24793
2638,-2480,43167,24801
2639,-2480,43168,24802
2640,-2480,43169,24803
2641,-2481,43170,24811
2642,-2481,43171,24812
2643,-2481,43172,24813
2644,-2482,43173,24821
2645,-2482,43174,24822
2646,-2482,43175,24823
2647,-2483,43176,24831
2648,-2483,43177,24832
2649,-2483,43178,24833
2650,-2484,43179,24841
2651,-2484,43180,24842
2652,-2484,43181,24843
2653,-2485,43182,24851
2654,-2485,43183,24852
2655,-2485,43184,24853
2656,-2486,43185,24861
2657,-2486,43186,24862
2658,-2486,43187,24863
2659,-2487,43188,24871
2660,-2487,43189,24872
2661,-2487,43190,24873
2662,-2488,43191,24881
2663,-2488,43192,24882
2664,-2488,43193,24883
2665,-2489,43194,24891
2666,-2489,43195,24892
2667,-2489,43196,24893
2668,-2490,43197,24901
2669,-2490,43198,24902
2670,-2490,43199,24903
2671,-2491,43200,24911
2672,-2491,43201,24912
2673,-2491,43202,24913
2674,-2769,43757,27691
2675,-2769,43758,27692
2676,-2769,43759,27693
2677,-2770,43760,27701
2678,-2770,43761,27702
2679,-2770,43762,27703
2680,-2771,43763,27711
2681,-2771,43764,27712
2682,-2771,43765,27713
2683,-2772,43766,27721
2684,-2772,43767,27722
2685,-2772,43768,27723
2686,-2773,43769,27731
2687,-2773,43770,27732
2688,-2773,43771,27733
2689,-2774,43772,27741
2690,-2774,43773,27742
2691,-2774,43774,27743
2692,-2775,43775,27751
2693,-2775,43776,27752
2694,-2775,43777,27753
2695,-2776,43778,27761
2696,-2776,43779,27762
2697,-2776,43780,27763
2698,-2777,43781,27771
2699,-2777,43782,27772
2700,-2777,43783,27773
2701,-2778,43784,27781
2702,-2778,43785,27782
2703,-2778,43786,27783
2704,-2779,43787,27791
2705,-2779,43788,27792
2706,-2779,43789,27793
2707,-2780,43790,27801
2708,-2780,43791,27802
2709,-2780,43792,27803
2710,-2781,43793,27811
2711,-2781,43794,27812
2712,-2781,43795,27813
2713,-2782,43796,27821
2714,-2782,43797,27822
2715,-2782,43798,27823
2716,-2783,43799,27831
2717,-2783,43800,27832
2718,-2783,43801,27833
2719,-2784,43802,27841
2720,-2784,43803,27842
2721,-2784,43804,27843
2722,-2785,43805,27851
2723,-2785,43806,27852
2724,-2785,43807,27853
2725,-2786,43808,27861
2726,-2786,43809,27862
2727,-2786,43810,27863
2728,-2787,43811,27871
2729,-2787,43812,27872
2730,-2787,43813,27873
2731,-2788,43814,27881
2732,-2788,43815,27882
2733,-2788,43816,27883
2734,-2789,43817,27891
2735,-2789,43818,27892
2736,-2789,43819,27893
2737,-2790,43820,27901
2738,-2790,43821,27902
2739,-2790,43822,27903
2740,-2791,43823,27911
2741,-2791,43824,27912
2742,-2791,43825,27913
2743,-2792,43826,27921
2744,-2792,43827,27922
2745,-2792,43828,27923
2746,-2793,43829,27931
2747,-2793,43830,27932
2748,-2793,43831,27933
2749,-2794,43832,27941
2750,-2794,43833,27942
2751,-2794,43834,27943
2752,-2795,43835,27951
2753,-2795,43836,27952
2754,-2795,43837,27953
2755,-2796,43838,27961
2756,-2796,43839,27962
2757,-2796,43840,27963
2758,-2797,43841,27971
2759,-2797,43842,27972
2760,-2797,43843,27973
2761,-2798,43844,27981
2762,-2798,43845,27982
2763,-2798,43846,27983
2764,-2799,43847,27991
2765,-2799,43848,27992
2766,-2799,43849,27993
2767,-2800,43850,28001
2768,-2800,43851,28002
2769,-2800,43852,28003
2770,-2801,43853,28011
2771,-2801,43854,28012
2772,-2801,43855,28013
2773,-2802,43856,28021
2774,-2802,43857,28022
2775,-2802,43858,28023
2776,-2803,43859,28031
2777,-2803,43860,28032
2778,-2803,43861,28033
2779,-2804,43862,28041
2780,-2804,43863,28042
2781,-2804,43864,28043
2782,-2805,43865,28051
2783,-2805,43866,28052
2784,-2805,43867,28053
2785,-2806,43868,28061
2786,-2806,43869,28062
2787,-2806,43870,28063
2788,-2807,43871,28071
2789,-2807,43872,28072
2790,-2807,43873,28073
2791,-2808,43874,28081
2792,-2808,43875,28082
2793,-2808,43876,28083
2794,-2809,43877,28091
2795,-2809,43878,28092
2796,-2809,43879,28093
2797,-2810,43880,28101
2798,-2810,43881,28102
2799,-2810,43882,28103
2800,-3138,44537,31381
2801,-3138,44538,31382
2802,-3138,44539,31383
2803,-3139,44540,31391
2804,-3139,44541,31392
2805,-3139,44542,31393
2806,-3140,44543,31401
2807,-3140,44544,31402
2808,-3140,44545,31403
2809,-3141,44546,31411
2810,-3141,44547,31412
2811,-3141,44548,31413
2812,-3142,44549,31421
2813,-3142,44550,31422
2814,-3142,44551,31423
2815,-3143,44552,31431
2816,-3143,44553,31432
2817,-3143,44554,31433
2818,-3144,44555,31441
2819,-3144,44556,31442
2820,-3144,44557,31443
2821,-3145,44558,31451
2822,-3145,44559,31452
2823,-3145,44560,31453
2824,-3146,44561,31461
2825,-3146,44562,31462
2826,-3146,44563,31463
2827,-3147,44564,31471
2828,-3147,44565,31472
2829,-3147,44566,31473
2830,-3148,44567,31481
2831,-3148,44568,31482
2832,-3148,44569,31483
2833,-3149,44570,31491
2834,-3149,44571,31492
2835,-3149,44572,31493
2836,-3150,44573,31501
2837,-3150,44574,31502
2838,-3150,44575,31503
2839,-3151,44576,31511
2840,-3151,44577,31512
2841,-3151,44578,31513
2842,-3152,44579,31521
2843,-3152,44580,31522
2844,-3152,44581,31523
2845,-3153,44582,31531
2846,-3153,44583,31532
2847,-3153,44584,31533
2848,-3154,44585,31541
2849,-3154,44586,31542
2850,-3154,44587,31543
2851,-3155,44588,31551
2852,-3155,44589,31552
2853,-3155,44590,31553
2854,-3156,44591,31561
2855,-3156,44592,31562
2856,-3156,44593,31563
2857,-3157,44594,31571
2858,-3157,44595,31572
2859,-3157,44596,31573
2860,-3158,44597,31581
2861,-3158,44598,31582
2862,-3158,44599,31583
2863,-3159,44600,31591
2864,-3159,44601,31592
2865,-3159,44602,31593
2866,-3160,44603,31601
2867,-3160,44604,31602
2868,-3160,44605,31603
2869,-3161,44606,31611
2870,-3161,44607,31612
2871,-3161,44608,31613
2872,-3162,44609,31621
2873,-3162,44610,31622
2874,-3162,44611,31623
2875,-3163,44612,31631
2876,-3163,44613,31632
2877,-3163,44614,31633
2878,-3164,44615,31641
2879,-3164,44616,31642
2880,-3164,44617,31643
2881,-3165,44618,31651
2882,-3165,44619,31652
2883,-3165,44620,31653
2884,-3166,44621,31661
2885,-3166,44622,31662
2886,-3166,44623,31663
2887,-3167,44624,31671
2888,-3167,44625,31672
2889,-3167,44626,31673
2890,-3168,44627,31681
2891,-3168,44628,31682
2892,-3168,44629,31683
2893,-3169,44630,31691
2894,-3169,44631,31692
2895,-3169,44632,31693
2896,-3170,44633,31701
2897,-3170,44634,31702
2898,-3170,44635,31703
2899,-3171,44636,31711
2900,-3171,44637,31712
2901,-3171,44638,31713
2902,-3172,44639,31721
2903,-3172,44640,31722
2904,-3172,44641,31723
2905,-3173,44642,31731
2906,-3173,44643,31732
2907,-3173,44644,31733
2908,-3174,44645,31741
2909,-3174,44646,31742
2910,-3174,44647,31743
2911,-3175,44648,31751
2912,-3175,44649,31752
2913,-3175,44650,31753
2914,-3176,44651,31761
2915,-3176,44652,31762
2916,-3176,44653,31763
2917,-3177,44654,31771
2918,-3177,44655,31772
2919,-3177,44656,31773
2920,-3178,44657,31781
2921,-3178,44658,31782
2922,-3178,44659,31783
2923,-3179,44660,31791
2924,-3179,44661,31792
2925,-3179,44662,31793
2926,-3180,44663,31801
2927,-3180,44664,31802
2928,-3180,44665,31803
2929,-3181,44666,31811
2930,-3181,44667,31812
2931,-3181,44668,31813
2932,-3182,44669,31821
2933,-3182,44670,31822
2934,-3182,44671,31823
2935,-3183,44672,31831
2936,-3183,44673,31832
2937,-3183,44674,31833
2938,-3184,44675,31841
2939,-3184,44676,31842
2940,-3184,44677,31843
2941,-3245,44798,32451
2942,-3245,44799,32452
2943,-3245,44800,32453
2944,-3246,44801,32461
2945,-3246,44802,32462
2946,-3246,44803,32463
2947,-3247,44804,32471
2948,-3247,44805,32472
2949,-3247,44806,32473
2950,-3248,44807,32481
2951,-3248,44808,32482
2952,-3248,44809,32483
2953,-3249,44810,32491
2954,-3249,44811,32492
2955,-3249,44812,32493
2956,-3250,44813,32501
2957,-3250,44814,32502
2958,-3250,44815,32503
2959,-3251,44816,32511
2960,-3251,44817,32512
2961,-3251,44818,32513
2962,-3252,44819,32521
2963,-3252,44820,32522
2964,-3252,44821,32523
2965,-3253,44822,32531
2966,-3253,44823,32532
2967,-3253,44824,32533
2968,-3254,44825,32541
2969,-3254,44826,32542
2970,-3254,44827,32543
2971,-3255,44828,32551
2972,-3255,44829,32552
2973,-3255,44830,32553
2974,-3256,44831,32561
2975,-3256,44832,32562
2976,-3256,44833,32563
2977,-3257,44834,32571
2978,-3257,44835,32572
2979,-3257,44836,32573
2980,-3258,44837,32581
2981,-3258,44838,32582
2982,-3258,44839,32583
2983,-3259,44840,32591
2984,-3259,44841,32592
2985,-3259,44842,32593
2986,-3260,44843,32601
2987,-3260,44844,32602
2988,-3260,44845,32603
2989,-3261,44846,32611
2990,-3261,44847,32612
2991,-3261,44848,32613
2992,-3262,44849,32621
2993,-3262,44850,32622
2994,-3262,44851,32623
2995,-3263,44852,32631
2996,-3263,44853,32632
2997,-3263,44854,32633
2998,-3264,44855,32641
2999,-3264,44856,32642
3000,-3264,44857,32643
3001,-3265,44858,32651
3002,-3265,44859,32652
3003,-3265,44860,32653
3004,-3266,44861,32661
3005,-3266,44862,32662
3006,-3266,44863,32663
3007,-3267,44864,32671
3008,-3267,44865,32672
3009,-3267,44866,32673
3010,-3268,44867,32681
3011,-3268,44868,32682
3012,-3268,44869,32683
3013,-3269,44870,32691
3014,-3269,44871,32692
3015,-3269,44872,32693
3016,-3270,44873,32701
3017,-3270,44874,32702
3018,-3270,44875,32703
3019,-3271,44876,32711
3020,-3271,44877,32712
3021,-3271,44878,32713
3022,-3272,44879,32721
3023,-3272,44880,32722
3024,-3272,44881,32723
3025,-3273,44882,32731
3026,-3273,44883,32732
3027,-3273,44884,32733
3028,-3274,44885,32741
3029,-3274,44886,32742
3030,-3274,44887,32743
3031,-3275,44888,32751
3032,-3275,44889,32752
3033,-3275,44890,32753
3034,-3276,44891,32761
3035,-3276,44892,32762
3036,-3276,44893,32763
3037,-3277,44894,32771
3038,-3277,44895,32772
3039,-3277,44896,32773
3040,-3278,44897,32781
3041,-3278,44898,32782
3042,-3278,44899,32783
3043,-3279,44900,32791
3044,-3279,44901,32792
3045,-3279,44902,32793
3046,-3280,44903,32801
3047,-3280,44904,32802
3048,-3280,44905,32803
3049,-3281,44906,32811
3050,-3281,44907,32812
3051,-3281,44908,32813
3052,-3282,44909,32821
3053,-3282,44910,32822
3054,-3282,44911,32823
3055,-3283,44912,32831
3056,-3283,44913,32832
3057,-3283,44914,32833
3058,-3284,44915,32841
3059,-3284,44916,32842
3060,-3284,44917,32843
3061,-3285,44918,32851
3062,-3285,44919,32852
3063,-3285,44920,32853
3064,-3286,44921,32861
3065,-3286,44922,32862
3066,-3286,44923,32863
3067,-3287,44924,32871
3068,-3287,44925,32872
3069,-3287,44926,32873
3070,-3288,44927,32881
3071,-3288,44928,32882
3072,-3288,44929,32883
3073,-3289,44930,32891
3074,-3289,44931,32892
3075,-3289,44932,32893
3076,-3290,44933,32901
3077,-3290,44934,32902
3078,-3290,44935,32903
3079,-3291,44936,32911
3080,-3291,44937,32912
3081,-3291,44938,32913
3082,-3292,44939,32921
3083,-3292,44940,32922
3084,-3292,44941,32923
3085,-3293,44942,32931
3086,-3293,44943,32932
3087,-3293,44944,32933
3088,-3294,44945,32941
3089,-3294,44946,32942
3090,-3294,44947,32943
3091,-3295,44948,32951
3092,-3295,44949,32952
3093,-3295,44950,32953
3094,-3296,44951,32961
3095,-3296,44952,32962
3096,-3296,44953,32963
3097,-3297,44954,32971
3098,-3297,44955,32972
3099,-3297,44956,32973
3100,-3298,44957,32981
3101,-3298,44958,32982
3102,-3298,44959,32983
3103,-3299,44960,32991
3104,-3299,44961,32992
3105,-3299,44962,32993
3106,-3300,44963,33001
3107,-3300,44964,33002
3108,-3300,44965,33003
3109,-3301,44966,33011
3110,-3301,44967,33012
3111,-3301,44968,33013
3112,-3302,44969,33021
3113,-3302,44970,33022
3114,-3302,44971,33023
3115,-3303,44972,33031
3116,-3303,44973,33032
3117,-3303,44974,33033
3118,-3304,44975,33041
3119,-3304,44976,33042
3120,-3304,44977,33043
3121,-3305,44978,33051
3122,-3305,44979,33052
3123,-3305,44980,33053
3124,-3306,44981,33061
3125,-3306,44982,33062
3126,-3306,44983,33063
3127,-3307,44984,33071
3128,-3307,44985,33072
3129,-3307,44986,33073
3130,-3308,44987,33081
3131,-3308,44988,33082
3132,-3308,44989,33083
3133,-3309,44990,33091
3134,-3309,44991,33092
3135,-3309,44992,33093
3136,-3310,44993,33101
3137,-3310,44994,33102
3138,-3310,44995,33103
3139,-3311,44996,33111
3140,-3311,44997,33112
3141,-3311,44998,33113
3142,-3312,44999,33121
3143,-3312,45000,33122
3144,-3312,45001,33123
3145,-3313,45002,33131
3146,-3313,45003,33132
3147,-3313,45004,33133
3148,-3314,45005,33141
3149,-3314,45006,33142
3150,-3314,45007,33143
3151,-3838,46054,38381
3152,-3838,46055,38382
3153,-3838,46056,38383
3154,-3839,46057,38391
3155,-3839,46058,38392
3156,-3839,46059,38393
3157,-3840,46060,38401
3158,-3840,46061,38402
3159,-3840,46062,38403
3160,-3841,46063,38411
3161,-3841,46064,38412
3162,-3841,46065,38413
3163,-3842,46066,38421
3164,-3842,46067,38422
3165,-3842,46068,38423
3166,-3843,46069,38431
3167,-3843,46070,38432
3168,-3843,46071,38433
3169,-3844,46072,38441
3170,-3844,46073,38442
3171,-3844,46074,38443
3172,-3845,46075,38451
3173,-3845,46076,38452
3174,-3845,46077,38453
3175,-3846,46078,38461
3176,-3846,46079,38462
3177,-3846,46080,38463
3178,-3847,46081,38471
3179,-3847,46082,38472
3180,-3847,46083,38473
3181,-3848,46084,38481
3182,-3848,46085,38482
3183,-3848,46086,38483
3184,-3849,46087,38491
3185,-3849,46088,38492
3186,-3849,46089,38493
3187,-3850,46090,38501
3188,-3850,46091,38502
3189,-3850,46092,38503
3190,-3851,46093,38511
3191,-3851,46094,38512
3192,-3851,46095,38513
3193,-3852,46096,38521
3194,-3852,46097,38522
3195,-3852,46098,38523
3196,-3853,46099,38531
3197,-3853,46100,38532
3198,-3853,46101,38533
3199,-3854,46102,38541
3200,-3854,46103,38542
3201,-3854,46104,38543
3202,-3855,46105,38551
3203,-3855,46106,38552
3204,-3855,46107,38553
3205,-3856,46108,38561
3206,-3856,46109,38562
3207,-3856,46110,38563
3208,-3857,46111,38571
3209,-3857,46112,38572
3210,-3857,46113,38573
3211,-3858,46114,38581
3212,-3858,46115,38582
3213,-3858,46116,38583
3214,-3859,46117,38591
3215,-3859,46118,38592
3216,-3859,46119,38593
3217,-3860,46120,38601
3218,-3860,46121,38602
3219,-3860,46122,38603
3220,-3861,46123,38611
3221,-3861,46124,38612
3222,-3861,46125,38613
3223,-3862,46126,38621
3224,-3862,46127,38622
3225,-3862,46128,38623
3226,-3863,46129,38631
3227,-3863,46130,38632
3228,-3863,46131,38633
3229,-3864,46132,38641
3230,-3864,46133,38642
3231,-3864,46134,38643
3232,-3865,46135,38651
3233,-3865,46136,38652
3234,-3865,46137,38653
3235,-3866,46138,38661
3236,-3866,46139,38662
3237,-3866,46140,38663
3238,-3867,46141,38671
3239,-3867,46142,38672
3240,-3867,46143,38673
3241,-3868,46144,38681
3242,-3868,46145,38682
3243,-3868,46146,38683
3244,-3869,46147,38691
3245,-3869,46148,38692
3246,-3869,46149,38693
3247,-3870,46150,38701
3248,-3870,46151,38702
3249,-3870,46152,38703
3250,-3871,46153,38711
3251,-3871,46154,38712
3252,-3871,46155,38713
3253,-3872,46156,38721
3254,-3872,46157,38722
3255,-3872,46158,38723
3256,-3873,46159,38731
3257,-3873,46160,38732
3258,-3873,46161,38733
3259,-3874,46162,38741
3260,-3874,46163,38742
3261,-3874,46164,38743
3262,-3875,46165,38751
3263,-3875,46166,38752
3264,-3875,46167,38753
3265,-3876,46168,38761
3266,-3876,46169,38762
3267,-3876,46170,38763
3268,-3877,46171,38771
3269,-3877,46172,38772
3270,-3877,46173,38773
3271,-3878,46174,38781
3272,-3878,46175,38782
3273,-3878,46176,38783
3274,-3879,46177,38791
3275,-3879,46178,38792
3276,-3879,46179,38793
3277,-3880,46180,38801
3278,-3880,46181,38802
3279,-3880,46182,38803
3280,-3881,46183,38811
3281,-3881,46184,38812
3282,-3881,46185,38813
3283,-3882,46186,38821
3284,-3882,46187,38822
3285,-3882,46188,38823
3286,-3883,46189,38831
3287,-3883,46190,38832
3288,-3883,46191,38833
3289,-3884,46192,38841
3290,-3884,46193,38842
3291,-3884,46194,38843
3292,-3885,46195,38851
3293,-3885,46196,38852
3294,-3885,46197,38853
3295,-3886,46198,38861
3296,-3886,46199,38862
3297,-3886,46200,38863
3298,-3887,46201,38871
3299,-3887,46202,38872
3300,-3887,46203,38873
3301,-3933,46294,39331
3302,-3933,46295,39332
3303,-3933,46296,39333
3304,-3934,46297,39341
3305,-3934,46298,39342
3306,-3934,46299,39343
3307,-3935,46300,39351
3308,-3935,46301,39352
3309,-3935,46302,39353
3310,-3936,46303,39361
3311,-3936,46304,39362
3312,-3936,46305,39363
3313,-3937,46306,39371
3314,-3937,46307,39372
3315,-3937,46308,39373
3316,-3938,46309,39381
3317,-3938,46310,39382
3318,-3938,46311,39383
3319,-3939,46312,39391
3320,-3939,46313,39392
3321,-3939,46314,39393
3322,-3940,46315,39401
3323,-3940,46316,39402
3324,-3940,46317,39403
3325,-3941,46318,39411
3326,-3941,46319,39412
3327,-3941,46320,39413
3328,-3942,46321,39421
3329,-3942,46322,39422
3330,-3942,46323,39423
3331,-3943,46324,39431
3332,-3943,46325,39432
3333,-3943,46326,39433
3334,-3944,46327,39441
3335,-3944,46328,39442
3336,-3944,46329,39443
3337,-3945,46330,39451
3338,-3945,46331,39452
3339,-3945,46332,39453
3340,-3946,46333,39461
3341,-3946,46334,39462
3342,-3946,46335,39463
3343,-3947,46336,39471
3344,-3947,46337,39472
3345,-3947,46338,39473
3346,-3948,46339,39481
3347,-3948,46340,39482
3348,-3948,46341,39483
3349,-3949,46342,39491
3350,-3949,46343,39492
3351,-3949,46344,39493
3352,-3950,46345,39501
3353,-3950,46346,39502
3354,-3950,46347,39503
3355,-3951,46348,39511
3356,-3951,46349,39512
3357,-3951,46350,39513
3358,-3952,46351,39521
3359,-3952,46352,39522
3360,-3952,46353,39523
3361,-3953,46354,39531
3362,-3953,46355,39532
3363,-3953,46356,39533
3364,-3954,46357,39541
3365,-3954,46358,39542
3366,-3954,46359,39543
3367,-3955,46360,39551
3368,-3955,46361,39552
3369,-3955,46362,39553
3370,-3956,46363,39561
3371,-3956,46364,39562
3372,-3956,46365,39563
3373,-3957,46366,39571
3374,-3957,46367,39572
3375,-3957,46368,39573
3376,-3958,46369,39581
3377,-3958,46370,39582
3378,-3958,46371,39583
3379,-3959,46372,39591
3380,-3959,46373,39592
3381,-3959,46374,39593
3382,-3960,46375,39601
3383,-3960,46376,39602
3384,-3960,46377,39603
3385,-3961,46378,39611
3386,-3961,46379,39612
3387,-3961,46380,39613
3388,-3962,46381,39621
3389,-3962,46382,39622
3390,-3962,46383,39623
3391,-3995,46448,39951
3392,-3995,46449,39952
3393,-3995,46450,39953
3394,-3996,46451,39961
3395,-3996,46452,39962
3396,-3996,46453,39963
3397,-3997,46454,39971
3398,-3997,46455,39972
3399,-3997,46456,39973
3400,-3998,46457,39981
3401,-3998,46458,39982
3402,-3998,46459,39983
3403,-3999,46460,39991
3404,-3999,46461,39992
3405,-3999,46462,39993
3406,-4000,46463,40001
3407,-4000,46464,40002
3408,-4000,46465,40003
3409,-4001,46466,40011
3410,-4001,46467,40012
3411,-4001,46468,40013
3412,-4002,46469,40021
3413,-4002,46470,40022
3414,-4002,46471,40023
3415,-4003,46472,40031
3416,-4003,46473,40032
3417,-4003,46474,40033
3418,-4004,46475,40041
3419,-4004,46476,40042
3420,-4004,46477,40043
3421,-4005,46478,40051
3422,-4005,46479,40052
3423,-4005,46480,40053
3424,-4006,46481,40061
3425,-4006,46482,40062
3426,-4006,46483,40063
3427,-4007,46484,40071
3428,-4007,46485,40072
3429,-4007,46486,40073
3430,-4008,46487,40081
3431,-4008,46488,40082
3432,-4008,46489,40083
3433,-4009,46490,40091
3434,-4009,46491,40092
3435,-4009,46492,40093
3436,-4010,46493,40101
3437,-4010,46494,40102
3438,-4010,46495,40103
3439,-4052,46578,40521
3440,-4052,46579,40522
3441,-4052,46580,40523
3442,-4053,46581,40531
3443,-4053,46582,40532
3444,-4053,46583,40533
3445,-4054,46584,40541
3446,-4054,46585,40542
3447,-4054,46586,40543
3448,-4055,46587,40551
3449,-4055,46588,40552
3450,-4055,46589,40553
3451,-4056,46590,40561
3452,-4056,46591,40562
3453,-4056,46592,40563
3454,-4057,46593,40571
3455,-4057,46594,40572
3456,-4057,46595,40573
3457,-4058,46596,40581
3458,-4058,46597,40582
3459,-4058,46598,40583
3460,-4059,46599,40591
3461,-4059,46600,40592
3462,-4059,46601,40593
3463,-4060,46602,40601
3464,-4060,46603,40602
3465,-4060,46604,40603
3466,-4061,46605,40611
3467,-4061,46606,40612
3468,-4061,46607,40613
3469,-4062,46608,40621
3470,-4062,46609,40622
3471,-4062,46610,40623
3472,-4063,46611,40631
3473,-4063,46612,40632
3474,-4063,46613,40633
3475,-4064,46614,40641
3476,-4064,46615,40642
3477,-4064,46616,40643
3478,-4065,46617,40651
3479,-4065,46618,40652
3480,-4065,46619,40653
3481,-4066,46620,40661
3482,-4066,46621,40662
3483,-4066,46622,40663
3484,-4067,46623,40671
3485,-4067,46624,40672
3486,-4067,46625,40673
3487,-4068,46626,40681
3488,-4068,46627,40682
3489,-4068,46628,40683
3490,-4069,46629,40691
3491,-4069,46630,40692
3492,-4069,46631,40693
3493,-4070,46632,40701
3494,-4070,46633,40702
3495,-4070,46634,40703
3496,-4071,46635,40711
3497,-4071,46636,40712
3498,-4071,46637,40713
3499,-4072,46638,40721
3500,-4072,46639,40722
3501,-4072,46640,40723
3502,-4073,46641,40731
3503,-4073,46642,40732
3504,-4073,46643,40733
3505,-4074,46644,40741
3506,-4074,46645,40742
3507,-4074,46646,40743
3508,-4075,46647,40751
3509,-4075,46648,40752
3510,-4075,46649,40753
3511,-4076,46650,40761
3512,-4076,46651,40762
3513,-4076,46652,40763
3514,-4077,46653,40771
3515,-4077,46654,40772
3516,-4077,46655,40773
3517,-4078,46656,40781
3518,-4078,46657,40782
3519,-4078,46658,40783
3520,-4079,46659,40791
3521,-4079,46660,40792
3522,-4079,46661,40793
3523,-4080,46662,40801
3524,-4080,46663,40802
3525,-4080,46664,40803
3526,-4081,46665,40811
3527,-4081,46666,40812
3528,-4081,46667,40813
3529,-4095,46694,40951
3530,-4095,46695,40952
3531,-4095,46696,40953
3532,-4096,46697,40961
3533,-4096,46698,40962
3534,-4096,46699,40963
3535,-4097,46700,40971
3536,-4097,46701,40972
3537,-4097,46702,40973
3538,-4098,46703,40981
3539,-4098,46704,40982
3540,-4098,46705,40983
3541,-4099,46706,40991
3542,-4099,46707,40992
3543,-4099,46708,40993
3544,-4100,46709,41001
3545,-4100,46710,41002
3546,-4100,46711,41003
3547,-4101,46712,41011
3548,-4101,46713,41012
3549,-4101,46714,41013
3550,-4102,46715,41021
3551,-4102,46716,41022
3552,-4102,46717,41023
3553,-4103,46718,41031
3554,-4103,46719,41032
3555,-4103,46720,41033
3556,-4104,46721,41041
3557,-4104,46722,41042
3558,-4104,46723,41043
3559,-4105,46724,41051
3560,-4105,46725,41052
3561,-4105,46726,41053
3562,-4106,46727,41061
3563,-4106,46728,41062
3564,-4106,46729,41063
3565,-4107,46730,41071
3566,-4107,46731,41072
3567,-4107,46732,41073
3568,-4108,46733,41081
3569,-4108,46734,41082
3570,-4108,46735,41083
3571,-4109,46736,41091
3572,-4109,46737,41092
3573,-4109,46738,41093
3574,-4110,46739,41101
3575,-4110,46740,41102
3576,-4110,46741,41103
3577,-4111,46742,41111
3578,-4111,46743,41112
3579,-4111,46744,41113
3580,-4112,46745,41121
3581,-4112,46746,41122
3582,-4112,46747,41123
3583,-4113,46748,41131
3584,-4113,46749,41132
3585,-4113,46750,41133
3586,-4114,46751,41141
3587,-4114,46752,41142
3588,-4114,46753,41143
3589,-4115,46754,41151
3590,-4115,46755,41152
3591,-4115,46756,41153
3592,-4116,46757,41161
3593,-4116,46758,41162
3594,-4116,46759,41163
3595,-4117,46760,41171
3596,-4117,46761,41172
3597,-4117,46762,41173
3598,-4118,46763,41181
3599,-4118,46764,41182
3600,-4118,46765,41183
3601,-4119,46766,41191
3602,-4119,46767,41192
3603,-4119,46768,41193
3604,-4120,46769,41201
3605,-4120,46770,41202
3606,-4120,46771,41203
3607,-4121,46772,41211
3608,-4121,46773,41212
3609,-4121,46774,41213
3610,-4122,46775,41221
3611,-4122,46776,41222
3612,-4122,46777,41223
3613,-4123,46778,41231
3614,-4123,46779,41232
3615,-4123,46780,41233
3616,-4124,46781,41241
3617,-4124,46782,41242
3618,-4124,46783,41243
3619,-4125,46784,41251
3620,-4125,46785,41252
3621,-4125,46786,41253
3622,-4126,46787,41261
3623,-4126,46788,41262
3624,-4126,46789,41263
3625,-4127,46790,41271
3626,-4127,46791,41272
3627,-4127,46792,41273
3628,-4128,46793,41281
3629,-4128,46794,41282
3630,-4128,46795,41283
3631,-4129,46796,41291
3632,-4129,46797,41292
3633,-4129,46798,41293
3634,-4130,46799,41301
3635,-4130,46800,41302
3636,-4130,46801,41303
3637,-4131,46802,41311
3638,-4131,46803,41312
3639,-4131,46804,41313
3640,-4132,46805,41321
3641,-4132,46806,41322
3642,-4132,46807,41323
3643,-4133,46808,41331
3644,-4133,46809,41332
3645,-4133,46810,41333
3646,-4134,46811,41341
3647,-4134,46812,41342
3648,-4134,46813,41343
3649,-4135,46814,41351
3650,-4135,46815,41352
3651,-4135,46816,41353
3652,-4136,46817,41361
3653,-4136,46818,41362
3654,-4136,46819,41363
3655,-4137,46820,41371
3656,-4137,46821,41372
3657,-4137,46822,41373
3658,-4138,46823,41381
3659,-4138,46824,41382
3660,-4138,46825,41383
3661,-4294,47134,42941
3662,-4294,47136,42942
3663,-4294,47135,42943
3664,-4295,47137,42951
3665,-4295,47139,42952
3666,-4295,47138,42953
3667,-4311,47170,43111
3668,-4311,47172,43112
3669,-4311,47171,43113
3670,-4312,47173,43121
3671,-4312,47175,43122
3672,-4312,47174,43123
3673,-4328,47206,43281
3674,-4328,47208,43282
3675,-4328,47207,43283
3676,-4329,47209,43291
3677,-4329,47211,43292
3678,-4329,47210,43293
3679,-4345,47242,43451
3680,-4345,47244,43452
3681,-4345,47243,43453
3682,-4346,47245,43461
3683,-4346,47247,43462
3684,-4346,47246,43463
3685,-4362,47278,43621
3686,-4362,47280,43622
3687,-4362,47279,43623
3688,-4363,47281,43631
3689,-4363,47283,43632
3690,-4363,47282,43633
3691,-4379,47314,43791
3692,-4379,47316,43792
3693,-4379,47315,43793
3694,-4380,47317,43801
3695,-4380,47319,43802
3696,-4380,47318,43803
3697,-4402,47362,44021
3698,-4402,47364,44022
3699,-4402,47363,44023
3700,-4403,47365,44031
3701,-4403,47367,44032
3702,-4403,47366,44033
3703,-4419,47398,44191
3704,-4419,47400,44192
3705,-4419,47399,44193
3706,-4420,47401,44201
3707,-4420,47403,44202
3708,-4420,47402,44203
3709,-4436,47434,44361
3710,-4436,47436,44362
3711,-4436,47435,44363
3712,-4437,47437,44371
3713,-4437,47439,44372
3714,-4437,47438,44373
3715,-4453,26752,44531
3716,-4453,26762,44532
3717,-4453,26764,44533
3718,-4454,26754,44541
3719,-4454,26763,44542
3720,-4454,26765,44543
3721,-4455,2067,44551
3722,-4455,26783,44552
3723,-4455,27982,44553
